{
    "usedGridSearch": true, 
    "probaAware": true, 
    "gridSize": 5, 
    "modelInputNRows": 79912, 
    "modelInputNCols": 304, 
    "modelInputMemory": 194345984, 
    "gridCells": [
        {
            "score": 0.8749386685563023, 
            "params": {
                "penalty": "l2", 
                "C": 0.01
            }
        }, 
        {
            "score": 0.9091606981455619, 
            "params": {
                "penalty": "l2", 
                "C": 0.1
            }
        }, 
        {
            "score": 0.9157232140884741, 
            "params": {
                "penalty": "l2", 
                "C": 1.0
            }
        }, 
        {
            "score": 0.9167638442301584, 
            "params": {
                "penalty": "l2", 
                "C": 10.0
            }
        }, 
        {
            "score": 0.9169765929340479, 
            "params": {
                "penalty": "l2", 
                "C": 100.0
            }
        }
    ], 
    "gridBestScore": 0.9169765929340479, 
    "modelInputIsSparse": false
}