{
  "state": "DONE",
  "preSearchDescription": {
    "gridLength": 5,
    "importantParams": [
      {
        "name": "penalty",
        "vals": [
          "l2"
        ]
      },
      {
        "name": "C",
        "vals": [
          "0.01",
          "0.1",
          "1.0",
          "10.0",
          "100.0"
        ]
      }
    ]
  },
  "postSearchDescription": {
    "importantParams": [
      {
        "name": "C",
        "val": "100.0"
      },
      {
        "name": "penalty",
        "val": "l2"
      }
    ]
  },
  "modelId": "m1",
  "progress": {
    "top_level_todo": [],
    "stack": [],
    "top_level_done": [
      {
        "name": "Loading train set",
        "time": 239
      },
      {
        "name": "Loading test set",
        "time": 168
      },
      {
        "name": "Collecting statistics",
        "time": 233
      },
      {
        "name": "Preprocessing train set",
        "time": 1119
      },
      {
        "name": "Preprocessing test set",
        "time": 448
      },
      {
        "name": "Fitting model",
        "time": 104952
      },
      {
        "name": "Saving model",
        "time": 15
      },
      {
        "name": "Scoring model",
        "time": 2106
      }
    ]
  },
  "startTime": 1493379883047,
  "endTime": 1493379992379,
  "preprocessingTime": 2258,
  "trainingTime": 107074
}