{
    "per_feature": {
        "volume_avg": {
            "stats": {
                "std": 21.612275021790417, 
                "p99": 82.86399999993947, 
                "min": 1.0, 
                "max": 412.25, 
                "average": 8.846336448739521, 
                "median": 3.0
            }, 
            "missing_impute_with_value": 8.846336448739521
        }, 
        "volume_distinct": {
            "stats": {
                "std": 1.5411643083050528, 
                "p99": 8.0, 
                "min": 1.0, 
                "max": 15.0, 
                "average": 2.2003716844061496, 
                "median": 2.0
            }, 
            "missing_impute_with_value": 2.2003716844061496
        }, 
        "severity_type": {
            "stats": {
                "std": 0.7561660602497585, 
                "p99": 4.0, 
                "min": 1.0, 
                "max": 5.0, 
                "average": 1.652644027707383, 
                "median": 2.0
            }, 
            "missing_impute_with_value": 1.652644027707383
        }, 
        "location": {
            "stats": {
                "std": 319.11639148199134, 
                "p99": 1109.0, 
                "min": 1.0, 
                "max": 1126.0, 
                "average": 627.7383003885792, 
                "median": 666.0
            }, 
            "missing_impute_with_value": 627.7383003885792
        }, 
        "volume_max": {
            "stats": {
                "std": 37.43878016539274, 
                "p99": 171.8199999999997, 
                "min": 1.0, 
                "max": 877.0, 
                "average": 14.911133637438757, 
                "median": 4.0
            }, 
            "missing_impute_with_value": 14.911133637438757
        }, 
        "resource_type_avg": {
            "stats": {
                "std": 2.8536980274691133, 
                "p99": 8.0, 
                "min": 1.5, 
                "max": 10.0, 
                "average": 5.1509179478477805, 
                "median": 6.0
            }, 
            "missing_impute_with_value": 5.1509179478477805
        }, 
        "event_type_min": {
            "stats": {
                "std": 11.21943066592717, 
                "p99": 42.0, 
                "min": 1.0, 
                "max": 54.0, 
                "average": 21.01334684912992, 
                "median": 15.0
            }, 
            "missing_impute_with_value": 21.01334684912992
        }, 
        "volume_sum": {
            "stats": {
                "std": 80.04651519066611, 
                "p99": 417.6399999999994, 
                "min": 1.0, 
                "max": 1649.0, 
                "average": 32.114715323534384, 
                "median": 8.0
            }, 
            "missing_impute_with_value": 32.114715323534384
        }, 
        "volume_min": {
            "stats": {
                "std": 14.933045530823648, 
                "p99": 48.81999999999971, 
                "min": 1.0, 
                "max": 354.0, 
                "average": 4.696401419158642, 
                "median": 1.0
            }, 
            "missing_impute_with_value": 4.696401419158642
        }, 
        "volumes_15": {
            "stats": {}
        }, 
        "volumes_14": {
            "stats": {}
        }, 
        "volumes_17": {
            "stats": {}
        }, 
        "volumes_16": {
            "stats": {}
        }, 
        "volumes_11": {
            "stats": {}
        }, 
        "volumes_10": {
            "stats": {}
        }, 
        "volumes_13": {
            "stats": {}
        }, 
        "volumes_12": {
            "stats": {}
        }, 
        "volumes_19": {
            "stats": {}
        }, 
        "volumes_18": {
            "stats": {}
        }, 
        "log_features_13": {
            "stats": {}
        }, 
        "event_type_distinct": {
            "stats": {
                "std": 0.7339659467078006, 
                "p99": 4.0, 
                "min": 1.0, 
                "max": 9.0, 
                "average": 1.6935293123838486, 
                "median": 2.0
            }, 
            "missing_impute_with_value": 1.6935293123838486
        }, 
        "row_number": {
            "stats": {}
        }, 
        "log_features_9": {
            "stats": {}
        }, 
        "log_features_8": {
            "stats": {}
        }, 
        "log_features_3": {
            "stats": {
                "std": 89.26489552166522, 
                "p99": NaN, 
                "min": 2.0, 
                "max": 376.0, 
                "average": 226.12851023322227, 
                "median": 232.0
            }, 
            "missing_impute_with_value": 226.12851023322227
        }, 
        "log_features_2": {
            "stats": {
                "std": 91.47126372838233, 
                "p99": NaN, 
                "min": 2.0, 
                "max": 377.0, 
                "average": 216.41700705532864, 
                "median": 232.0
            }, 
            "missing_impute_with_value": 216.41700705532864
        }, 
        "log_features_1": {
            "stats": {
                "std": 92.40971924465568, 
                "p99": NaN, 
                "min": 1.0, 
                "max": 383.0, 
                "average": 199.5629860031104, 
                "median": 203.0
            }, 
            "missing_impute_with_value": 199.5629860031104
        }, 
        "log_features_0": {
            "stats": {
                "std": 95.24641368914098, 
                "p99": 370.0, 
                "min": 1.0, 
                "max": 384.0, 
                "average": 192.38976178408515, 
                "median": 203.0
            }, 
            "missing_impute_with_value": 192.38976178408515
        }, 
        "log_features_7": {
            "stats": {
                "std": 78.13119572378277, 
                "p99": NaN, 
                "min": 8.0, 
                "max": 376.0, 
                "average": 245.45569620253164, 
                "median": 235.0
            }, 
            "missing_impute_with_value": 245.45569620253164
        }, 
        "log_features_6": {
            "stats": {
                "std": 78.14801495849645, 
                "p99": NaN, 
                "min": 8.0, 
                "max": 378.0, 
                "average": 249.39529411764707, 
                "median": 234.0
            }, 
            "missing_impute_with_value": 249.39529411764707
        }, 
        "log_features_5": {
            "stats": {
                "std": 80.97445898902086, 
                "p99": NaN, 
                "min": 8.0, 
                "max": 378.0, 
                "average": 246.15958668197473, 
                "median": 235.0
            }, 
            "missing_impute_with_value": 246.15958668197473
        }, 
        "log_features_4": {
            "stats": {
                "std": 82.7165211955635, 
                "p99": NaN, 
                "min": 10.0, 
                "max": 383.0, 
                "average": 241.2674825174825, 
                "median": 234.0
            }, 
            "missing_impute_with_value": 241.2674825174825
        }, 
        "log_feature_count": {
            "stats": {
                "std": 2.2751878745892213, 
                "p99": 12.0, 
                "min": 1.0, 
                "max": 19.0, 
                "average": 3.2522385538097653, 
                "median": 2.0
            }, 
            "missing_impute_with_value": 3.2522385538097653
        }, 
        "log_feature_sum": {
            "stats": {
                "std": 655.8423136082334, 
                "p99": 3248.5599999999977, 
                "min": 10.0, 
                "max": 5203.0, 
                "average": 686.2522385538098, 
                "median": 543.0
            }, 
            "missing_impute_with_value": 686.2522385538098
        }, 
        "resource_type_distinct": {
            "stats": {
                "std": 0.4459036125900902, 
                "p99": 3.0, 
                "min": 1.0, 
                "max": 5.0, 
                "average": 1.1495184997465788, 
                "median": 1.0
            }, 
            "missing_impute_with_value": 1.1495184997465788
        }, 
        "resource_type_sum": {
            "stats": {
                "std": 4.170707011749536, 
                "p99": 20.0, 
                "min": 2.0, 
                "max": 35.0, 
                "average": 6.046122655854029, 
                "median": 8.0
            }, 
            "missing_impute_with_value": 6.046122655854029
        }, 
        "rank": {
            "stats": {
                "std": 34.89997137976634, 
                "p99": 152.0, 
                "min": 1.0, 
                "max": 183.0, 
                "average": 30.858422030748436, 
                "median": 17.0
            }, 
            "missing_impute_with_value": 30.858422030748436
        }, 
        "event_type_max": {
            "stats": {
                "std": 12.342613493365219, 
                "p99": 54.0, 
                "min": 9.0, 
                "max": 54.0, 
                "average": 24.590978205778004, 
                "median": 20.0
            }, 
            "missing_impute_with_value": 24.590978205778004
        }, 
        "log_feature_max": {
            "stats": {
                "std": 81.63166630797491, 
                "p99": 376.0, 
                "min": 10.0, 
                "max": 384.0, 
                "average": 241.1040716337219, 
                "median": 219.0
            }, 
            "missing_impute_with_value": 241.1040716337219
        }, 
        "log_feature_min": {
            "stats": {
                "std": 86.1212151367414, 
                "p99": 313.0, 
                "min": 1.0, 
                "max": 374.0, 
                "average": 141.7807062003717, 
                "median": 82.0
            }, 
            "missing_impute_with_value": 141.7807062003717
        }, 
        "resource_types_3": {
            "stats": {}
        }, 
        "resource_types_2": {
            "stats": {}
        }, 
        "resource_types_1": {
            "stats": {
                "std": 2.589826750808615, 
                "p99": NaN, 
                "min": 1.0, 
                "max": 10.0, 
                "average": 5.976486860304288, 
                "median": 7.0
            }, 
            "missing_impute_with_value": 5.976486860304288
        }, 
        "resource_types_0": {
            "stats": {
                "std": 2.963013451731081, 
                "p99": 8.0, 
                "min": 1.0, 
                "max": 10.0, 
                "average": 5.150025342118601, 
                "median": 7.0
            }, 
            "missing_impute_with_value": 5.150025342118601
        }, 
        "event_types_10": {
            "stats": {}
        }, 
        "resource_types_4": {
            "stats": {}
        }, 
        "fault_severity": {
            "stats": {}
        }, 
        "resource_type_count": {
            "stats": {
                "std": 0.4459036125900902, 
                "p99": 3.0, 
                "min": 1.0, 
                "max": 5.0, 
                "average": 1.1495184997465788, 
                "median": 1.0
            }, 
            "missing_impute_with_value": 1.1495184997465788
        }, 
        "event_type_count": {
            "stats": {
                "std": 0.7339659467078006, 
                "p99": 4.0, 
                "min": 1.0, 
                "max": 9.0, 
                "average": 1.6935293123838486, 
                "median": 2.0
            }, 
            "missing_impute_with_value": 1.6935293123838486
        }, 
        "log_feature_distinct": {
            "stats": {
                "std": 2.2751878745892213, 
                "p99": 12.0, 
                "min": 1.0, 
                "max": 19.0, 
                "average": 3.2522385538097653, 
                "median": 2.0
            }, 
            "missing_impute_with_value": 3.2522385538097653
        }, 
        "log_features_12": {
            "stats": {}
        }, 
        "log_features_11": {
            "stats": {}
        }, 
        "log_features_10": {
            "stats": {}
        }, 
        "log_features_17": {
            "stats": {}
        }, 
        "log_features_16": {
            "stats": {}
        }, 
        "log_features_15": {
            "stats": {}
        }, 
        "log_features_14": {
            "stats": {}
        }, 
        "log_features_19": {
            "stats": {}
        }, 
        "log_features_18": {
            "stats": {}
        }, 
        "volume_count": {
            "stats": {
                "std": 2.2751878745892213, 
                "p99": 12.0, 
                "min": 1.0, 
                "max": 19.0, 
                "average": 3.2522385538097653, 
                "median": 2.0
            }, 
            "missing_impute_with_value": 3.2522385538097653
        }, 
        "id": {
            "stats": {}
        }, 
        "event_type_sum": {
            "stats": {
                "std": 31.151676257473664, 
                "p99": 129.0, 
                "min": 9.0, 
                "max": 393.0, 
                "average": 42.02399053894239, 
                "median": 30.0
            }, 
            "missing_impute_with_value": 42.02399053894239
        }, 
        "log_feature_avg": {
            "stats": {
                "std": 79.51957557097025, 
                "p99": 344.5, 
                "min": 10.0, 
                "max": 374.0, 
                "average": 192.14097768307298, 
                "median": 175.5
            }, 
            "missing_impute_with_value": 192.14097768307298
        }, 
        "resource_type_max": {
            "stats": {
                "std": 2.986435150936173, 
                "p99": 9.0, 
                "min": 2.0, 
                "max": 10.0, 
                "average": 5.405980739989863, 
                "median": 8.0
            }, 
            "missing_impute_with_value": 5.405980739989863
        }, 
        "resource_type_min": {
            "stats": {
                "std": 2.92758098650438, 
                "p99": 8.0, 
                "min": 1.0, 
                "max": 10.0, 
                "average": 4.891704679844568, 
                "median": 4.0
            }, 
            "missing_impute_with_value": 4.891704679844568
        }, 
        "event_type_avg": {
            "stats": {
                "std": 11.039262982658585, 
                "p99": 46.0, 
                "min": 6.5, 
                "max": 54.0, 
                "average": 22.8068198456601, 
                "median": 18.5
            }, 
            "missing_impute_with_value": 22.8068198456601
        }, 
        "volumes_9": {
            "stats": {}
        }, 
        "volumes_8": {
            "stats": {}
        }, 
        "volumes_5": {
            "stats": {
                "std": 27.23323025496529, 
                "p99": NaN, 
                "min": 1.0, 
                "max": 413.0, 
                "average": 11.623421354764638, 
                "median": 3.0
            }, 
            "missing_impute_with_value": 11.623421354764638
        }, 
        "volumes_4": {
            "stats": {
                "std": 27.390144069880566, 
                "p99": NaN, 
                "min": 1.0, 
                "max": 450.0, 
                "average": 11.047202797202797, 
                "median": 2.0
            }, 
            "missing_impute_with_value": 11.047202797202797
        }, 
        "volumes_7": {
            "stats": {
                "std": 24.565721309415657, 
                "p99": NaN, 
                "min": 1.0, 
                "max": 300.0, 
                "average": 10.41139240506329, 
                "median": 2.0
            }, 
            "missing_impute_with_value": 10.41139240506329
        }, 
        "volumes_6": {
            "stats": {
                "std": 25.74111960703633, 
                "p99": NaN, 
                "min": 1.0, 
                "max": 296.0, 
                "average": 10.868235294117648, 
                "median": 3.0
            }, 
            "missing_impute_with_value": 10.868235294117648
        }, 
        "volumes_1": {
            "stats": {
                "std": 27.74244988820826, 
                "p99": NaN, 
                "min": 1.0, 
                "max": 877.0, 
                "average": 9.737169517884915, 
                "median": 2.0
            }, 
            "missing_impute_with_value": 9.737169517884915
        }, 
        "volumes_0": {
            "stats": {
                "std": 24.38626415509486, 
                "p99": 100.81999999999971, 
                "min": 1.0, 
                "max": 636.0, 
                "average": 8.723264064875824, 
                "median": 2.0
            }, 
            "missing_impute_with_value": 8.723264064875824
        }, 
        "volumes_3": {
            "stats": {
                "std": 30.890579126780413, 
                "p99": NaN, 
                "min": 1.0, 
                "max": 662.0, 
                "average": 10.181818181818182, 
                "median": 2.0
            }, 
            "missing_impute_with_value": 10.181818181818182
        }, 
        "volumes_2": {
            "stats": {
                "std": 27.71463100401393, 
                "p99": NaN, 
                "min": 1.0, 
                "max": 574.0, 
                "average": 9.815447456368362, 
                "median": 2.0
            }, 
            "missing_impute_with_value": 9.815447456368362
        }, 
        "event_types_2": {
            "stats": {
                "std": 13.896596797133673, 
                "p99": NaN, 
                "min": 1.0, 
                "max": 54.0, 
                "average": 27.00709219858156, 
                "median": 23.0
            }, 
            "missing_impute_with_value": 27.00709219858156
        }, 
        "event_types_3": {
            "stats": {}
        }, 
        "event_types_0": {
            "stats": {
                "std": 11.819407474424061, 
                "p99": 54.0, 
                "min": 2.0, 
                "max": 54.0, 
                "average": 22.822774117249537, 
                "median": 15.0
            }, 
            "missing_impute_with_value": 22.822774117249537
        }, 
        "event_types_1": {
            "stats": {
                "std": 11.390658933482825, 
                "p99": NaN, 
                "min": 2.0, 
                "max": 54.0, 
                "average": 27.839301568511395, 
                "median": 34.0
            }, 
            "missing_impute_with_value": 27.839301568511395
        }, 
        "event_types_6": {
            "stats": {}
        }, 
        "event_types_7": {
            "stats": {}
        }, 
        "event_types_4": {
            "stats": {}
        }, 
        "event_types_5": {
            "stats": {}
        }, 
        "event_types_8": {
            "stats": {}
        }, 
        "event_types_9": {
            "stats": {}
        }
    }, 
    "feature_order": [
        "volume_avg", 
        "volume_distinct", 
        "severity_type", 
        "location", 
        "volume_max", 
        "resource_type_avg", 
        "event_type_min", 
        "volume_sum", 
        "volume_min", 
        "volumes_15", 
        "volumes_14", 
        "volumes_17", 
        "volumes_16", 
        "volumes_11", 
        "volumes_10", 
        "volumes_13", 
        "volumes_12", 
        "volumes_19", 
        "volumes_18", 
        "log_features_13", 
        "event_type_distinct", 
        "row_number", 
        "log_features_9", 
        "log_features_8", 
        "log_features_3", 
        "log_features_2", 
        "log_features_1", 
        "log_features_0", 
        "log_features_7", 
        "log_features_6", 
        "log_features_5", 
        "log_features_4", 
        "log_feature_count", 
        "log_feature_sum", 
        "resource_type_distinct", 
        "resource_type_sum", 
        "rank", 
        "event_type_max", 
        "log_feature_max", 
        "log_feature_min", 
        "resource_types_3", 
        "resource_types_2", 
        "resource_types_1", 
        "resource_types_0", 
        "event_types_10", 
        "resource_types_4", 
        "fault_severity", 
        "resource_type_count", 
        "event_type_count", 
        "log_feature_distinct", 
        "log_features_12", 
        "log_features_11", 
        "log_features_10", 
        "log_features_17", 
        "log_features_16", 
        "log_features_15", 
        "log_features_14", 
        "log_features_19", 
        "log_features_18", 
        "volume_count", 
        "id", 
        "event_type_sum", 
        "log_feature_avg", 
        "resource_type_max", 
        "resource_type_min", 
        "event_type_avg", 
        "volumes_9", 
        "volumes_8", 
        "volumes_5", 
        "volumes_4", 
        "volumes_7", 
        "volumes_6", 
        "volumes_1", 
        "volumes_0", 
        "volumes_3", 
        "volumes_2", 
        "event_types_2", 
        "event_types_3", 
        "event_types_0", 
        "event_types_1", 
        "event_types_6", 
        "event_types_7", 
        "event_types_4", 
        "event_types_5", 
        "event_types_8", 
        "event_types_9"
    ]
}