{
  "trainedWithDSSVersion": "4.0.1",
  "isValid": true,
  "type": "MULTICLASS_PROBABILISTIC",
  "algorithm_name": "FOREST_CLASSIFIER",
  "columns": [
    "event_type_avg",
    "event_type_count",
    "event_type_distinct",
    "event_type_max",
    "event_type_min",
    "event_type_sum",
    "event_types_0",
    "event_types_1",
    "event_types_2",
    "location",
    "log_feature_avg",
    "log_feature_count",
    "log_feature_distinct",
    "log_feature_max",
    "log_feature_min",
    "log_feature_sum",
    "log_features_0",
    "log_features_1",
    "log_features_2",
    "log_features_3",
    "log_features_4",
    "log_features_5",
    "log_features_6",
    "log_features_7",
    "rank",
    "resource_type_avg",
    "resource_type_count",
    "resource_type_distinct",
    "resource_type_max",
    "resource_type_min",
    "resource_type_sum",
    "resource_types_0",
    "resource_types_1",
    "severity_type",
    "volume_avg",
    "volume_count",
    "volume_distinct",
    "volume_max",
    "volume_min",
    "volume_sum",
    "volumes_0",
    "volumes_1",
    "volumes_2",
    "volumes_3",
    "volumes_4",
    "volumes_5",
    "volumes_6",
    "volumes_7"
  ],
  "classes": [
    "0",
    "2",
    "1"
  ]
}