{
    "usedGridSearch": true, 
    "probaAware": true, 
    "gridSize": 12, 
    "rawImportance": {
        "variables": [
            "event_type_avg", 
            "event_type_count", 
            "event_type_distinct", 
            "event_type_max", 
            "event_type_min", 
            "event_type_sum", 
            "event_types_0", 
            "event_types_1", 
            "event_types_2", 
            "location", 
            "log_feature_avg", 
            "log_feature_count", 
            "log_feature_distinct", 
            "log_feature_max", 
            "log_feature_min", 
            "log_feature_sum", 
            "log_features_0", 
            "log_features_1", 
            "log_features_2", 
            "log_features_3", 
            "log_features_4", 
            "log_features_5", 
            "log_features_6", 
            "log_features_7", 
            "rank", 
            "resource_type_avg", 
            "resource_type_count", 
            "resource_type_distinct", 
            "resource_type_max", 
            "resource_type_min", 
            "resource_type_sum", 
            "resource_types_0", 
            "resource_types_1", 
            "severity_type", 
            "volume_avg", 
            "volume_count", 
            "volume_distinct", 
            "volume_max", 
            "volume_min", 
            "volume_sum", 
            "volumes_0", 
            "volumes_1", 
            "volumes_2", 
            "volumes_3", 
            "volumes_4", 
            "volumes_5", 
            "volumes_6", 
            "volumes_7"
        ], 
        "importances": [
            0.020157237768287959, 
            0.0047657734957854813, 
            0.0055262618281559754, 
            0.019155082534234778, 
            0.02008549405810181, 
            0.017753612039895731, 
            0.019849649477852806, 
            0.013579206895413231, 
            0.0043850836101989778, 
            0.058959595847284961, 
            0.070937837419935285, 
            0.009707648079969225, 
            0.012811885524763486, 
            0.079099595165159922, 
            0.04295347984420525, 
            0.058127494454982512, 
            0.033860042623478928, 
            0.020851279271951531, 
            0.014152792830000571, 
            0.01206215799540058, 
            0.00719898043008962, 
            0.0052717962763630501, 
            0.0019099826963021465, 
            0.0014404754975297915, 
            0.077148587203944741, 
            0.020556997882535274, 
            0.0024847092465368208, 
            0.0022882949160048537, 
            0.017547807220483481, 
            0.0057596299991851604, 
            0.021030275925089718, 
            0.011078882821224378, 
            0.0042395391195435674, 
            0.015632990104270515, 
            0.043201908772963128, 
            0.011460524188928338, 
            0.014933617467055928, 
            0.039886246208571001, 
            0.021833854737258896, 
            0.05050524312262427, 
            0.024135090662920203, 
            0.02838332441139543, 
            0.012752564585751257, 
            0.0095842656352952884, 
            0.0052159624691288896, 
            0.0037684579742350765, 
            0.0012506069622623419, 
            0.00071817269744777368
        ]
    }, 
    "modelInputNRows": 5919, 
    "modelInputNCols": 48, 
    "modelInputMemory": 2272896, 
    "gridCells": [
        {
            "score": 0.846396703120498, 
            "params": {
                "max_features": "auto", 
                "min_samples_split": 3, 
                "n_estimators": 100, 
                "max_depth": 5, 
                "min_samples_leaf": 1
            }
        }, 
        {
            "score": 0.8594397765083793, 
            "params": {
                "max_features": "auto", 
                "min_samples_split": 3, 
                "n_estimators": 100, 
                "max_depth": 10, 
                "min_samples_leaf": 1
            }
        }, 
        {
            "score": 0.8518498927757175, 
            "params": {
                "max_features": "auto", 
                "min_samples_split": 3, 
                "n_estimators": 100, 
                "max_depth": 15, 
                "min_samples_leaf": 1
            }
        }, 
        {
            "score": 0.8508945344101956, 
            "params": {
                "max_features": "auto", 
                "min_samples_split": 3, 
                "n_estimators": 100, 
                "max_depth": 20, 
                "min_samples_leaf": 1
            }
        }, 
        {
            "score": 0.8427410168829628, 
            "params": {
                "max_features": "auto", 
                "min_samples_split": 30, 
                "n_estimators": 100, 
                "max_depth": 5, 
                "min_samples_leaf": 10
            }
        }, 
        {
            "score": 0.8560873840379297, 
            "params": {
                "max_features": "auto", 
                "min_samples_split": 30, 
                "n_estimators": 100, 
                "max_depth": 10, 
                "min_samples_leaf": 10
            }
        }, 
        {
            "score": 0.8552909361912521, 
            "params": {
                "max_features": "auto", 
                "min_samples_split": 30, 
                "n_estimators": 100, 
                "max_depth": 15, 
                "min_samples_leaf": 10
            }
        }, 
        {
            "score": 0.8556802461764877, 
            "params": {
                "max_features": "auto", 
                "min_samples_split": 30, 
                "n_estimators": 100, 
                "max_depth": 20, 
                "min_samples_leaf": 10
            }
        }, 
        {
            "score": 0.8106078292182793, 
            "params": {
                "max_features": "auto", 
                "min_samples_split": 300, 
                "n_estimators": 100, 
                "max_depth": 5, 
                "min_samples_leaf": 100
            }
        }, 
        {
            "score": 0.8150669154617992, 
            "params": {
                "max_features": "auto", 
                "min_samples_split": 300, 
                "n_estimators": 100, 
                "max_depth": 10, 
                "min_samples_leaf": 100
            }
        }, 
        {
            "score": 0.8150669154617992, 
            "params": {
                "max_features": "auto", 
                "min_samples_split": 300, 
                "n_estimators": 100, 
                "max_depth": 15, 
                "min_samples_leaf": 100
            }
        }, 
        {
            "score": 0.8150669154617992, 
            "params": {
                "max_features": "auto", 
                "min_samples_split": 300, 
                "n_estimators": 100, 
                "max_depth": 20, 
                "min_samples_leaf": 100
            }
        }
    ], 
    "gridBestScore": 0.8594397765083793, 
    "modelInputIsSparse": false
}