{
  "state": "DONE",
  "preSearchDescription": {
    "gridLength": 12,
    "importantParams": [
      {
        "name": "trees",
        "vals": [
          "100"
        ]
      },
      {
        "name": "depth",
        "vals": [
          "5",
          "10",
          "15",
          "20"
        ]
      },
      {
        "name": "min_samples",
        "vals": [
          "1",
          "10",
          "100"
        ]
      }
    ]
  },
  "postSearchDescription": {
    "importantParams": [
      {
        "name": "trees",
        "val": "100"
      },
      {
        "name": "depth",
        "val": "10"
      },
      {
        "name": "min_samples",
        "val": "1"
      }
    ]
  },
  "modelId": "m1",
  "progress": {
    "top_level_todo": [],
    "stack": [],
    "top_level_done": [
      {
        "name": "Loading train set",
        "time": 191
      },
      {
        "name": "Loading test set",
        "time": 37
      },
      {
        "name": "Collecting statistics",
        "time": 68
      },
      {
        "name": "Preprocessing train set",
        "time": 111
      },
      {
        "name": "Preprocessing test set",
        "time": 82
      },
      {
        "name": "Fitting model",
        "time": 29054
      },
      {
        "name": "Saving model",
        "time": 35
      },
      {
        "name": "Scoring model",
        "time": 2036
      }
    ]
  },
  "startTime": 1496722537884,
  "endTime": 1496722569506,
  "preprocessingTime": 495,
  "trainingTime": 31127
}