{
    "trainingTime": 306, 
    "state": "DONE", 
    "startTime": 1493415002643, 
    "preprocessingTime": 642, 
    "progress": {
        "top_level_todo": [], 
        "stack": [], 
        "top_level_done": [
            {
                "name": "Loading train set", 
                "time": 402
            }, 
            {
                "name": "Loading test set", 
                "time": 3
            }, 
            {
                "name": "Collecting statistics", 
                "time": 6
            }, 
            {
                "name": "Preprocessing train set", 
                "time": 210
            }, 
            {
                "name": "Preprocessing test set", 
                "time": 11
            }, 
            {
                "name": "Fitting model", 
                "time": 67
            }, 
            {
                "name": "Saving model", 
                "time": 2
            }, 
            {
                "name": "Scoring model", 
                "time": 236
            }
        ]
    }, 
    "endTime": 1493415003591, 
    "modelId": "NA"
}