{
    "trainingTime": 112, 
    "state": "DONE", 
    "startTime": 1493405278738, 
    "preprocessingTime": 34, 
    "progress": {
        "top_level_todo": [], 
        "stack": [], 
        "top_level_done": [
            {
                "name": "Loading train set", 
                "time": 5
            }, 
            {
                "name": "Loading test set", 
                "time": 2
            }, 
            {
                "name": "Collecting statistics", 
                "time": 3
            }, 
            {
                "name": "Preprocessing train set", 
                "time": 13
            }, 
            {
                "name": "Preprocessing test set", 
                "time": 9
            }, 
            {
                "name": "Fitting model", 
                "time": 17
            }, 
            {
                "name": "Saving model", 
                "time": 2
            }, 
            {
                "name": "Scoring model", 
                "time": 93
            }
        ]
    }, 
    "endTime": 1493405278884, 
    "modelId": "NA"
}