{
  "trainedWithDSSVersion": "4.1.4",
  "isValid": true,
  "type": "MULTICLASS_PROBABILISTIC",
  "algorithm_name": "FOREST_CLASSIFIER",
  "columns": [
    "event_type 10_sum",
    "event_type 11_sum",
    "event_type 12_sum",
    "event_type 13_sum",
    "event_type 14_sum",
    "event_type 15_sum",
    "event_type 18_sum",
    "event_type 19_sum",
    "event_type 1_sum",
    "event_type 20_sum",
    "event_type 21_sum",
    "event_type 22_sum",
    "event_type 23_sum",
    "event_type 24_sum",
    "event_type 27_sum",
    "event_type 28_sum",
    "event_type 29_sum",
    "event_type 2_sum",
    "event_type 30_sum",
    "event_type 31_sum",
    "event_type 32_sum",
    "event_type 34_sum",
    "event_type 35_sum",
    "event_type 36_sum",
    "event_type 38_sum",
    "event_type 39_sum",
    "event_type 3_sum",
    "event_type 40_sum",
    "event_type 54_sum",
    "event_type 5_sum",
    "event_type 6_sum",
    "event_type 7_sum",
    "event_type 8_sum",
    "event_type 9_sum",
    "feature 103_sum",
    "feature 105_sum",
    "feature 108_sum",
    "feature 109_sum",
    "feature 10_sum",
    "feature 111_sum",
    "feature 113_sum",
    "feature 117_sum",
    "feature 118_sum",
    "feature 127_sum",
    "feature 132_sum",
    "feature 133_sum",
    "feature 134_sum",
    "feature 135_sum",
    "feature 136_sum",
    "feature 137_sum",
    "feature 139_sum",
    "feature 141_sum",
    "feature 142_sum",
    "feature 143_sum",
    "feature 145_sum",
    "feature 149_sum",
    "feature 153_sum",
    "feature 155_sum",
    "feature 157_sum",
    "feature 158_sum",
    "feature 159_sum",
    "feature 15_sum",
    "feature 160_sum",
    "feature 161_sum",
    "feature 162_sum",
    "feature 163_sum",
    "feature 164_sum",
    "feature 165_sum",
    "feature 167_sum",
    "feature 169_sum",
    "feature 170_sum",
    "feature 171_sum",
    "feature 172_sum",
    "feature 173_sum",
    "feature 174_sum",
    "feature 177_sum",
    "feature 178_sum",
    "feature 179_sum",
    "feature 181_sum",
    "feature 182_sum",
    "feature 183_sum",
    "feature 187_sum",
    "feature 188_sum",
    "feature 191_sum",
    "feature 193_sum",
    "feature 195_sum",
    "feature 196_sum",
    "feature 197_sum",
    "feature 198_sum",
    "feature 1_sum",
    "feature 201_sum",
    "feature 202_sum",
    "feature 203_sum",
    "feature 204_sum",
    "feature 205_sum",
    "feature 206_sum",
    "feature 207_sum",
    "feature 209_sum",
    "feature 20_sum",
    "feature 211_sum",
    "feature 212_sum",
    "feature 217_sum",
    "feature 218_sum",
    "feature 219_sum",
    "feature 220_sum",
    "feature 221_sum",
    "feature 222_sum",
    "feature 223_sum",
    "feature 226_sum",
    "feature 227_sum",
    "feature 228_sum",
    "feature 229_sum",
    "feature 22_sum",
    "feature 230_sum",
    "feature 232_sum",
    "feature 233_sum",
    "feature 234_sum",
    "feature 235_sum",
    "feature 237_sum",
    "feature 238_sum",
    "feature 239_sum",
    "feature 240_sum",
    "feature 244_sum",
    "feature 249_sum",
    "feature 24_sum",
    "feature 251_sum",
    "feature 255_sum",
    "feature 260_sum",
    "feature 265_sum",
    "feature 266_sum",
    "feature 267_sum",
    "feature 268_sum",
    "feature 26_sum",
    "feature 273_sum",
    "feature 279_sum",
    "feature 280_sum",
    "feature 299_sum",
    "feature 29_sum",
    "feature 2_sum",
    "feature 301_sum",
    "feature 302_sum",
    "feature 303_sum",
    "feature 304_sum",
    "feature 305_sum",
    "feature 306_sum",
    "feature 307_sum",
    "feature 308_sum",
    "feature 309_sum",
    "feature 30_sum",
    "feature 310_sum",
    "feature 312_sum",
    "feature 313_sum",
    "feature 314_sum",
    "feature 315_sum",
    "feature 317_sum",
    "feature 318_sum",
    "feature 319_sum",
    "feature 328_sum",
    "feature 329_sum",
    "feature 331_sum",
    "feature 333_sum",
    "feature 340_sum",
    "feature 341_sum",
    "feature 345_sum",
    "feature 360_sum",
    "feature 362_sum",
    "feature 384_sum",
    "feature 39_sum",
    "feature 42_sum",
    "feature 43_sum",
    "feature 44_sum",
    "feature 45_sum",
    "feature 46_sum",
    "feature 47_sum",
    "feature 48_sum",
    "feature 49_sum",
    "feature 51_sum",
    "feature 53_sum",
    "feature 54_sum",
    "feature 55_sum",
    "feature 56_sum",
    "feature 57_sum",
    "feature 58_sum",
    "feature 5_sum",
    "feature 60_sum",
    "feature 62_sum",
    "feature 63_sum",
    "feature 64_sum",
    "feature 65_sum",
    "feature 66_sum",
    "feature 68_sum",
    "feature 70_sum",
    "feature 71_sum",
    "feature 73_sum",
    "feature 74_sum",
    "feature 75_sum",
    "feature 76_sum",
    "feature 77_sum",
    "feature 80_sum",
    "feature 81_sum",
    "feature 82_sum",
    "feature 83_sum",
    "feature 84_sum",
    "feature 85_sum",
    "feature 86_sum",
    "feature 87_sum",
    "feature 8_sum",
    "feature 94_sum",
    "resource_type 10_sum",
    "resource_type 1_sum",
    "resource_type 2_sum",
    "resource_type 3_sum",
    "resource_type 4_sum",
    "resource_type 5_sum",
    "resource_type 6_sum",
    "resource_type 7_sum",
    "resource_type 8_sum",
    "resource_type 9_sum",
    "severity_type 1",
    "severity_type 2",
    "severity_type 3",
    "severity_type 4",
    "severity_type 5",
    "dummy:location:location 834",
    "dummy:location:location 1107",
    "dummy:location:location 124",
    "dummy:location:location 1019",
    "dummy:location:location 798",
    "dummy:location:location 1008",
    "dummy:location:location 1052",
    "dummy:location:location 242",
    "dummy:location:location 810",
    "dummy:location:location 496",
    "dummy:location:location 821",
    "dummy:location:location 126",
    "dummy:location:location 793",
    "dummy:location:location 734",
    "dummy:location:location 763",
    "dummy:location:location 704",
    "dummy:location:location 653",
    "dummy:location:location 505",
    "dummy:location:location 600",
    "dummy:location:location 91",
    "dummy:location:location 921",
    "dummy:location:location 846",
    "dummy:location:location 684",
    "dummy:location:location 962",
    "dummy:location:location 471",
    "dummy:location:location 494",
    "dummy:location:location 891",
    "dummy:location:location 899",
    "dummy:location:location 479",
    "dummy:location:location 122",
    "dummy:location:location 696",
    "dummy:location:location 1100",
    "dummy:location:location 584",
    "dummy:location:location 957",
    "dummy:location:location 155",
    "dummy:location:location 976",
    "dummy:location:location 878",
    "dummy:location:location 707",
    "dummy:location:location 995",
    "dummy:location:location 465",
    "dummy:location:location 102",
    "dummy:location:location 480",
    "dummy:location:location 149",
    "dummy:location:location 794",
    "dummy:location:location 1024",
    "dummy:location:location 744",
    "dummy:location:location 1026",
    "dummy:location:location 638",
    "dummy:location:location 1086",
    "dummy:location:location 893",
    "dummy:location:location 445",
    "dummy:location:location 380",
    "dummy:location:location 760",
    "dummy:location:location 157",
    "dummy:location:location 244",
    "dummy:location:location 845",
    "dummy:location:location 814",
    "dummy:location:location 314",
    "dummy:location:location 468",
    "dummy:location:location 963",
    "dummy:location:location 147",
    "dummy:location:location 477",
    "dummy:location:location 1066",
    "dummy:location:location 181",
    "dummy:location:location 466",
    "dummy:location:location 1075",
    "dummy:location:location 300",
    "dummy:location:location 369",
    "dummy:location:location 984",
    "dummy:location:location 255",
    "dummy:location:location 903",
    "dummy:location:location 944",
    "dummy:location:location 497",
    "dummy:location:location 812",
    "dummy:location:location 326",
    "dummy:location:location 491",
    "dummy:location:location 228",
    "dummy:location:location 504",
    "dummy:location:location 699",
    "dummy:location:location 805",
    "dummy:location:location 272",
    "dummy:location:location 738",
    "dummy:location:location 135",
    "dummy:location:location 378",
    "dummy:location:location 902",
    "dummy:location:location 100",
    "dummy:location:location 1018",
    "dummy:location:location 613",
    "dummy:location:location 344",
    "dummy:location:location 603",
    "dummy:location:location 1115",
    "dummy:location:location 1111",
    "dummy:location:location 9",
    "dummy:location:location 288",
    "dummy:location:location 1061",
    "dummy:location:location 467",
    "dummy:location:location 460",
    "dummy:location:location 644",
    "dummy:location:location 645",
    "dummy:location:location 618",
    "dummy:location:location 1042",
    "dummy:location:N/A",
    "dummy:location:__Others__"
  ],
  "classes": [
    "0",
    "2",
    "1"
  ]
}