{
    "gridSize": 12, 
    "nThreads": 4, 
    "metric": "ROC_AUC", 
    "gridPoints": [
        {
            "index": 0, 
            "finishedAt": 1525435569046.0, 
            "score": 0.77554017981886725, 
            "parameters": {
                "max_features": "auto", 
                "min_samples_split": 3, 
                "n_estimators": 100, 
                "max_depth": 5, 
                "min_samples_leaf": 1
            }, 
            "time": 9424.0
        }, 
        {
            "index": 1, 
            "finishedAt": 1525435572409.0, 
            "score": 0.78597763702923318, 
            "parameters": {
                "max_features": "auto", 
                "min_samples_split": 3, 
                "n_estimators": 100, 
                "max_depth": 10, 
                "min_samples_leaf": 1
            }, 
            "time": 8995.0
        }, 
        {
            "index": 2, 
            "finishedAt": 1525435574775.0, 
            "score": 0.79075477163142416, 
            "parameters": {
                "max_features": "auto", 
                "min_samples_split": 3, 
                "n_estimators": 100, 
                "max_depth": 15, 
                "min_samples_leaf": 1
            }, 
            "time": 8047.0
        }, 
        {
            "index": 3, 
            "finishedAt": 1525435575906.0, 
            "score": 0.78699759894802179, 
            "parameters": {
                "max_features": "auto", 
                "min_samples_split": 3, 
                "n_estimators": 100, 
                "max_depth": 20, 
                "min_samples_leaf": 1
            }, 
            "time": 8021.0
        }, 
        {
            "index": 4, 
            "finishedAt": 1525435578876.0, 
            "score": 0.75899883285204883, 
            "parameters": {
                "max_features": "auto", 
                "min_samples_split": 30, 
                "n_estimators": 100, 
                "max_depth": 5, 
                "min_samples_leaf": 10
            }, 
            "time": 6580.0
        }, 
        {
            "index": 5, 
            "finishedAt": 1525435581854.0, 
            "score": 0.76117793478890106, 
            "parameters": {
                "max_features": "auto", 
                "min_samples_split": 30, 
                "n_estimators": 100, 
                "max_depth": 10, 
                "min_samples_leaf": 10
            }, 
            "time": 6863.0
        }, 
        {
            "index": 6, 
            "finishedAt": 1525435581774.0, 
            "score": 0.76091976894777702, 
            "parameters": {
                "max_features": "auto", 
                "min_samples_split": 30, 
                "n_estimators": 100, 
                "max_depth": 15, 
                "min_samples_leaf": 10
            }, 
            "time": 5311.0
        }, 
        {
            "index": 7, 
            "finishedAt": 1525435584218.0, 
            "score": 0.76091976894777702, 
            "parameters": {
                "max_features": "auto", 
                "min_samples_split": 30, 
                "n_estimators": 100, 
                "max_depth": 20, 
                "min_samples_leaf": 10
            }, 
            "time": 5473.0
        }, 
        {
            "index": 8, 
            "finishedAt": 1525435587523.0, 
            "score": 0.71226992910071896, 
            "parameters": {
                "max_features": "auto", 
                "min_samples_split": 300, 
                "n_estimators": 100, 
                "max_depth": 5, 
                "min_samples_leaf": 100
            }, 
            "time": 6257.0
        }, 
        {
            "index": 9, 
            "finishedAt": 1525435588179.0, 
            "score": 0.71226992910071896, 
            "parameters": {
                "max_features": "auto", 
                "min_samples_split": 300, 
                "n_estimators": 100, 
                "max_depth": 10, 
                "min_samples_leaf": 100
            }, 
            "time": 4982.0
        }, 
        {
            "index": 10, 
            "finishedAt": 1525435589886.0, 
            "score": 0.71225941830296979, 
            "parameters": {
                "max_features": "auto", 
                "min_samples_split": 300, 
                "n_estimators": 100, 
                "max_depth": 15, 
                "min_samples_leaf": 100
            }, 
            "time": 5719.0
        }, 
        {
            "index": 11, 
            "finishedAt": 1525435590717.0, 
            "score": 0.71225941830296979, 
            "parameters": {
                "max_features": "auto", 
                "min_samples_split": 300, 
                "n_estimators": 100, 
                "max_depth": 20, 
                "min_samples_leaf": 100
            }, 
            "time": 2996.0
        }
    ], 
    "startedAt": 1525435565301, 
    "nSplits": 3
}