[
    {
        "parameters": {
            "max_features": "auto", 
            "min_samples_split": 3, 
            "n_estimators": 100, 
            "max_depth": 5, 
            "min_samples_leaf": 1
        }, 
        "score_time": 331, 
        "test_score": 0.7759979243483353, 
        "fit_time": 2763, 
        "num_samples": 398, 
        "best_iteration": null, 
        "train_score": 0.8420767788763026, 
        "parameter_id": 0, 
        "time": 3094, 
        "done_at": 1525435568918, 
        "grid_point_id": "{\"max_features\": \"auto\", \"min_samples_split\": 3, \"n_estimators\": 100, \"max_depth\": 5, \"min_samples_leaf\": 1}@2"
    }, 
    {
        "parameters": {
            "max_features": "auto", 
            "min_samples_split": 3, 
            "n_estimators": 100, 
            "max_depth": 5, 
            "min_samples_leaf": 1
        }, 
        "score_time": 412, 
        "test_score": 0.7652160670902304, 
        "fit_time": 2755, 
        "num_samples": 399, 
        "best_iteration": null, 
        "train_score": 0.8395256221444152, 
        "parameter_id": 0, 
        "time": 3167, 
        "done_at": 1525435569046, 
        "grid_point_id": "{\"max_features\": \"auto\", \"min_samples_split\": 3, \"n_estimators\": 100, \"max_depth\": 5, \"min_samples_leaf\": 1}@0"
    }, 
    {
        "parameters": {
            "max_features": "auto", 
            "min_samples_split": 3, 
            "n_estimators": 100, 
            "max_depth": 5, 
            "min_samples_leaf": 1
        }, 
        "score_time": 446, 
        "test_score": 0.7854324879997665, 
        "fit_time": 2717, 
        "num_samples": 398, 
        "best_iteration": null, 
        "train_score": 0.8519965057720731, 
        "parameter_id": 0, 
        "time": 3163, 
        "done_at": 1525435569016, 
        "grid_point_id": "{\"max_features\": \"auto\", \"min_samples_split\": 3, \"n_estimators\": 100, \"max_depth\": 5, \"min_samples_leaf\": 1}@1"
    }, 
    {
        "parameters": {
            "max_features": "auto", 
            "min_samples_split": 3, 
            "n_estimators": 100, 
            "max_depth": 10, 
            "min_samples_leaf": 1
        }, 
        "score_time": 357, 
        "test_score": 0.7715345509020208, 
        "fit_time": 2756, 
        "num_samples": 399, 
        "best_iteration": null, 
        "train_score": 0.9012484815392707, 
        "parameter_id": 1, 
        "time": 3113, 
        "done_at": 1525435568939, 
        "grid_point_id": "{\"max_features\": \"auto\", \"min_samples_split\": 3, \"n_estimators\": 100, \"max_depth\": 10, \"min_samples_leaf\": 1}@0"
    }, 
    {
        "parameters": {
            "max_features": "auto", 
            "min_samples_split": 3, 
            "n_estimators": 100, 
            "max_depth": 15, 
            "min_samples_leaf": 1
        }, 
        "score_time": 320, 
        "test_score": 0.7795095726822634, 
        "fit_time": 2521, 
        "num_samples": 399, 
        "best_iteration": null, 
        "train_score": 0.941915153567839, 
        "parameter_id": 2, 
        "time": 2841, 
        "done_at": 1525435572285, 
        "grid_point_id": "{\"max_features\": \"auto\", \"min_samples_split\": 3, \"n_estimators\": 100, \"max_depth\": 15, \"min_samples_leaf\": 1}@0"
    }, 
    {
        "parameters": {
            "max_features": "auto", 
            "min_samples_split": 3, 
            "n_estimators": 100, 
            "max_depth": 10, 
            "min_samples_leaf": 1
        }, 
        "score_time": 294, 
        "test_score": 0.7908800310275368, 
        "fit_time": 2670, 
        "num_samples": 398, 
        "best_iteration": null, 
        "train_score": 0.9113969721632931, 
        "parameter_id": 1, 
        "time": 2964, 
        "done_at": 1525435572409, 
        "grid_point_id": "{\"max_features\": \"auto\", \"min_samples_split\": 3, \"n_estimators\": 100, \"max_depth\": 10, \"min_samples_leaf\": 1}@2"
    }, 
    {
        "parameters": {
            "max_features": "auto", 
            "min_samples_split": 3, 
            "n_estimators": 100, 
            "max_depth": 10, 
            "min_samples_leaf": 1
        }, 
        "score_time": 294, 
        "test_score": 0.7955060115852819, 
        "fit_time": 2624, 
        "num_samples": 398, 
        "best_iteration": null, 
        "train_score": 0.9203098477334957, 
        "parameter_id": 1, 
        "time": 2918, 
        "done_at": 1525435572128, 
        "grid_point_id": "{\"max_features\": \"auto\", \"min_samples_split\": 3, \"n_estimators\": 100, \"max_depth\": 10, \"min_samples_leaf\": 1}@1"
    }, 
    {
        "parameters": {
            "max_features": "auto", 
            "min_samples_split": 3, 
            "n_estimators": 100, 
            "max_depth": 15, 
            "min_samples_leaf": 1
        }, 
        "score_time": 298, 
        "test_score": 0.7909135429121916, 
        "fit_time": 2703, 
        "num_samples": 398, 
        "best_iteration": null, 
        "train_score": 0.9520338089159888, 
        "parameter_id": 2, 
        "time": 3001, 
        "done_at": 1525435572558, 
        "grid_point_id": "{\"max_features\": \"auto\", \"min_samples_split\": 3, \"n_estimators\": 100, \"max_depth\": 15, \"min_samples_leaf\": 1}@1"
    }, 
    {
        "parameters": {
            "max_features": "auto", 
            "min_samples_split": 3, 
            "n_estimators": 100, 
            "max_depth": 20, 
            "min_samples_leaf": 1
        }, 
        "score_time": 318, 
        "test_score": 0.7810083979293527, 
        "fit_time": 2203, 
        "num_samples": 398, 
        "best_iteration": null, 
        "train_score": 0.964236291789528, 
        "parameter_id": 3, 
        "time": 2521, 
        "done_at": 1525435575498, 
        "grid_point_id": "{\"max_features\": \"auto\", \"min_samples_split\": 3, \"n_estimators\": 100, \"max_depth\": 20, \"min_samples_leaf\": 1}@1"
    }, 
    {
        "parameters": {
            "max_features": "auto", 
            "min_samples_split": 3, 
            "n_estimators": 100, 
            "max_depth": 15, 
            "min_samples_leaf": 1
        }, 
        "score_time": 409, 
        "test_score": 0.8018408003770012, 
        "fit_time": 1796, 
        "num_samples": 398, 
        "best_iteration": null, 
        "train_score": 0.9440731178682984, 
        "parameter_id": 2, 
        "time": 2205, 
        "done_at": 1525435574775, 
        "grid_point_id": "{\"max_features\": \"auto\", \"min_samples_split\": 3, \"n_estimators\": 100, \"max_depth\": 15, \"min_samples_leaf\": 1}@2"
    }, 
    {
        "parameters": {
            "max_features": "auto", 
            "min_samples_split": 3, 
            "n_estimators": 100, 
            "max_depth": 20, 
            "min_samples_leaf": 1
        }, 
        "score_time": 635, 
        "test_score": 0.7989370328070923, 
        "fit_time": 2121, 
        "num_samples": 398, 
        "best_iteration": null, 
        "train_score": 0.9573603754256597, 
        "parameter_id": 3, 
        "time": 2756, 
        "done_at": 1525435575906, 
        "grid_point_id": "{\"max_features\": \"auto\", \"min_samples_split\": 3, \"n_estimators\": 100, \"max_depth\": 20, \"min_samples_leaf\": 1}@2"
    }, 
    {
        "parameters": {
            "max_features": "auto", 
            "min_samples_split": 3, 
            "n_estimators": 100, 
            "max_depth": 20, 
            "min_samples_leaf": 1
        }, 
        "score_time": 381, 
        "test_score": 0.781017367530085, 
        "fit_time": 2363, 
        "num_samples": 399, 
        "best_iteration": null, 
        "train_score": 0.9568009093189254, 
        "parameter_id": 3, 
        "time": 2744, 
        "done_at": 1525435575741, 
        "grid_point_id": "{\"max_features\": \"auto\", \"min_samples_split\": 3, \"n_estimators\": 100, \"max_depth\": 20, \"min_samples_leaf\": 1}@0"
    }, 
    {
        "parameters": {
            "max_features": "auto", 
            "min_samples_split": 30, 
            "n_estimators": 100, 
            "max_depth": 5, 
            "min_samples_leaf": 10
        }, 
        "score_time": 778, 
        "test_score": 0.7421285671787679, 
        "fit_time": 1129, 
        "num_samples": 399, 
        "best_iteration": null, 
        "train_score": 0.7760960769349463, 
        "parameter_id": 4, 
        "time": 1907, 
        "done_at": 1525435577330, 
        "grid_point_id": "{\"max_features\": \"auto\", \"min_samples_split\": 30, \"n_estimators\": 100, \"max_depth\": 5, \"min_samples_leaf\": 10}@0"
    }, 
    {
        "parameters": {
            "max_features": "auto", 
            "min_samples_split": 30, 
            "n_estimators": 100, 
            "max_depth": 5, 
            "min_samples_leaf": 10
        }, 
        "score_time": 499, 
        "test_score": 0.7752143420142518, 
        "fit_time": 1666, 
        "num_samples": 398, 
        "best_iteration": null, 
        "train_score": 0.786870312553277, 
        "parameter_id": 4, 
        "time": 2165, 
        "done_at": 1525435578283, 
        "grid_point_id": "{\"max_features\": \"auto\", \"min_samples_split\": 30, \"n_estimators\": 100, \"max_depth\": 5, \"min_samples_leaf\": 10}@1"
    }, 
    {
        "parameters": {
            "max_features": "auto", 
            "min_samples_split": 30, 
            "n_estimators": 100, 
            "max_depth": 10, 
            "min_samples_leaf": 10
        }, 
        "score_time": 466, 
        "test_score": 0.742377357755537, 
        "fit_time": 1798, 
        "num_samples": 399, 
        "best_iteration": null, 
        "train_score": 0.7830145310510697, 
        "parameter_id": 5, 
        "time": 2264, 
        "done_at": 1525435578624, 
        "grid_point_id": "{\"max_features\": \"auto\", \"min_samples_split\": 30, \"n_estimators\": 100, \"max_depth\": 10, \"min_samples_leaf\": 10}@0"
    }, 
    {
        "parameters": {
            "max_features": "auto", 
            "min_samples_split": 30, 
            "n_estimators": 100, 
            "max_depth": 5, 
            "min_samples_leaf": 10
        }, 
        "score_time": 529, 
        "test_score": 0.7596128468777945, 
        "fit_time": 1979, 
        "num_samples": 398, 
        "best_iteration": null, 
        "train_score": 0.7851090593455401, 
        "parameter_id": 4, 
        "time": 2508, 
        "done_at": 1525435578876, 
        "grid_point_id": "{\"max_features\": \"auto\", \"min_samples_split\": 30, \"n_estimators\": 100, \"max_depth\": 5, \"min_samples_leaf\": 10}@2"
    }, 
    {
        "parameters": {
            "max_features": "auto", 
            "min_samples_split": 30, 
            "n_estimators": 100, 
            "max_depth": 10, 
            "min_samples_leaf": 10
        }, 
        "score_time": 714, 
        "test_score": 0.7750411228060141, 
        "fit_time": 1247, 
        "num_samples": 398, 
        "best_iteration": null, 
        "train_score": 0.7866344669931108, 
        "parameter_id": 5, 
        "time": 1961, 
        "done_at": 1525435580120, 
        "grid_point_id": "{\"max_features\": \"auto\", \"min_samples_split\": 30, \"n_estimators\": 100, \"max_depth\": 10, \"min_samples_leaf\": 10}@1"
    }, 
    {
        "parameters": {
            "max_features": "auto", 
            "min_samples_split": 30, 
            "n_estimators": 100, 
            "max_depth": 15, 
            "min_samples_leaf": 10
        }, 
        "score_time": 380, 
        "test_score": 0.7658170137902149, 
        "fit_time": 698, 
        "num_samples": 398, 
        "best_iteration": null, 
        "train_score": 0.79030138642425, 
        "parameter_id": 6, 
        "time": 1078, 
        "done_at": 1525435581774, 
        "grid_point_id": "{\"max_features\": \"auto\", \"min_samples_split\": 30, \"n_estimators\": 100, \"max_depth\": 15, \"min_samples_leaf\": 10}@2"
    }, 
    {
        "parameters": {
            "max_features": "auto", 
            "min_samples_split": 30, 
            "n_estimators": 100, 
            "max_depth": 15, 
            "min_samples_leaf": 10
        }, 
        "score_time": 338, 
        "test_score": 0.7419488359080059, 
        "fit_time": 1899, 
        "num_samples": 399, 
        "best_iteration": null, 
        "train_score": 0.7822091659919608, 
        "parameter_id": 6, 
        "time": 2237, 
        "done_at": 1525435581354, 
        "grid_point_id": "{\"max_features\": \"auto\", \"min_samples_split\": 30, \"n_estimators\": 100, \"max_depth\": 15, \"min_samples_leaf\": 10}@0"
    }, 
    {
        "parameters": {
            "max_features": "auto", 
            "min_samples_split": 30, 
            "n_estimators": 100, 
            "max_depth": 15, 
            "min_samples_leaf": 10
        }, 
        "score_time": 255, 
        "test_score": 0.7750411228060141, 
        "fit_time": 1741, 
        "num_samples": 398, 
        "best_iteration": null, 
        "train_score": 0.7867107410817132, 
        "parameter_id": 6, 
        "time": 1996, 
        "done_at": 1525435581274, 
        "grid_point_id": "{\"max_features\": \"auto\", \"min_samples_split\": 30, \"n_estimators\": 100, \"max_depth\": 15, \"min_samples_leaf\": 10}@1"
    }, 
    {
        "parameters": {
            "max_features": "auto", 
            "min_samples_split": 30, 
            "n_estimators": 100, 
            "max_depth": 10, 
            "min_samples_leaf": 10
        }, 
        "score_time": 371, 
        "test_score": 0.7660804916744561, 
        "fit_time": 2267, 
        "num_samples": 398, 
        "best_iteration": null, 
        "train_score": 0.7905489992454127, 
        "parameter_id": 5, 
        "time": 2638, 
        "done_at": 1525435581854, 
        "grid_point_id": "{\"max_features\": \"auto\", \"min_samples_split\": 30, \"n_estimators\": 100, \"max_depth\": 10, \"min_samples_leaf\": 10}@2"
    }, 
    {
        "parameters": {
            "max_features": "auto", 
            "min_samples_split": 30, 
            "n_estimators": 100, 
            "max_depth": 20, 
            "min_samples_leaf": 10
        }, 
        "score_time": 343, 
        "test_score": 0.7750411228060141, 
        "fit_time": 1425, 
        "num_samples": 398, 
        "best_iteration": null, 
        "train_score": 0.7867107410817132, 
        "parameter_id": 7, 
        "time": 1768, 
        "done_at": 1525435583467, 
        "grid_point_id": "{\"max_features\": \"auto\", \"min_samples_split\": 30, \"n_estimators\": 100, \"max_depth\": 20, \"min_samples_leaf\": 10}@1"
    }, 
    {
        "parameters": {
            "max_features": "auto", 
            "min_samples_split": 30, 
            "n_estimators": 100, 
            "max_depth": 20, 
            "min_samples_leaf": 10
        }, 
        "score_time": 445, 
        "test_score": 0.7419488359080059, 
        "fit_time": 1579, 
        "num_samples": 399, 
        "best_iteration": null, 
        "train_score": 0.7822091659919608, 
        "parameter_id": 7, 
        "time": 2024, 
        "done_at": 1525435583949, 
        "grid_point_id": "{\"max_features\": \"auto\", \"min_samples_split\": 30, \"n_estimators\": 100, \"max_depth\": 20, \"min_samples_leaf\": 10}@0"
    }, 
    {
        "parameters": {
            "max_features": "auto", 
            "min_samples_split": 300, 
            "n_estimators": 100, 
            "max_depth": 5, 
            "min_samples_leaf": 100
        }, 
        "score_time": 567, 
        "test_score": 0.683487034557985, 
        "fit_time": 1508, 
        "num_samples": 399, 
        "best_iteration": null, 
        "train_score": 0.7205866188385048, 
        "parameter_id": 8, 
        "time": 2075, 
        "done_at": 1525435584860, 
        "grid_point_id": "{\"max_features\": \"auto\", \"min_samples_split\": 300, \"n_estimators\": 100, \"max_depth\": 5, \"min_samples_leaf\": 100}@0"
    }, 
    {
        "parameters": {
            "max_features": "auto", 
            "min_samples_split": 30, 
            "n_estimators": 100, 
            "max_depth": 20, 
            "min_samples_leaf": 10
        }, 
        "score_time": 147, 
        "test_score": 0.7658170137902149, 
        "fit_time": 1534, 
        "num_samples": 398, 
        "best_iteration": null, 
        "train_score": 0.79030138642425, 
        "parameter_id": 7, 
        "time": 1681, 
        "done_at": 1525435584218, 
        "grid_point_id": "{\"max_features\": \"auto\", \"min_samples_split\": 30, \"n_estimators\": 100, \"max_depth\": 20, \"min_samples_leaf\": 10}@2"
    }, 
    {
        "parameters": {
            "max_features": "auto", 
            "min_samples_split": 300, 
            "n_estimators": 100, 
            "max_depth": 5, 
            "min_samples_leaf": 100
        }, 
        "score_time": 830, 
        "test_score": 0.7329156412029962, 
        "fit_time": 913, 
        "num_samples": 398, 
        "best_iteration": null, 
        "train_score": 0.7228591368056204, 
        "parameter_id": 8, 
        "time": 1743, 
        "done_at": 1525435585766, 
        "grid_point_id": "{\"max_features\": \"auto\", \"min_samples_split\": 300, \"n_estimators\": 100, \"max_depth\": 5, \"min_samples_leaf\": 100}@1"
    }, 
    {
        "parameters": {
            "max_features": "auto", 
            "min_samples_split": 300, 
            "n_estimators": 100, 
            "max_depth": 10, 
            "min_samples_leaf": 100
        }, 
        "score_time": 647, 
        "test_score": 0.683487034557985, 
        "fit_time": 1554, 
        "num_samples": 399, 
        "best_iteration": null, 
        "train_score": 0.7205866188385048, 
        "parameter_id": 9, 
        "time": 2201, 
        "done_at": 1525435587090, 
        "grid_point_id": "{\"max_features\": \"auto\", \"min_samples_split\": 300, \"n_estimators\": 100, \"max_depth\": 10, \"min_samples_leaf\": 100}@0"
    }, 
    {
        "parameters": {
            "max_features": "auto", 
            "min_samples_split": 300, 
            "n_estimators": 100, 
            "max_depth": 10, 
            "min_samples_leaf": 100
        }, 
        "score_time": 528, 
        "test_score": 0.7329156412029962, 
        "fit_time": 1021, 
        "num_samples": 398, 
        "best_iteration": null, 
        "train_score": 0.7228591368056204, 
        "parameter_id": 9, 
        "time": 1549, 
        "done_at": 1525435587286, 
        "grid_point_id": "{\"max_features\": \"auto\", \"min_samples_split\": 300, \"n_estimators\": 100, \"max_depth\": 10, \"min_samples_leaf\": 100}@1"
    }, 
    {
        "parameters": {
            "max_features": "auto", 
            "min_samples_split": 300, 
            "n_estimators": 100, 
            "max_depth": 5, 
            "min_samples_leaf": 100
        }, 
        "score_time": 667, 
        "test_score": 0.7203552378926773, 
        "fit_time": 1772, 
        "num_samples": 398, 
        "best_iteration": null, 
        "train_score": 0.7397414315808823, 
        "parameter_id": 8, 
        "time": 2439, 
        "done_at": 1525435587523, 
        "grid_point_id": "{\"max_features\": \"auto\", \"min_samples_split\": 300, \"n_estimators\": 100, \"max_depth\": 5, \"min_samples_leaf\": 100}@2"
    }, 
    {
        "parameters": {
            "max_features": "auto", 
            "min_samples_split": 300, 
            "n_estimators": 100, 
            "max_depth": 10, 
            "min_samples_leaf": 100
        }, 
        "score_time": 679, 
        "test_score": 0.7203552378926773, 
        "fit_time": 553, 
        "num_samples": 398, 
        "best_iteration": null, 
        "train_score": 0.7397414315808823, 
        "parameter_id": 9, 
        "time": 1232, 
        "done_at": 1525435588179, 
        "grid_point_id": "{\"max_features\": \"auto\", \"min_samples_split\": 300, \"n_estimators\": 100, \"max_depth\": 10, \"min_samples_leaf\": 100}@2"
    }, 
    {
        "parameters": {
            "max_features": "auto", 
            "min_samples_split": 300, 
            "n_estimators": 100, 
            "max_depth": 15, 
            "min_samples_leaf": 100
        }, 
        "score_time": 155, 
        "test_score": 0.683487034557985, 
        "fit_time": 1677, 
        "num_samples": 399, 
        "best_iteration": null, 
        "train_score": 0.7205866188385048, 
        "parameter_id": 10, 
        "time": 1832, 
        "done_at": 1525435589062, 
        "grid_point_id": "{\"max_features\": \"auto\", \"min_samples_split\": 300, \"n_estimators\": 100, \"max_depth\": 15, \"min_samples_leaf\": 100}@0"
    }, 
    {
        "parameters": {
            "max_features": "auto", 
            "min_samples_split": 300, 
            "n_estimators": 100, 
            "max_depth": 15, 
            "min_samples_leaf": 100
        }, 
        "score_time": 483, 
        "test_score": 0.7203552378926773, 
        "fit_time": 1341, 
        "num_samples": 398, 
        "best_iteration": null, 
        "train_score": 0.7397414315808823, 
        "parameter_id": 10, 
        "time": 1824, 
        "done_at": 1525435589786, 
        "grid_point_id": "{\"max_features\": \"auto\", \"min_samples_split\": 300, \"n_estimators\": 100, \"max_depth\": 15, \"min_samples_leaf\": 100}@2"
    }, 
    {
        "parameters": {
            "max_features": "auto", 
            "min_samples_split": 300, 
            "n_estimators": 100, 
            "max_depth": 20, 
            "min_samples_leaf": 100
        }, 
        "score_time": 468, 
        "test_score": 0.683487034557985, 
        "fit_time": 727, 
        "num_samples": 399, 
        "best_iteration": null, 
        "train_score": 0.7205866188385048, 
        "parameter_id": 11, 
        "time": 1195, 
        "done_at": 1525435589811, 
        "grid_point_id": "{\"max_features\": \"auto\", \"min_samples_split\": 300, \"n_estimators\": 100, \"max_depth\": 20, \"min_samples_leaf\": 100}@0"
    }, 
    {
        "parameters": {
            "max_features": "auto", 
            "min_samples_split": 300, 
            "n_estimators": 100, 
            "max_depth": 15, 
            "min_samples_leaf": 100
        }, 
        "score_time": 471, 
        "test_score": 0.7329156412029962, 
        "fit_time": 1592, 
        "num_samples": 398, 
        "best_iteration": null, 
        "train_score": 0.7228591368056204, 
        "parameter_id": 10, 
        "time": 2063, 
        "done_at": 1525435589886, 
        "grid_point_id": "{\"max_features\": \"auto\", \"min_samples_split\": 300, \"n_estimators\": 100, \"max_depth\": 15, \"min_samples_leaf\": 100}@1"
    }, 
    {
        "parameters": {
            "max_features": "auto", 
            "min_samples_split": 300, 
            "n_estimators": 100, 
            "max_depth": 20, 
            "min_samples_leaf": 100
        }, 
        "score_time": 183, 
        "test_score": 0.7203552378926773, 
        "fit_time": 450, 
        "num_samples": 398, 
        "best_iteration": null, 
        "train_score": 0.7397414315808823, 
        "parameter_id": 11, 
        "time": 633, 
        "done_at": 1525435590717, 
        "grid_point_id": "{\"max_features\": \"auto\", \"min_samples_split\": 300, \"n_estimators\": 100, \"max_depth\": 20, \"min_samples_leaf\": 100}@2"
    }, 
    {
        "parameters": {
            "max_features": "auto", 
            "min_samples_split": 300, 
            "n_estimators": 100, 
            "max_depth": 20, 
            "min_samples_leaf": 100
        }, 
        "score_time": 545, 
        "test_score": 0.7329156412029962, 
        "fit_time": 623, 
        "num_samples": 398, 
        "best_iteration": null, 
        "train_score": 0.7228591368056204, 
        "parameter_id": 11, 
        "time": 1168, 
        "done_at": 1525435590443, 
        "grid_point_id": "{\"max_features\": \"auto\", \"min_samples_split\": 300, \"n_estimators\": 100, \"max_depth\": 20, \"min_samples_leaf\": 100}@1"
    }
]