{
    "usedGridSearch": true, 
    "probaAware": true, 
    "gridSize": 12, 
    "rawImportance": {
        "variables": [
            "event_type 10_sum", 
            "event_type 11_sum", 
            "event_type 13_sum", 
            "event_type 14_sum", 
            "event_type 15_sum", 
            "event_type 18_sum", 
            "event_type 19_sum", 
            "event_type 20_sum", 
            "event_type 21_sum", 
            "event_type 22_sum", 
            "event_type 23_sum", 
            "event_type 24_sum", 
            "event_type 27_sum", 
            "event_type 28_sum", 
            "event_type 29_sum", 
            "event_type 2_sum", 
            "event_type 30_sum", 
            "event_type 32_sum", 
            "event_type 34_sum", 
            "event_type 35_sum", 
            "event_type 36_sum", 
            "event_type 38_sum", 
            "event_type 40_sum", 
            "event_type 54_sum", 
            "event_type 5_sum", 
            "event_type 6_sum", 
            "event_type 7_sum", 
            "event_type 8_sum", 
            "feature 103_sum", 
            "feature 105_sum", 
            "feature 108_sum", 
            "feature 109_sum", 
            "feature 10_sum", 
            "feature 111_sum", 
            "feature 117_sum", 
            "feature 127_sum", 
            "feature 132_sum", 
            "feature 133_sum", 
            "feature 134_sum", 
            "feature 135_sum", 
            "feature 136_sum", 
            "feature 141_sum", 
            "feature 153_sum", 
            "feature 155_sum", 
            "feature 160_sum", 
            "feature 162_sum", 
            "feature 163_sum", 
            "feature 167_sum", 
            "feature 169_sum", 
            "feature 170_sum", 
            "feature 171_sum", 
            "feature 172_sum", 
            "feature 177_sum", 
            "feature 179_sum", 
            "feature 181_sum", 
            "feature 182_sum", 
            "feature 183_sum", 
            "feature 188_sum", 
            "feature 191_sum", 
            "feature 193_sum", 
            "feature 195_sum", 
            "feature 196_sum", 
            "feature 197_sum", 
            "feature 198_sum", 
            "feature 1_sum", 
            "feature 201_sum", 
            "feature 202_sum", 
            "feature 203_sum", 
            "feature 204_sum", 
            "feature 205_sum", 
            "feature 206_sum", 
            "feature 207_sum", 
            "feature 209_sum", 
            "feature 211_sum", 
            "feature 212_sum", 
            "feature 217_sum", 
            "feature 218_sum", 
            "feature 219_sum", 
            "feature 220_sum", 
            "feature 221_sum", 
            "feature 222_sum", 
            "feature 223_sum", 
            "feature 227_sum", 
            "feature 228_sum", 
            "feature 229_sum", 
            "feature 230_sum", 
            "feature 232_sum", 
            "feature 233_sum", 
            "feature 234_sum", 
            "feature 235_sum", 
            "feature 237_sum", 
            "feature 239_sum", 
            "feature 240_sum", 
            "feature 251_sum", 
            "feature 255_sum", 
            "feature 268_sum", 
            "feature 273_sum", 
            "feature 280_sum", 
            "feature 29_sum", 
            "feature 301_sum", 
            "feature 303_sum", 
            "feature 304_sum", 
            "feature 305_sum", 
            "feature 306_sum", 
            "feature 307_sum", 
            "feature 308_sum", 
            "feature 309_sum", 
            "feature 310_sum", 
            "feature 312_sum", 
            "feature 313_sum", 
            "feature 314_sum", 
            "feature 315_sum", 
            "feature 317_sum", 
            "feature 318_sum", 
            "feature 319_sum", 
            "feature 331_sum", 
            "feature 345_sum", 
            "feature 360_sum", 
            "feature 362_sum", 
            "feature 39_sum", 
            "feature 44_sum", 
            "feature 46_sum", 
            "feature 47_sum", 
            "feature 48_sum", 
            "feature 51_sum", 
            "feature 53_sum", 
            "feature 54_sum", 
            "feature 55_sum", 
            "feature 56_sum", 
            "feature 58_sum", 
            "feature 62_sum", 
            "feature 65_sum", 
            "feature 66_sum", 
            "feature 68_sum", 
            "feature 70_sum", 
            "feature 71_sum", 
            "feature 73_sum", 
            "feature 74_sum", 
            "feature 75_sum", 
            "feature 76_sum", 
            "feature 80_sum", 
            "feature 81_sum", 
            "feature 82_sum", 
            "feature 83_sum", 
            "feature 84_sum", 
            "feature 85_sum", 
            "feature 86_sum", 
            "feature 87_sum", 
            "feature 8_sum", 
            "feature 94_sum", 
            "resource_type 10_sum", 
            "resource_type 1_sum", 
            "resource_type 2_sum", 
            "resource_type 3_sum", 
            "resource_type 4_sum", 
            "resource_type 5_sum", 
            "resource_type 6_sum", 
            "resource_type 7_sum", 
            "resource_type 8_sum", 
            "resource_type 9_sum", 
            "severity_type 1", 
            "severity_type 2", 
            "severity_type 3", 
            "severity_type 4", 
            "severity_type 5", 
            "dummy:location:location 834", 
            "dummy:location:location 1107", 
            "dummy:location:location 124", 
            "dummy:location:location 1019", 
            "dummy:location:location 798", 
            "dummy:location:location 1008", 
            "dummy:location:location 1052", 
            "dummy:location:location 242", 
            "dummy:location:location 810", 
            "dummy:location:location 496", 
            "dummy:location:location 821", 
            "dummy:location:location 126", 
            "dummy:location:location 793", 
            "dummy:location:location 734", 
            "dummy:location:location 763", 
            "dummy:location:location 704", 
            "dummy:location:location 653", 
            "dummy:location:location 505", 
            "dummy:location:location 600", 
            "dummy:location:location 91", 
            "dummy:location:location 921", 
            "dummy:location:location 846", 
            "dummy:location:location 684", 
            "dummy:location:location 962", 
            "dummy:location:location 471", 
            "dummy:location:location 494", 
            "dummy:location:location 891", 
            "dummy:location:location 899", 
            "dummy:location:location 479", 
            "dummy:location:location 122", 
            "dummy:location:location 696", 
            "dummy:location:location 1100", 
            "dummy:location:location 584", 
            "dummy:location:location 957", 
            "dummy:location:location 155", 
            "dummy:location:location 976", 
            "dummy:location:location 878", 
            "dummy:location:location 707", 
            "dummy:location:location 995", 
            "dummy:location:location 465", 
            "dummy:location:location 102", 
            "dummy:location:location 480", 
            "dummy:location:location 149", 
            "dummy:location:location 794", 
            "dummy:location:location 1024", 
            "dummy:location:location 744", 
            "dummy:location:location 1026", 
            "dummy:location:location 638", 
            "dummy:location:location 1086", 
            "dummy:location:location 893", 
            "dummy:location:location 445", 
            "dummy:location:location 380", 
            "dummy:location:location 760", 
            "dummy:location:location 157", 
            "dummy:location:location 244", 
            "dummy:location:location 845", 
            "dummy:location:location 814", 
            "dummy:location:location 314", 
            "dummy:location:location 468", 
            "dummy:location:location 963", 
            "dummy:location:location 147", 
            "dummy:location:location 477", 
            "dummy:location:location 1066", 
            "dummy:location:location 181", 
            "dummy:location:location 466", 
            "dummy:location:location 1075", 
            "dummy:location:location 300", 
            "dummy:location:location 369", 
            "dummy:location:location 984", 
            "dummy:location:location 255", 
            "dummy:location:location 903", 
            "dummy:location:location 944", 
            "dummy:location:location 497", 
            "dummy:location:location 812", 
            "dummy:location:location 326", 
            "dummy:location:location 491", 
            "dummy:location:location 228", 
            "dummy:location:location 504", 
            "dummy:location:location 699", 
            "dummy:location:location 805", 
            "dummy:location:location 272", 
            "dummy:location:location 738", 
            "dummy:location:location 135", 
            "dummy:location:location 378", 
            "dummy:location:location 902", 
            "dummy:location:location 100", 
            "dummy:location:location 1018", 
            "dummy:location:location 613", 
            "dummy:location:location 344", 
            "dummy:location:location 603", 
            "dummy:location:location 1115", 
            "dummy:location:location 1111", 
            "dummy:location:location 9", 
            "dummy:location:location 288", 
            "dummy:location:location 1061", 
            "dummy:location:location 467", 
            "dummy:location:location 460", 
            "dummy:location:location 644", 
            "dummy:location:location 645", 
            "dummy:location:location 618", 
            "dummy:location:location 1042", 
            "dummy:location:__Others__"
        ], 
        "importances": [
            0.00067915713696223875, 
            0.016808733223728788, 
            0.0045700298805165067, 
            0.00440145220182312, 
            0.06639062673741232, 
            0.00060251138362296815, 
            0.0022314698440294863, 
            0.0044443205669039802, 
            0.0011023327286601237, 
            0.0018621719540060078, 
            0.0035656717404449899, 
            0.0030782845143399627, 
            0.0016552351613512218, 
            2.6421323446329243e-05, 
            0.00060726797293723152, 
            0.0010404386936118603, 
            0.00013352220222951223, 
            0.0003608752660038326, 
            0.015633147826135292, 
            0.032743019386477848, 
            4.4456338248661965e-05, 
            0.0002045654925808999, 
            0.00014243372765274364, 
            0.0077296565354166603, 
            0.00022140785882210294, 
            0.00031624849660494682, 
            0.0010616618527254757, 
            0.00031502360287804116, 
            0.00043937815508619181, 
            0.00055889472111297087, 
            0.00013047938252603772, 
            0.00038116282531986317, 
            8.3349556807584582e-05, 
            0.00088891164734314994, 
            5.9234564694245597e-05, 
            3.3797400857014488e-05, 
            0.00012735209064507037, 
            0.00024288648886839292, 
            0.0045268423091332863, 
            0.001444281253283363, 
            0.0012256518936814955, 
            0.00025874459382666979, 
            0.00019100853256659521, 
            0.010103810739555874, 
            0.0018724811388154603, 
            9.6965404348358145e-05, 
            0.00052217745375647464, 
            0.00051037128077768574, 
            0.00012850523334050439, 
            0.014314479475820277, 
            0.0023763708461956527, 
            0.002064414193868516, 
            0.00064674175583190178, 
            0.0027557438730988052, 
            0.0013884378835967307, 
            0.0072247630300689833, 
            0.00024530839618356281, 
            0.00010342002768968724, 
            0.0018151077111387287, 
            0.015054460482417873, 
            0.012575997057868205, 
            0.0015416967779317734, 
            0.0010212962549729545, 
            0.0043575704246310151, 
            0.0014354228865146898, 
            0.0089158003689510431, 
            0.0039610529538951908, 
            0.090545663233837587, 
            0.0027927847424581171, 
            0.0015171392369203068, 
            0.0015076982742544315, 
            0.0032005578848385815, 
            0.010127178771853727, 
            0.0009256746701878524, 
            0.00011023123929969305, 
            0.00052378016771513155, 
            0.00011249920299397832, 
            0.0051075603447889696, 
            0.0020168647124102113, 
            0.0016576750671836163, 
            0.00054812520301256889, 
            0.0015140174370435518, 
            0.0060357759934189046, 
            0.0012693400067119039, 
            0.0019503069930831068, 
            0.001812657330900034, 
            0.013281457199638363, 
            0.0064116448213994148, 
            0.0069214601126910838, 
            0.0044618644179576861, 
            0.0001693199526366615, 
            0.0025252664499898995, 
            0.00049000001758074424, 
            8.6153325135958535e-05, 
            0.00040978546829528945, 
            2.8319622099399746e-05, 
            0.0082086872705463779, 
            0.00030471241126479946, 
            6.0489773850463584e-05, 
            0.0031561741926276333, 
            0.00079138116607140789, 
            0.0010098704038268048, 
            0.0011346491982949639, 
            0.0032389719561368453, 
            0.0068723166625515074, 
            0.0013310231294977571, 
            0.0023142995683309332, 
            0.0013818391839303978, 
            0.020305107224488358, 
            0.0056783258931062588, 
            0.0086156187017217174, 
            0.0064133184914933316, 
            0.0003228438997093397, 
            0.0021371202177706953, 
            0.0014192876139442975, 
            8.9398922899096026e-05, 
            0.0023723355191441879, 
            0.0002775655776208309, 
            0.00029488318590471357, 
            0.0026168729291805633, 
            0.0029471816726466811, 
            0.0020188267335389163, 
            0.00035408078903307016, 
            0.00076456738877273944, 
            0.0012498234464490652, 
            0.0018961264556099, 
            0.0091050825517690372, 
            0.002379662263884726, 
            0.0030557315527222299, 
            0.00012172281269543639, 
            0.0052968770817157455, 
            5.8702749300406134e-06, 
            9.6326486208208052e-05, 
            0.0066021224129908691, 
            0.0041650281225137486, 
            0.013109344983181422, 
            0.017316847772893381, 
            0.0018300814917881747, 
            0.0010285712863506006, 
            0.0015352720080027448, 
            0.0095582380821880777, 
            0.0044512795642161597, 
            0.084963482652880021, 
            0.0032333220761386326, 
            4.3188748179008636e-05, 
            0.00077729673876151888, 
            0.0014033802935788943, 
            0.0056955922486761268, 
            0.00034318274708726779, 
            0.00095230701299163598, 
            0.0003543050352602419, 
            0.0018959773180549496, 
            0.027819470694567968, 
            0.0010464834221346627, 
            0.0057091697810709987, 
            0.001222831086354674, 
            0.0044245559445440594, 
            0.0037658835593205203, 
            0.029296082382321353, 
            0.0014920144368142237, 
            0.024352620533059137, 
            0.014747183776286475, 
            3.7865951928515415e-05, 
            0.0043240549847672009, 
            0.00051778233511261685, 
            0.0045406575072338149, 
            0.0046398615006470424, 
            0.0008321425373898735, 
            0.0014864740803271889, 
            0.0051748512052362701, 
            0.0019390702266949764, 
            0.0025461919952710983, 
            0.00048947254808679483, 
            0.0036504880089126297, 
            0.00057684197086772869, 
            0.0046857023679104798, 
            0.00060398139280812887, 
            0.00077999197123123103, 
            0.0024120120570814267, 
            0.0013003092246547396, 
            0.0041517860547444227, 
            0.0026093673360674625, 
            0.00023292089849567658, 
            0.0015225791747113717, 
            0.00078667341343626211, 
            0.00095395921572050189, 
            0.0013027557533969913, 
            0.001800216103307399, 
            0.0023107714035988467, 
            0.00047480782265315322, 
            0.00042268330567061765, 
            0.000502736333009957, 
            0.00030365360455776076, 
            0.00060491063860024414, 
            0.00049917009267373821, 
            0.00091323627279743665, 
            0.0018662879994551739, 
            0.00031533833117425395, 
            0.0018173865187715312, 
            0.00042046394972298389, 
            0.0026217250880298652, 
            0.00054981482362590709, 
            0.0012722662672429094, 
            0.001855980918375826, 
            0.00042521438609114564, 
            0.00090343448245150631, 
            0.00046102449433052403, 
            0.00048025854807698799, 
            0.00052959358407416335, 
            0.00011369656073261387, 
            0.001751806810338573, 
            0.00071241001739143781, 
            0.0056111445761359126, 
            0.0021407656416676211, 
            0.00078446848113151904, 
            0.001388022006469089, 
            0.00032663068162026008, 
            0.00039405898560710274, 
            0.00047198493112076843, 
            0.00025682587874611111, 
            0.0045181070135105568, 
            0.00013228031700262543, 
            0.0017905457737925163, 
            0.00014382309493848257, 
            9.0022760949384951e-05, 
            0.00036461780432876545, 
            4.4772865805019575e-05, 
            0.00063189109435049301, 
            0.0011432925121262019, 
            0.00017065001262372946, 
            0.0021707186433507983, 
            0.00075186539307117749, 
            0.0011121180768217844, 
            0.0021307440971424828, 
            0.00094205378537425477, 
            0.00061589577329204182, 
            0.00088743996121438929, 
            0.00018652325096760747, 
            0.00019509279492869655, 
            0.00085680406128517395, 
            0.00020968478107185161, 
            0.0012643298235501513, 
            0.00013770050223971294, 
            0.00070080234737925605, 
            0.00011546286215496674, 
            0.0039494491148335522, 
            0.00042886243594188482, 
            0.00060571707637670702, 
            0.00037144417366856425, 
            0.00041446207098815496, 
            0.0002552021274432891, 
            0.0011949631645039938, 
            0.00097408297388466142, 
            0.00058358333441452552, 
            0.0010252359202217506, 
            0.00067605428498523521, 
            0.00094694293181361551, 
            0.00099426478262546001, 
            0.00030719561570776045, 
            0.0024027890891400333, 
            0.00022921626782317257, 
            7.6469436473870531e-05, 
            0.00030162115078968403, 
            0.0018559308176300199, 
            0.001440886884632036, 
            0.00092645895882177167, 
            0.04289993929899235
        ]
    }, 
    "modelInputNRows": 1195, 
    "modelInputNCols": 326, 
    "modelInputMemory": 3116560, 
    "gridCells": [
        {
            "scoreTimeStd": 0.048237836693708479, 
            "scoreTime": 0.39633333333333337, 
            "fitTime": 2.7449999999999997, 
            "score": 0.77554017981886725, 
            "params": {
                "max_features": "auto", 
                "min_samples_split": 3, 
                "n_estimators": 100, 
                "max_depth": 5, 
                "min_samples_leaf": 1
            }, 
            "fitTimeStd": 0.020066555924389797, 
            "scoreStd": 0.0082613743599881679
        }, 
        {
            "scoreTimeStd": 0.029698484809834995, 
            "scoreTime": 0.315, 
            "fitTime": 2.6833333333333336, 
            "score": 0.78596144834293569, 
            "params": {
                "max_features": "auto", 
                "min_samples_split": 3, 
                "n_estimators": 100, 
                "max_depth": 10, 
                "min_samples_leaf": 1
            }, 
            "fitTimeStd": 0.054707301970476248, 
            "scoreStd": 0.010387145560004281
        }, 
        {
            "scoreTimeStd": 0.047988424530181109, 
            "scoreTime": 0.34233333333333332, 
            "fitTime": 2.3400000000000003, 
            "score": 0.79074522856010188, 
            "params": {
                "max_features": "auto", 
                "min_samples_split": 3, 
                "n_estimators": 100, 
                "max_depth": 15, 
                "min_samples_leaf": 1
            }, 
            "fitTimeStd": 0.39177629671365599, 
            "scoreStd": 0.0091193611048410728
        }, 
        {
            "scoreTimeStd": 0.1370214906096445, 
            "scoreTime": 0.44466666666666671, 
            "fitTime": 2.2289999999999996, 
            "score": 0.78698260341222515, 
            "params": {
                "max_features": "auto", 
                "min_samples_split": 3, 
                "n_estimators": 100, 
                "max_depth": 20, 
                "min_samples_leaf": 1
            }, 
            "fitTimeStd": 0.10049212241099631, 
            "scoreStd": 0.0084477541720773437
        }, 
        {
            "scoreTimeStd": 0.12505198918849714, 
            "scoreTime": 0.60199999999999998, 
            "fitTime": 1.5913333333333333, 
            "score": 0.75897114601118221, 
            "params": {
                "max_features": "auto", 
                "min_samples_split": 30, 
                "n_estimators": 100, 
                "max_depth": 5, 
                "min_samples_leaf": 10
            }, 
            "fitTimeStd": 0.35100459003013368, 
            "scoreStd": 0.013517634055396384
        }, 
        {
            "scoreTimeStd": 0.14459829413470499, 
            "scoreTime": 0.51700000000000002, 
            "fitTime": 1.7706666666666664, 
            "score": 0.76115060109429833, 
            "params": {
                "max_features": "auto", 
                "min_samples_split": 30, 
                "n_estimators": 100, 
                "max_depth": 10, 
                "min_samples_leaf": 10
            }, 
            "fitTimeStd": 0.4168615544225151, 
            "scoreStd": 0.01378517475786593
        }, 
        {
            "scoreTimeStd": 0.051937997223184831, 
            "scoreTime": 0.32433333333333331, 
            "fitTime": 1.446, 
            "score": 0.76091976894777702, 
            "params": {
                "max_features": "auto", 
                "min_samples_split": 30, 
                "n_estimators": 100, 
                "max_depth": 15, 
                "min_samples_leaf": 10
            }, 
            "fitTimeStd": 0.53283455843879601, 
            "scoreStd": 0.013948803260262771
        }, 
        {
            "scoreTimeStd": 0.12365902941376969, 
            "scoreTime": 0.3116666666666667, 
            "fitTime": 1.5126666666666668, 
            "score": 0.76091976894777702, 
            "params": {
                "max_features": "auto", 
                "min_samples_split": 30, 
                "n_estimators": 100, 
                "max_depth": 20, 
                "min_samples_leaf": 10
            }, 
            "fitTimeStd": 0.064654638056540217, 
            "scoreStd": 0.013948803260262771
        }, 
        {
            "scoreTimeStd": 0.1083912665608566, 
            "scoreTime": 0.68800000000000006, 
            "fitTime": 1.3976666666666668, 
            "score": 0.71222856624997, 
            "params": {
                "max_features": "auto", 
                "min_samples_split": 300, 
                "n_estimators": 100, 
                "max_depth": 5, 
                "min_samples_leaf": 100
            }, 
            "fitTimeStd": 0.35925880488707423, 
            "scoreStd": 0.02098445990210111
        }, 
        {
            "scoreTimeStd": 0.064966658115272233, 
            "scoreTime": 0.61799999999999999, 
            "fitTime": 1.0426666666666666, 
            "score": 0.71222856624997, 
            "params": {
                "max_features": "auto", 
                "min_samples_split": 300, 
                "n_estimators": 100, 
                "max_depth": 10, 
                "min_samples_leaf": 100
            }, 
            "fitTimeStd": 0.40894362556333963, 
            "scoreStd": 0.02098445990210111
        }, 
        {
            "scoreTimeStd": 0.15187129053540332, 
            "scoreTime": 0.36966666666666664, 
            "fitTime": 1.5366666666666668, 
            "score": 0.71222856624997, 
            "params": {
                "max_features": "auto", 
                "min_samples_split": 300, 
                "n_estimators": 100, 
                "max_depth": 15, 
                "min_samples_leaf": 100
            }, 
            "fitTimeStd": 0.14264252132126976, 
            "scoreStd": 0.02098445990210111
        }, 
        {
            "scoreTimeStd": 0.15570556259242066, 
            "scoreTime": 0.39866666666666672, 
            "fitTime": 0.59999999999999998, 
            "score": 0.71222856624997, 
            "params": {
                "max_features": "auto", 
                "min_samples_split": 300, 
                "n_estimators": 100, 
                "max_depth": 20, 
                "min_samples_leaf": 100
            }, 
            "fitTimeStd": 0.11424826767468584, 
            "scoreStd": 0.02098445990210111
        }
    ], 
    "gridBestScore": 0.79074522856010188, 
    "modelInputIsSparse": false
}