{
  "state": "DONE",
  "preSearchDescription": {
    "gridLength": 12,
    "importantParams": [
      {
        "name": "trees",
        "vals": [
          "100"
        ]
      },
      {
        "name": "depth",
        "vals": [
          "5",
          "10",
          "15",
          "20"
        ]
      },
      {
        "name": "min_samples",
        "vals": [
          "1",
          "10",
          "100"
        ]
      }
    ]
  },
  "postSearchDescription": {
    "importantParams": [
      {
        "name": "trees",
        "val": "100"
      },
      {
        "name": "depth",
        "val": "15"
      },
      {
        "name": "min_samples",
        "val": "1"
      }
    ]
  },
  "modelId": "m1",
  "progress": {
    "top_level_todo": [],
    "stack": [],
    "top_level_done": [
      {
        "name": "Loading train set",
        "time": 100
      },
      {
        "name": "Loading test set",
        "time": 47
      },
      {
        "name": "Collecting statistics",
        "time": 302
      },
      {
        "name": "Preprocessing train set",
        "time": 447
      },
      {
        "name": "Preprocessing test set",
        "time": 524
      },
      {
        "name": "Grid searching",
        "time": 25963
      },
      {
        "name": "Fitting model",
        "time": 514
      },
      {
        "name": "Saving model",
        "time": 117
      },
      {
        "name": "Scoring model",
        "time": 1081
      }
    ]
  },
  "startTime": 1525435563864,
  "endTime": 1525435592965,
  "preprocessingTime": 1426,
  "trainingTime": 27675
}