{
    "per_feature": {
        "count": {
            "stats": {
                "std": 22.409740877347318, 
                "p99": 109.94000000000005, 
                "min": 1.0, 
                "max": 186.0, 
                "average": 42.27168073676132, 
                "median": 41.0
            }, 
            "missing_impute_with_value": 42.27168073676132
        }, 
        "R119_sum": {
            "stats": {
                "std": 36.205562723767336, 
                "p99": 46.940000000000055, 
                "min": 0.0, 
                "max": 1240.0, 
                "average": 2.4811972371450497, 
                "median": 0.0
            }, 
            "missing_impute_with_value": 2.4811972371450497
        }, 
        "R417_sum": {
            "stats": {
                "std": 16.370002507733926, 
                "p99": 88.94000000000005, 
                "min": 0.0, 
                "max": 211.0, 
                "average": 4.867229470452801, 
                "median": 0.0
            }, 
            "missing_impute_with_value": 4.867229470452801
        }, 
        "R193_sum": {
            "stats": {
                "std": 40.56955302049868, 
                "p99": 182.72000000000025, 
                "min": -1.0, 
                "max": 582.0, 
                "average": 25.000767459708364, 
                "median": 13.0
            }, 
            "missing_impute_with_value": 25.000767459708364
        }, 
        "Distance": {
            "stats": {
                "std": 4435.113643833289, 
                "p99": 2912.403090138875, 
                "min": 0.0, 
                "max": 159919.3518197203, 
                "average": 1838.8582213016434, 
                "median": 1789.3690495665978
            }, 
            "missing_impute_with_value": 1838.8582213016434
        }, 
        "Reason_sum": {
            "stats": {}
        }, 
        "Quantity_sum": {
            "stats": {}
        }, 
        "Time_sum": {
            "stats": {}
        }, 
        "failure_bin": {
            "stats": {}
        }, 
        "measures_count": {
            "stats": {
                "std": 5.272543878601188, 
                "p99": 27.0, 
                "min": 1.0, 
                "max": 32.0, 
                "average": 12.374520337682272, 
                "median": 12.0
            }, 
            "missing_impute_with_value": 12.374520337682272
        }, 
        "Use_min": {
            "stats": {
                "std": 2311.0932373589862, 
                "p99": 33830.90351747472, 
                "min": 25740.475446546152, 
                "max": 34902.348411569845, 
                "average": 28986.375142002304, 
                "median": 28745.028271010004
            }, 
            "missing_impute_with_value": 28986.375142002304
        }, 
        "R565_sum": {
            "stats": {
                "std": 111.11247265626032, 
                "p99": 359.28000000000065, 
                "min": 0.0, 
                "max": 1655.0, 
                "average": 40.858787413660785, 
                "median": 16.0
            }, 
            "missing_impute_with_value": 40.858787413660785
        }, 
        "R783_sum": {
            "stats": {
                "std": 7.41966853052915, 
                "p99": 24.980000000000018, 
                "min": 0.0, 
                "max": 105.0, 
                "average": 1.6062931696085956, 
                "median": 0.0
            }, 
            "missing_impute_with_value": 1.6062931696085956
        }, 
        "R575_sum": {
            "stats": {
                "std": 0.9796299132041233, 
                "p99": 4.0, 
                "min": 0.0, 
                "max": 21.0, 
                "average": 0.1343054489639294, 
                "median": 0.0
            }, 
            "missing_impute_with_value": 0.1343054489639294
        }, 
        "R707_sum": {
            "stats": {
                "std": 107.26368615622849, 
                "p99": 448.86000000000195, 
                "min": 0.0, 
                "max": 2167.0, 
                "average": 50.855717574827324, 
                "median": 28.0
            }, 
            "missing_impute_with_value": 50.855717574827324
        }, 
        "R044_sum": {
            "stats": {
                "std": 1.2679625633141505, 
                "p99": 3.0, 
                "min": 0.0, 
                "max": 26.0, 
                "average": 0.19339984650805833, 
                "median": 0.0
            }, 
            "missing_impute_with_value": 0.19339984650805833
        }, 
        "R446_sum": {
            "stats": {
                "std": 13.984262019420886, 
                "p99": 63.98000000000002, 
                "min": 0.0, 
                "max": 235.0, 
                "average": 6.139677666922487, 
                "median": 2.0
            }, 
            "missing_impute_with_value": 6.139677666922487
        }, 
        "Time_min": {
            "stats": {
                "std": 167.77678782618452, 
                "p99": 650.96, 
                "min": 0.0, 
                "max": 710.0, 
                "average": 125.18419033000768, 
                "median": 57.0
            }, 
            "missing_impute_with_value": 125.18419033000768
        }, 
        "R364_sum": {
            "stats": {
                "std": 9.894834948203783, 
                "p99": 43.86000000000013, 
                "min": 0.0, 
                "max": 250.0, 
                "average": 3.61703760552571, 
                "median": 1.0
            }, 
            "missing_impute_with_value": 3.61703760552571
        }, 
        "R606_sum": {
            "stats": {
                "std": 4.569334782213673, 
                "p99": 3.0, 
                "min": 0.0, 
                "max": 130.0, 
                "average": 0.28626247122026094, 
                "median": 0.0
            }, 
            "missing_impute_with_value": 0.28626247122026094
        }, 
        "Asset": {
            "stats": {}
        }
    }, 
    "feature_order": [
        "count", 
        "R119_sum", 
        "R417_sum", 
        "R193_sum", 
        "Time_sum", 
        "Reason_sum", 
        "Quantity_sum", 
        "failure_bin", 
        "R575_sum", 
        "measures_count", 
        "Distance", 
        "Use_min", 
        "R565_sum", 
        "R783_sum", 
        "Asset", 
        "R707_sum", 
        "R044_sum", 
        "R446_sum", 
        "Time_min", 
        "R364_sum", 
        "R606_sum"
    ]
}