{
    "per_feature": {
        "fault_severity": {
            "stats": {}
        }, 
        "id": {
            "stats": {}
        }, 
        "location": {
            "stats": {
                "mostFrequentValue": "location 821", 
                "leastFrequentValue": "location 339"
            }, 
            "category_possible_values": [
                "location 821", 
                "location 734", 
                "location 126", 
                "location 1008", 
                "location 1107", 
                "location 810", 
                "location 600", 
                "location 124", 
                "location 704", 
                "location 793", 
                "location 242", 
                "location 1052", 
                "location 1019", 
                "location 653", 
                "location 684", 
                "location 834", 
                "location 122", 
                "location 798", 
                "location 763", 
                "location 471", 
                "location 1100", 
                "location 846", 
                "location 91", 
                "location 102", 
                "location 976", 
                "location 962", 
                "location 613", 
                "location 707", 
                "location 1042", 
                "location 476", 
                "location 244", 
                "location 466", 
                "location 149", 
                "location 794", 
                "location 931", 
                "location 477", 
                "location 995", 
                "location 1086", 
                "location 845", 
                "location 957", 
                "location 744", 
                "location 497", 
                "location 478", 
                "location 496", 
                "location 118", 
                "location 1061", 
                "location 808", 
                "location 95", 
                "location 135", 
                "location 891", 
                "location 484", 
                "location 155", 
                "location 638", 
                "location 895", 
                "location 892", 
                "location 9", 
                "location 373", 
                "location 380", 
                "location 465", 
                "location 1026", 
                "location 157", 
                "location 760", 
                "location 475", 
                "location 505", 
                "location 181", 
                "location 445", 
                "location 599", 
                "location 1", 
                "location 894", 
                "location 485", 
                "location 488", 
                "location 495", 
                "location 469", 
                "location 921", 
                "location 1099", 
                "location 1018", 
                "location 292", 
                "location 823", 
                "location 885", 
                "location 1007", 
                "location 468", 
                "location 814", 
                "location 619", 
                "location 899", 
                "location 756", 
                "location 7", 
                "location 839", 
                "location 984", 
                "location 504", 
                "location 878", 
                "location 691", 
                "location 803", 
                "location 1050", 
                "location 836", 
                "location 500", 
                "location 481", 
                "location 479", 
                "location 506", 
                "location 1024", 
                "location 644", 
                "location 1075", 
                "location 128", 
                "location 474", 
                "location 480", 
                "location 498", 
                "location 133", 
                "location 159", 
                "location 627", 
                "location 1010", 
                "location 507", 
                "location 816", 
                "location 1031", 
                "location 494", 
                "location 893", 
                "location 944", 
                "location 802", 
                "location 735", 
                "location 826", 
                "location 584", 
                "location 116", 
                "location 618", 
                "location 742", 
                "location 13", 
                "location 255", 
                "location 1111", 
                "location 1106", 
                "location 147", 
                "location 300", 
                "location 100", 
                "location 805", 
                "location 518", 
                "location 460", 
                "location 467", 
                "location 1030", 
                "location 1095", 
                "location 963", 
                "location 830", 
                "location 745", 
                "location 12", 
                "location 1049", 
                "location 470", 
                "location 378", 
                "location 925", 
                "location 491", 
                "location 603", 
                "location 856", 
                "location 270", 
                "location 812", 
                "location 240", 
                "location 938", 
                "location 714", 
                "location 738", 
                "location 501", 
                "location 943", 
                "location 648", 
                "location 909", 
                "location 989", 
                "location 400", 
                "location 459", 
                "location 609", 
                "location 509", 
                "location 1063", 
                "location 661", 
                "location 311", 
                "location 1097", 
                "location 646", 
                "location 120", 
                "location 696"
            ]
        }
    }, 
    "feature_order": [
        "fault_severity", 
        "id", 
        "location"
    ]
}