{
    "trainingTime": 6811, 
    "state": "DONE", 
    "startTime": 1493415051215, 
    "preprocessingTime": 247, 
    "progress": {
        "top_level_todo": [], 
        "stack": [], 
        "top_level_done": [
            {
                "name": "Loading train set", 
                "time": 49
            }, 
            {
                "name": "Loading test set", 
                "time": 3
            }, 
            {
                "name": "Collecting statistics", 
                "time": 32
            }, 
            {
                "name": "Preprocessing train set", 
                "time": 39
            }, 
            {
                "name": "Preprocessing test set", 
                "time": 75
            }, 
            {
                "name": "Fitting model", 
                "time": 5625
            }, 
            {
                "name": "Saving model", 
                "time": 54
            }, 
            {
                "name": "Scoring model", 
                "time": 1130
            }
        ]
    }, 
    "endTime": 1493415058273, 
    "modelId": "NA"
}