{
  "state": "FAILED",
  "failure": {
    "errorType": "com.dataiku.dip.io.SocketBlockLinkKernelException",
    "message": "Failed to train : \u003ctype \u0027exceptions.ValueError\u0027\u003e : Numeric feature feature 331_sum is empty",
    "detailedMessage": "Failed to train : \u003ctype \u0027exceptions.ValueError\u0027\u003e : Numeric feature feature 331_sum is empty",
    "detailedMessageHTML": "\u003cspan\u003e\u003cspan class\u003d\"err-msg\"\u003eFailed to train : \u0026lt;type \u0027exceptions.ValueError\u0027\u0026gt; : Numeric feature feature 331_sum is empty\u003c/span\u003e\u003c/span\u003e",
    "stackTraceStr": "com.dataiku.dip.io.SocketBlockLinkKernelException: Failed to train : \u003ctype \u0027exceptions.ValueError\u0027\u003e : Numeric feature feature 331_sum is empty\n\tat com.dataiku.dip.io.SocketBlockLinkInteraction.throwExceptionFromPython(SocketBlockLinkInteraction.java:296)\n\tat com.dataiku.dip.io.SocketBlockLinkInteraction$AsyncResult.checkException(SocketBlockLinkInteraction.java:213)\n\tat com.dataiku.dip.io.SocketBlockLinkInteraction$AsyncResult.get(SocketBlockLinkInteraction.java:188)\n\tat com.dataiku.dip.io.SingleCommandKernelLink$1.call(SingleCommandKernelLink.java:208)\n\tat com.dataiku.dip.analysis.ml.prediction.PredictionTrainAdditionalThread.process(PredictionTrainAdditionalThread.java:92)\n\tat com.dataiku.dip.analysis.ml.shared.PRNSTrainThread.run(PRNSTrainThread.java:94)\nFile /home/ibou/dataiku-dss-4.1.5/python/dataiku/doctor/server.py, line 50, in serve\n\tret \u003d api_command(arg)\nFile /home/ibou/dataiku-dss-4.1.5/python/dataiku/doctor/dkuapi.py, line 45, in aux\n\treturn api(**kwargs)\nFile /home/ibou/dataiku-dss-4.1.5/python/dataiku/doctor/commands.py, line 234, in train_prediction_models_nosave\n\tcollector_data \u003d collector.build()\nFile /home/ibou/dataiku-dss-4.1.5/python/dataiku/doctor/preprocessing_collector.py, line 35, in build\n\tself.ret[\"per_feature\"][vname] \u003d self.get_feature_analysis_data(vname, per_feature_params)\nFile /home/ibou/dataiku-dss-4.1.5/python/dataiku/doctor/preprocessing_collector.py, line 71, in get_feature_analysis_data\n\traise ValueError(\"Numeric feature %s is empty\" % name)\n",
    "stackTrace": [
      {
        "file": "SocketBlockLinkInteraction.java",
        "line": 296,
        "function": "com.dataiku.dip.io.SocketBlockLinkInteraction.throwExceptionFromPython"
      },
      {
        "file": "SocketBlockLinkInteraction.java",
        "line": 213,
        "function": "com.dataiku.dip.io.SocketBlockLinkInteraction$AsyncResult.checkException"
      },
      {
        "file": "SocketBlockLinkInteraction.java",
        "line": 188,
        "function": "com.dataiku.dip.io.SocketBlockLinkInteraction$AsyncResult.get"
      },
      {
        "file": "SingleCommandKernelLink.java",
        "line": 208,
        "function": "com.dataiku.dip.io.SingleCommandKernelLink$1.call"
      },
      {
        "file": "PredictionTrainAdditionalThread.java",
        "line": 92,
        "function": "com.dataiku.dip.analysis.ml.prediction.PredictionTrainAdditionalThread.process"
      },
      {
        "file": "PRNSTrainThread.java",
        "line": 94,
        "function": "com.dataiku.dip.analysis.ml.shared.PRNSTrainThread.run"
      },
      {
        "file": "CausedBy",
        "line": 0,
        "function": "foreign code"
      },
      {
        "file": "/home/ibou/dataiku-dss-4.1.5/python/dataiku/doctor/server.py",
        "line": 50,
        "function": "serve"
      },
      {
        "line": 0,
        "function": "\tret \u003d api_command(arg)"
      },
      {
        "file": "/home/ibou/dataiku-dss-4.1.5/python/dataiku/doctor/dkuapi.py",
        "line": 45,
        "function": "aux"
      },
      {
        "line": 0,
        "function": "\treturn api(**kwargs)"
      },
      {
        "file": "/home/ibou/dataiku-dss-4.1.5/python/dataiku/doctor/commands.py",
        "line": 234,
        "function": "train_prediction_models_nosave"
      },
      {
        "line": 0,
        "function": "\tcollector_data \u003d collector.build()"
      },
      {
        "file": "/home/ibou/dataiku-dss-4.1.5/python/dataiku/doctor/preprocessing_collector.py",
        "line": 35,
        "function": "build"
      },
      {
        "line": 0,
        "function": "\tself.ret[\"per_feature\"][vname] \u003d self.get_feature_analysis_data(vname, per_feature_params)"
      },
      {
        "file": "/home/ibou/dataiku-dss-4.1.5/python/dataiku/doctor/preprocessing_collector.py",
        "line": 71,
        "function": "get_feature_analysis_data"
      },
      {
        "line": 0,
        "function": "\traise ValueError(\"Numeric feature %s is empty\" % name)"
      }
    ],
    "logTail": {
      "totalLines": 775,
      "lines": [
        "[2018-05-04 13:43:01,966] [13232/MainThread] [INFO] [root] Computed dtype for feature 142_sum: \u003ctype \u0027numpy.float64\u0027\u003e (schema_type\u003dbigint feature_type\u003dNUMERIC feature_role\u003dINPUT)",
        "[2018-05-04 13:43:01,966] [13232/MainThread] [INFO] [root] Computed dtype for feature 165_sum: \u003ctype \u0027numpy.float64\u0027\u003e (schema_type\u003dbigint feature_type\u003dNUMERIC feature_role\u003dINPUT)",
        "[2018-05-04 13:43:01,966] [13232/MainThread] [INFO] [root] Computed dtype for feature 49_sum: \u003ctype \u0027numpy.float64\u0027\u003e (schema_type\u003dbigint feature_type\u003dNUMERIC feature_role\u003dINPUT)",
        "[2018-05-04 13:43:01,966] [13232/MainThread] [INFO] [root] Computed dtype for feature 105_sum: \u003ctype \u0027numpy.float64\u0027\u003e (schema_type\u003dbigint feature_type\u003dNUMERIC feature_role\u003dINPUT)",
        "[2018-05-04 13:43:01,966] [13232/MainThread] [INFO] [root] Computed dtype for feature 22_sum: \u003ctype \u0027numpy.float64\u0027\u003e (schema_type\u003dbigint feature_type\u003dNUMERIC feature_role\u003dINPUT)",
        "[2018-05-04 13:43:01,966] [13232/MainThread] [INFO] [root] Computed dtype for feature 268_sum: \u003ctype \u0027numpy.float64\u0027\u003e (schema_type\u003dbigint feature_type\u003dNUMERIC feature_role\u003dINPUT)",
        "[2018-05-04 13:43:01,966] [13232/MainThread] [INFO] [root] Computed dtype for feature 342_sum: str (schema_type\u003dstring feature_type\u003dCATEGORY feature_role\u003dINPUT)",
        "[2018-05-04 13:43:01,966] [13232/MainThread] [INFO] [root] Computed dtype for feature 269_sum: str (schema_type\u003dstring feature_type\u003dCATEGORY feature_role\u003dINPUT)",
        "[2018-05-04 13:43:01,966] [13232/MainThread] [INFO] [root] Computed dtype for feature 44_sum: \u003ctype \u0027numpy.float64\u0027\u003e (schema_type\u003dbigint feature_type\u003dNUMERIC feature_role\u003dINPUT)",
        "[2018-05-04 13:43:01,966] [13232/MainThread] [INFO] [root] Computed dtype for feature 94_sum: \u003ctype \u0027numpy.float64\u0027\u003e (schema_type\u003dbigint feature_type\u003dNUMERIC feature_role\u003dINPUT)",
        "[2018-05-04 13:43:01,966] [13232/MainThread] [INFO] [root] Computed dtype for feature 39_sum: \u003ctype \u0027numpy.float64\u0027\u003e (schema_type\u003dbigint feature_type\u003dNUMERIC feature_role\u003dINPUT)",
        "[2018-05-04 13:43:01,966] [13232/MainThread] [INFO] [root] Computed dtype for feature 117_sum: \u003ctype \u0027numpy.float64\u0027\u003e (schema_type\u003dbigint feature_type\u003dNUMERIC feature_role\u003dINPUT)",
        "[2018-05-04 13:43:01,966] [13232/MainThread] [INFO] [root] Computed dtype for feature 237_sum: \u003ctype \u0027numpy.float64\u0027\u003e (schema_type\u003dbigint feature_type\u003dNUMERIC feature_role\u003dINPUT)",
        "[2018-05-04 13:43:01,966] [13232/MainThread] [INFO] [root] Computed dtype for feature 29_sum: \u003ctype \u0027numpy.float64\u0027\u003e (schema_type\u003dbigint feature_type\u003dNUMERIC feature_role\u003dINPUT)",
        "[2018-05-04 13:43:01,966] [13232/MainThread] [INFO] [root] Computed dtype for volume_sum: \u003ctype \u0027numpy.float64\u0027\u003e (schema_type\u003dbigint feature_type\u003dNUMERIC feature_role\u003dINPUT)",
        "[2018-05-04 13:43:01,967] [13232/MainThread] [INFO] [root] Computed dtype for resource_type 8_sum: \u003ctype \u0027numpy.float64\u0027\u003e (schema_type\u003dbigint feature_type\u003dNUMERIC feature_role\u003dINPUT)",
        "[2018-05-04 13:43:01,967] [13232/MainThread] [INFO] [root] Computed dtype for resource_type 2_sum: \u003ctype \u0027numpy.float64\u0027\u003e (schema_type\u003dbigint feature_type\u003dNUMERIC feature_role\u003dINPUT)",
        "[2018-05-04 13:43:01,967] [13232/MainThread] [INFO] [root] Computed dtype for resource_type 1_sum: \u003ctype \u0027numpy.float64\u0027\u003e (schema_type\u003dbigint feature_type\u003dNUMERIC feature_role\u003dINPUT)",
        "[2018-05-04 13:43:01,967] [13232/MainThread] [INFO] [root] Computed dtype for resource_type 9_sum: \u003ctype \u0027numpy.float64\u0027\u003e (schema_type\u003dbigint feature_type\u003dNUMERIC feature_role\u003dINPUT)",
        "[2018-05-04 13:43:01,967] [13232/MainThread] [INFO] [root] Computed dtype for resource_type 6_sum: \u003ctype \u0027numpy.float64\u0027\u003e (schema_type\u003dbigint feature_type\u003dNUMERIC feature_role\u003dINPUT)",
        "[2018-05-04 13:43:01,967] [13232/MainThread] [INFO] [root] Computed dtype for resource_type 7_sum: \u003ctype \u0027numpy.float64\u0027\u003e (schema_type\u003dbigint feature_type\u003dNUMERIC feature_role\u003dINPUT)",
        "[2018-05-04 13:43:01,967] [13232/MainThread] [INFO] [root] Computed dtype for resource_type 10_sum: \u003ctype \u0027numpy.float64\u0027\u003e (schema_type\u003dbigint feature_type\u003dNUMERIC feature_role\u003dINPUT)",
        "[2018-05-04 13:43:01,967] [13232/MainThread] [INFO] [root] Computed dtype for resource_type 4_sum: \u003ctype \u0027numpy.float64\u0027\u003e (schema_type\u003dbigint feature_type\u003dNUMERIC feature_role\u003dINPUT)",
        "[2018-05-04 13:43:01,967] [13232/MainThread] [INFO] [root] Computed dtype for resource_type 3_sum: \u003ctype \u0027numpy.float64\u0027\u003e (schema_type\u003dbigint feature_type\u003dNUMERIC feature_role\u003dINPUT)",
        "[2018-05-04 13:43:01,967] [13232/MainThread] [INFO] [root] Computed dtype for resource_type 5_sum: \u003ctype \u0027numpy.float64\u0027\u003e (schema_type\u003dbigint feature_type\u003dNUMERIC feature_role\u003dINPUT)",
        "[2018-05-04 13:43:01,967] [13232/MainThread] [INFO] [root] Computed dtype for severity_type 2_sum: \u003ctype \u0027numpy.float64\u0027\u003e (schema_type\u003dbigint feature_type\u003dNUMERIC feature_role\u003dINPUT)",
        "[2018-05-04 13:43:01,967] [13232/MainThread] [INFO] [root] Computed dtype for severity_type 1_sum: \u003ctype \u0027numpy.float64\u0027\u003e (schema_type\u003dbigint feature_type\u003dNUMERIC feature_role\u003dINPUT)",
        "[2018-05-04 13:43:01,967] [13232/MainThread] [INFO] [root] Computed dtype for severity_type 4_sum: \u003ctype \u0027numpy.float64\u0027\u003e (schema_type\u003dbigint feature_type\u003dNUMERIC feature_role\u003dINPUT)",
        "[2018-05-04 13:43:01,967] [13232/MainThread] [INFO] [root] Computed dtype for severity_type 5_sum: \u003ctype \u0027numpy.float64\u0027\u003e (schema_type\u003dbigint feature_type\u003dNUMERIC feature_role\u003dINPUT)",
        "[2018-05-04 13:43:01,967] [13232/MainThread] [INFO] [root] Computed dtype for severity_type 3_sum: \u003ctype \u0027numpy.float64\u0027\u003e (schema_type\u003dbigint feature_type\u003dNUMERIC feature_role\u003dINPUT)",
        "[2018-05-04 13:43:01,967] [13232/MainThread] [INFO] [root] Reading with FIXED dtypes: {u\u0027feature 302_sum\u0027: \u003ctype \u0027numpy.float64\u0027\u003e, u\u0027feature 269_sum\u0027: \u0027str\u0027, u\u0027event_type 8_sum\u0027: \u003ctype \u0027numpy.float64\u0027\u003e, u\u0027feature 237_sum\u0027: \u003ctype \u0027numpy.float64\u0027\u003e, u\u0027feature 55_sum\u0027: \u003ctype \u0027numpy.float64\u0027\u003e, u\u0027feature 83_sum\u0027: \u003ctype \u0027numpy.float64\u0027\u003e, u\u0027feature 108_sum\u0027: \u003ctype \u0027numpy.float64\u0027\u003e, u\u0027feature 51_sum\u0027: \u003ctype \u0027numpy.float64\u0027\u003e, u\u0027feature 162_sum\u0027: \u003ctype \u0027numpy.float64\u0027\u003e, u\u0027event_type 7_sum\u0027: \u003ctype \u0027numpy.float64\u0027\u003e, u\u0027feature 310_sum\u0027: \u003ctype \u0027numpy.float64\u0027\u003e, u\u0027feature 230_sum\u0027: \u003ctype \u0027numpy.float64\u0027\u003e, u\u0027feature 235_sum\u0027: \u003ctype \u0027numpy.float64\u0027\u003e, u\u0027feature 319_sum\u0027: \u003ctype \u0027numpy.float64\u0027\u003e, u\u0027feature 219_sum\u0027: \u003ctype \u0027numpy.float64\u0027\u003e, u\u0027feature 118_sum\u0027: \u003ctype \u0027numpy.float64\u0027\u003e, u\u0027severity_type 2_sum\u0027: \u003ctype \u0027numpy.float64\u0027\u003e, u\u0027feature 331_sum\u0027: \u003ctype \u0027numpy.float64\u0027\u003e, u\u0027resource_type 10_sum\u0027: \u003ctype \u0027numpy.float64\u0027\u003e, u\u0027feature 384_sum\u0027: \u003ctype \u0027numpy.float64\u0027\u003e, u\u0027event_type 30_sum\u0027: \u003ctype \u0027numpy.float64\u0027\u003e, u\u0027event_type 27_sum\u0027: \u003ctype \u0027numpy.float64\u0027\u003e, u\u0027feature 314_sum\u0027: \u003ctype \u0027numpy.float64\u0027\u003e, u\u0027feature 205_sum\u0027: \u003ctype \u0027numpy.float64\u0027\u003e, u\u0027location\u0027: \u0027str\u0027, u\u0027feature 133_sum\u0027: \u003ctype \u0027numpy.float64\u0027\u003e, u\u0027resource_type 7_sum\u0027: \u003ctype \u0027numpy.float64\u0027\u003e, u\u0027feature 56_sum\u0027: \u003ctype \u0027numpy.float64\u0027\u003e, u\u0027feature 260_sum\u0027: \u003ctype \u0027numpy.float64\u0027\u003e, u\u0027feature 232_sum\u0027: \u003ctype \u0027numpy.float64\u0027\u003e, u\u0027feature 132_sum\u0027: \u003ctype \u0027numpy.float64\u0027\u003e, u\u0027feature 74_sum\u0027: \u003ctype \u0027numpy.float64\u0027\u003e, u\u0027feature 44_sum\u0027: \u003ctype \u0027numpy.float64\u0027\u003e, u\u0027feature 22_sum\u0027: \u003ctype \u0027numpy.float64\u0027\u003e, u\u0027feature 68_sum\u0027: \u003ctype \u0027numpy.float64\u0027\u003e, u\u0027feature 207_sum\u0027: \u003ctype \u0027numpy.float64\u0027\u003e, u\u0027feature 173_sum\u0027: \u003ctype \u0027numpy.float64\u0027\u003e, u\u0027event_type 36_sum\u0027: \u003ctype \u0027numpy.float64\u0027\u003e, u\u0027feature 229_sum\u0027: \u003ctype \u0027numpy.float64\u0027\u003e, u\u0027feature 179_sum\u0027: \u003ctype \u0027numpy.float64\u0027\u003e, u\u0027feature 360_sum\u0027: \u003ctype \u0027numpy.float64\u0027\u003e, u\u0027event_type 15_sum\u0027: \u003ctype \u0027numpy.float64\u0027\u003e, u\u0027feature 81_sum\u0027: \u003ctype \u0027numpy.float64\u0027\u003e, u\u0027feature 299_sum\u0027: \u003ctype \u0027numpy.float64\u0027\u003e, u\u0027event_type 23_sum\u0027: \u003ctype \u0027numpy.float64\u0027\u003e, u\u0027event_type 31_sum\u0027: \u003ctype \u0027numpy.float64\u0027\u003e, u\u0027feature 233_sum\u0027: \u003ctype \u0027numpy.float64\u0027\u003e, u\u0027event_type 29_sum\u0027: \u003ctype \u0027numpy.float64\u0027\u003e, u\u0027feature 80_sum\u0027: \u003ctype \u0027numpy.float64\u0027\u003e, u\u0027feature 174_sum\u0027: \u003ctype \u0027numpy.float64\u0027\u003e, u\u0027feature 308_sum\u0027: \u003ctype \u0027numpy.float64\u0027\u003e, u\u0027feature 169_sum\u0027: \u003ctype \u0027numpy.float64\u0027\u003e, u\u0027volume_sum\u0027: \u003ctype \u0027numpy.float64\u0027\u003e, u\u0027feature 313_sum\u0027: \u003ctype \u0027numpy.float64\u0027\u003e, u\u0027feature 178_sum\u0027: \u003ctype \u0027numpy.float64\u0027\u003e, u\u0027feature 26_sum\u0027: \u003ctype \u0027numpy.float64\u0027\u003e, u\u0027event_type 20_sum\u0027: \u003ctype \u0027numpy.float64\u0027\u003e, u\u0027feature 157_sum\u0027: \u003ctype \u0027numpy.float64\u0027\u003e, u\u0027feature 267_sum\u0027: \u003ctype \u0027numpy.float64\u0027\u003e, u\u0027event_type 24_sum\u0027: \u003ctype \u0027numpy.float64\u0027\u003e, u\u0027feature 181_sum\u0027: \u003ctype \u0027numpy.float64\u0027\u003e, u\u0027feature 136_sum\u0027: \u003ctype \u0027numpy.float64\u0027\u003e, u\u0027feature 53_sum\u0027: \u003ctype \u0027numpy.float64\u0027\u003e, u\u0027feature 304_sum\u0027: \u003ctype \u0027numpy.float64\u0027\u003e, u\u0027event_type 39_sum\u0027: \u003ctype \u0027numpy.float64\u0027\u003e, u\u0027feature 226_sum\u0027: \u003ctype \u0027numpy.float64\u0027\u003e, u\u0027feature 164_sum\u0027: \u003ctype \u0027numpy.float64\u0027\u003e, u\u0027feature 161_sum\u0027: \u003ctype \u0027numpy.float64\u0027\u003e, u\u0027severity_type 5_sum\u0027: \u003ctype \u0027numpy.float64\u0027\u003e, u\u0027resource_type 4_sum\u0027: \u003ctype \u0027numpy.float64\u0027\u003e, u\u0027feature 149_sum\u0027: \u003ctype \u0027numpy.float64\u0027\u003e, u\u0027feature 317_sum\u0027: \u003ctype \u0027numpy.float64\u0027\u003e, u\u0027feature 217_sum\u0027: \u003ctype \u0027numpy.float64\u0027\u003e, u\u0027feature 57_sum\u0027: \u003ctype \u0027numpy.float64\u0027\u003e, u\u0027feature 143_sum\u0027: \u003ctype \u0027numpy.float64\u0027\u003e, u\u0027feature 345_sum\u0027: \u003ctype \u0027numpy.float64\u0027\u003e, u\u0027feature 163_sum\u0027: \u003ctype \u0027numpy.float64\u0027\u003e, u\u0027feature 238_sum\u0027: \u003ctype \u0027numpy.float64\u0027\u003e, u\u0027event_type 54_sum\u0027: \u003ctype \u0027numpy.float64\u0027\u003e, u\u0027event_type 13_sum\u0027: \u003ctype \u0027numpy.float64\u0027\u003e, u\u0027feature 109_sum\u0027: \u003ctype \u0027numpy.float64\u0027\u003e, u\u0027feature 223_sum\u0027: \u003ctype \u0027numpy.float64\u0027\u003e, u\u0027event_type 32_sum\u0027: \u003ctype \u0027numpy.float64\u0027\u003e, u\u0027feature 328_sum\u0027: \u003ctype \u0027numpy.float64\u0027\u003e, u\u0027event_type 12_sum\u0027: \u003ctype \u0027numpy.float64\u0027\u003e, u\u0027feature 15_sum\u0027: \u003ctype \u0027numpy.float64\u0027\u003e, u\u0027feature 10_sum\u0027: \u003ctype \u0027numpy.float64\u0027\u003e, u\u0027feature 159_sum\u0027: \u003ctype \u0027numpy.float64\u0027\u003e, u\u0027resource_type 5_sum\u0027: \u003ctype \u0027numpy.float64\u0027\u003e, u\u0027feature 340_sum\u0027: \u003ctype \u0027numpy.float64\u0027\u003e, u\u0027feature 111_sum\u0027: \u003ctype \u0027numpy.float64\u0027\u003e, u\u0027feature 158_sum\u0027: \u003ctype \u0027numpy.float64\u0027\u003e, u\u0027feature 70_sum\u0027: \u003ctype \u0027numpy.float64\u0027\u003e, u\u0027feature 234_sum\u0027: \u003ctype \u0027numpy.float64\u0027\u003e, u\u0027feature 153_sum\u0027: \u003ctype \u0027numpy.float64\u0027\u003e, u\u0027feature 46_sum\u0027: \u003ctype \u0027numpy.float64\u0027\u003e, u\u0027feature 221_sum\u0027: \u003ctype \u0027numpy.float64\u0027\u003e, u\u0027feature 206_sum\u0027: \u003ctype \u0027numpy.float64\u0027\u003e, u\u0027feature 300_sum\u0027: \u0027str\u0027, u\u0027feature 329_sum\u0027: \u003ctype \u0027numpy.float64\u0027\u003e, u\u0027feature 193_sum\u0027: \u003ctype \u0027numpy.float64\u0027\u003e, u\u0027feature 198_sum\u0027: \u003ctype \u0027numpy.float64\u0027\u003e, u\u0027feature 197_sum\u0027: \u003ctype \u0027numpy.float64\u0027\u003e, u\u0027feature 268_sum\u0027: \u003ctype \u0027numpy.float64\u0027\u003e, u\u0027feature 303_sum\u0027: \u003ctype \u0027numpy.float64\u0027\u003e, u\u0027feature 306_sum\u0027: \u003ctype \u0027numpy.float64\u0027\u003e, u\u0027feature 167_sum\u0027: \u003ctype \u0027numpy.float64\u0027\u003e, u\u0027feature 239_sum\u0027: \u003ctype \u0027numpy.float64\u0027\u003e, u\u0027feature 307_sum\u0027: \u003ctype \u0027numpy.float64\u0027\u003e, u\u0027feature 177_sum\u0027: \u003ctype \u0027numpy.float64\u0027\u003e, u\u0027feature 187_sum\u0027: \u003ctype \u0027numpy.float64\u0027\u003e, u\u0027feature 64_sum\u0027: \u003ctype \u0027numpy.float64\u0027\u003e, u\u0027event_type 21_sum\u0027: \u003ctype \u0027numpy.float64\u0027\u003e, u\u0027feature 65_sum\u0027: \u003ctype \u0027numpy.float64\u0027\u003e, u\u0027feature 30_sum\u0027: \u003ctype \u0027numpy.float64\u0027\u003e, u\u0027severity_type 3_sum\u0027: \u003ctype \u0027numpy.float64\u0027\u003e, u\u0027feature 45_sum\u0027: \u003ctype \u0027numpy.float64\u0027\u003e, u\u0027feature 2_sum\u0027: \u003ctype \u0027numpy.float64\u0027\u003e, u\u0027feature 362_sum\u0027: \u003ctype \u0027numpy.float64\u0027\u003e, u\u0027feature 333_sum\u0027: \u003ctype \u0027numpy.float64\u0027\u003e, u\u0027feature 385_sum\u0027: \u0027str\u0027, u\u0027event_type 3_sum\u0027: \u003ctype \u0027numpy.float64\u0027\u003e, u\u0027event_type 6_sum\u0027: \u003ctype \u0027numpy.float64\u0027\u003e, u\u0027feature 127_sum\u0027: \u003ctype \u0027numpy.float64\u0027\u003e, u\u0027feature 279_sum\u0027: \u003ctype \u0027numpy.float64\u0027\u003e, u\u0027feature 77_sum\u0027: \u003ctype \u0027numpy.float64\u0027\u003e, u\u0027feature 8_sum\u0027: \u003ctype \u0027numpy.float64\u0027\u003e, u\u0027feature 318_sum\u0027: \u003ctype \u0027numpy.float64\u0027\u003e, u\u0027event_type 10_sum\u0027: \u003ctype \u0027numpy.float64\u0027\u003e, u\u0027feature 155_sum\u0027: \u003ctype \u0027numpy.float64\u0027\u003e, u\u0027feature 196_sum\u0027: \u003ctype \u0027numpy.float64\u0027\u003e, u\u0027resource_type 6_sum\u0027: \u003ctype \u0027numpy.float64\u0027\u003e, u\u0027event_type 19_sum\u0027: \u003ctype \u0027numpy.float64\u0027\u003e, u\u0027feature 265_sum\u0027: \u003ctype \u0027numpy.float64\u0027\u003e, u\u0027feature 211_sum\u0027: \u003ctype \u0027numpy.float64\u0027\u003e, u\u0027feature 326_sum\u0027: \u0027str\u0027, u\u0027feature 280_sum\u0027: \u003ctype \u0027numpy.float64\u0027\u003e, u\u0027feature 113_sum\u0027: \u003ctype \u0027numpy.float64\u0027\u003e, u\u0027feature 315_sum\u0027: \u003ctype \u0027numpy.float64\u0027\u003e, u\u0027feature 73_sum\u0027: \u003ctype \u0027numpy.float64\u0027\u003e, u\u0027feature 76_sum\u0027: \u003ctype \u0027numpy.float64\u0027\u003e, u\u0027feature 39_sum\u0027: \u003ctype \u0027numpy.float64\u0027\u003e, u\u0027event_type 1_sum\u0027: \u003ctype \u0027numpy.float64\u0027\u003e, u\u0027feature 47_sum\u0027: \u003ctype \u0027numpy.float64\u0027\u003e, u\u0027feature 386_sum\u0027: \u0027str\u0027, u\u0027feature 249_sum\u0027: \u003ctype \u0027numpy.float64\u0027\u003e, u\u0027feature 103_sum\u0027: \u003ctype \u0027numpy.float64\u0027\u003e, u\u0027feature 188_sum\u0027: \u003ctype \u0027numpy.float64\u0027\u003e, u\u0027feature 137_sum\u0027: \u003ctype \u0027numpy.float64\u0027\u003e, u\u0027feature 66_sum\u0027: \u003ctype \u0027numpy.float64\u0027\u003e, u\u0027feature 191_sum\u0027: \u003ctype \u0027numpy.float64\u0027\u003e, u\u0027feature 160_sum\u0027: \u003ctype \u0027numpy.float64\u0027\u003e, u\u0027feature 203_sum\u0027: \u003ctype \u0027numpy.float64\u0027\u003e, u\u0027feature 86_sum\u0027: \u003ctype \u0027numpy.float64\u0027\u003e, u\u0027feature 172_sum\u0027: \u003ctype \u0027numpy.float64\u0027\u003e, u\u0027event_type 22_sum\u0027: \u003ctype \u0027numpy.float64\u0027\u003e, u\u0027feature 220_sum\u0027: \u003ctype \u0027numpy.float64\u0027\u003e, u\u0027feature 82_sum\u0027: \u003ctype \u0027numpy.float64\u0027\u003e, u\u0027feature 240_sum\u0027: \u003ctype \u0027numpy.float64\u0027\u003e, u\u0027fault_severity\u0027: \u003ctype \u0027numpy.object_\u0027\u003e, u\u0027event_type 14_sum\u0027: \u003ctype \u0027numpy.float64\u0027\u003e, u\u0027feature 228_sum\u0027: \u003ctype \u0027numpy.float64\u0027\u003e, u\u0027feature 201_sum\u0027: \u003ctype \u0027numpy.float64\u0027\u003e, u\u0027feature 204_sum\u0027: \u003ctype \u0027numpy.float64\u0027\u003e, u\u0027feature 255_sum\u0027: \u003ctype \u0027numpy.float64\u0027\u003e, u\u0027count\u0027: \u003ctype \u0027numpy.float64\u0027\u003e, u\u0027feature 273_sum\u0027: \u003ctype \u0027numpy.float64\u0027\u003e, u\u0027feature 29_sum\u0027: \u003ctype \u0027numpy.float64\u0027\u003e, u\u0027event_type 40_sum\u0027: \u003ctype \u0027numpy.float64\u0027\u003e, u\u0027feature 58_sum\u0027: \u003ctype \u0027numpy.float64\u0027\u003e, u\u0027event_type 28_sum\u0027: \u003ctype \u0027numpy.float64\u0027\u003e, u\u0027feature 84_sum\u0027: \u003ctype \u0027numpy.float64\u0027\u003e, u\u0027event_type 5_sum\u0027: \u003ctype \u0027numpy.float64\u0027\u003e, u\u0027event_type 9_sum\u0027: \u003ctype \u0027numpy.float64\u0027\u003e, u\u0027feature 94_sum\u0027: \u003ctype \u0027numpy.float64\u0027\u003e, u\u0027feature 171_sum\u0027: \u003ctype \u0027numpy.float64\u0027\u003e, u\u0027feature 85_sum\u0027: \u003ctype \u0027numpy.float64\u0027\u003e, u\u0027event_type 18_sum\u0027: \u003ctype \u0027numpy.float64\u0027\u003e, u\u0027feature 75_sum\u0027: \u003ctype \u0027numpy.float64\u0027\u003e, u\u0027feature 63_sum\u0027: \u003ctype \u0027numpy.float64\u0027\u003e, u\u0027feature 62_sum\u0027: \u003ctype \u0027numpy.float64\u0027\u003e, u\u0027feature 1_sum\u0027: \u003ctype \u0027numpy.float64\u0027\u003e, u\u0027feature 43_sum\u0027: \u003ctype \u0027numpy.float64\u0027\u003e, u\u0027feature 209_sum\u0027: \u003ctype \u0027numpy.float64\u0027\u003e, u\u0027feature 5_sum\u0027: \u003ctype \u0027numpy.float64\u0027\u003e, u\u0027feature 165_sum\u0027: \u003ctype \u0027numpy.float64\u0027\u003e, u\u0027feature 141_sum\u0027: \u003ctype \u0027numpy.float64\u0027\u003e, u\u0027resource_type 3_sum\u0027: \u003ctype \u0027numpy.float64\u0027\u003e, u\u0027feature 105_sum\u0027: \u003ctype \u0027numpy.float64\u0027\u003e, u\u0027feature 212_sum\u0027: \u003ctype \u0027numpy.float64\u0027\u003e, u\u0027feature 312_sum\u0027: \u003ctype \u0027numpy.float64\u0027\u003e, u\u0027resource_type 8_sum\u0027: \u003ctype \u0027numpy.float64\u0027\u003e, u\u0027feature 49_sum\u0027: \u003ctype \u0027numpy.float64\u0027\u003e, u\u0027event_type 35_sum\u0027: \u003ctype \u0027numpy.float64\u0027\u003e, u\u0027feature 170_sum\u0027: \u003ctype \u0027numpy.float64\u0027\u003e, u\u0027feature 309_sum\u0027: \u003ctype \u0027numpy.float64\u0027\u003e, u\u0027feature 182_sum\u0027: \u003ctype \u0027numpy.float64\u0027\u003e, u\u0027feature 341_sum\u0027: \u003ctype \u0027numpy.float64\u0027\u003e, u\u0027feature 145_sum\u0027: \u003ctype \u0027numpy.float64\u0027\u003e, u\u0027severity_type 1_sum\u0027: \u003ctype \u0027numpy.float64\u0027\u003e, u\u0027severity_type 4_sum\u0027: \u003ctype \u0027numpy.float64\u0027\u003e, u\u0027feature 135_sum\u0027: \u003ctype \u0027numpy.float64\u0027\u003e, u\u0027feature 20_sum\u0027: \u003ctype \u0027numpy.float64\u0027\u003e, u\u0027resource_type 9_sum\u0027: \u003ctype \u0027numpy.float64\u0027\u003e, u\u0027event_type 38_sum\u0027: \u003ctype \u0027numpy.float64\u0027\u003e, u\u0027feature 195_sum\u0027: \u003ctype \u0027numpy.float64\u0027\u003e, u\u0027feature 48_sum\u0027: \u003ctype \u0027numpy.float64\u0027\u003e, u\u0027feature 266_sum\u0027: \u003ctype \u0027numpy.float64\u0027\u003e, u\u0027feature 42_sum\u0027: \u003ctype \u0027numpy.float64\u0027\u003e, u\u0027resource_type 1_sum\u0027: \u003ctype \u0027numpy.float64\u0027\u003e, u\u0027feature 71_sum\u0027: \u003ctype \u0027numpy.float64\u0027\u003e, u\u0027feature 139_sum\u0027: \u003ctype \u0027numpy.float64\u0027\u003e, u\u0027feature 54_sum\u0027: \u003ctype \u0027numpy.float64\u0027\u003e, u\u0027feature 301_sum\u0027: \u003ctype \u0027numpy.float64\u0027\u003e, u\u0027feature 305_sum\u0027: \u003ctype \u0027numpy.float64\u0027\u003e, u\u0027feature 134_sum\u0027: \u003ctype \u0027numpy.float64\u0027\u003e, u\u0027event_type 2_sum\u0027: \u003ctype \u0027numpy.float64\u0027\u003e, u\u0027feature 227_sum\u0027: \u003ctype \u0027numpy.float64\u0027\u003e, u\u0027feature 222_sum\u0027: \u003ctype \u0027numpy.float64\u0027\u003e, u\u0027feature 342_sum\u0027: \u0027str\u0027, u\u0027feature 246_sum\u0027: \u0027str\u0027, u\u0027feature 252_sum\u0027: \u0027str\u0027, u\u0027feature 244_sum\u0027: \u003ctype \u0027numpy.float64\u0027\u003e, u\u0027feature 183_sum\u0027: \u003ctype \u0027numpy.float64\u0027\u003e, u\u0027event_type 34_sum\u0027: \u003ctype \u0027numpy.float64\u0027\u003e, u\u0027feature 202_sum\u0027: \u003ctype \u0027numpy.float64\u0027\u003e, u\u0027feature 142_sum\u0027: \u003ctype \u0027numpy.float64\u0027\u003e, u\u0027feature 218_sum\u0027: \u003ctype \u0027numpy.float64\u0027\u003e, u\u0027feature 60_sum\u0027: \u003ctype \u0027numpy.float64\u0027\u003e, u\u0027feature 87_sum\u0027: \u003ctype \u0027numpy.float64\u0027\u003e, u\u0027feature 270_sum\u0027: \u0027str\u0027, u\u0027resource_type 2_sum\u0027: \u003ctype \u0027numpy.float64\u0027\u003e, u\u0027feature 251_sum\u0027: \u003ctype \u0027numpy.float64\u0027\u003e, u\u0027feature 117_sum\u0027: \u003ctype \u0027numpy.float64\u0027\u003e, u\u0027feature 24_sum\u0027: \u003ctype \u0027numpy.float64\u0027\u003e, u\u0027event_type 11_sum\u0027: \u003ctype \u0027numpy.float64\u0027\u003e}",
        "[2018-05-04 13:43:01,988] [13232/MainThread] [INFO] [root] Loaded table",
        "[2018-05-04 13:43:02,001] [13232/MainThread] [INFO] [root]  Coercion done",
        "[2018-05-04 13:43:02,001] [13232/MainThread] [INFO] [root] Loaded test df: shape\u003d(1462,237)",
        "[2018-05-04 13:43:02,002] [13232/MainThread] [INFO] [root] END -  Loading test set",
        "[2018-05-04 13:43:02,002] [13232/MainThread] [INFO] [root] START -  Collecting statistics",
        "[2018-05-04 13:43:02,002] [13232/MainThread] [INFO] [root] Looking at feature 302_sum... (type\u003dNUMERIC)",
        "[2018-05-04 13:43:02,002] [13232/MainThread] [INFO] [root] Checking series of type: float64 (isM8\u003dFalse)",
        "[2018-05-04 13:43:02,003] [13232/MainThread] [INFO] [root] Looking at feature 269_sum... (type\u003dCATEGORY)",
        "[2018-05-04 13:43:02,005] [13232/MainThread] [INFO] [root] Looking at event_type 8_sum... (type\u003dNUMERIC)",
        "[2018-05-04 13:43:02,005] [13232/MainThread] [INFO] [root] Checking series of type: float64 (isM8\u003dFalse)",
        "[2018-05-04 13:43:02,006] [13232/MainThread] [INFO] [root] Looking at feature 55_sum... (type\u003dNUMERIC)",
        "[2018-05-04 13:43:02,006] [13232/MainThread] [INFO] [root] Checking series of type: float64 (isM8\u003dFalse)",
        "[2018-05-04 13:43:02,006] [13232/MainThread] [INFO] [root] Looking at feature 83_sum... (type\u003dNUMERIC)",
        "[2018-05-04 13:43:02,007] [13232/MainThread] [INFO] [root] Checking series of type: float64 (isM8\u003dFalse)",
        "[2018-05-04 13:43:02,009] [13232/MainThread] [INFO] [root] Looking at feature 108_sum... (type\u003dNUMERIC)",
        "[2018-05-04 13:43:02,009] [13232/MainThread] [INFO] [root] Checking series of type: float64 (isM8\u003dFalse)",
        "[2018-05-04 13:43:02,011] [13232/MainThread] [INFO] [root] Looking at feature 51_sum... (type\u003dNUMERIC)",
        "[2018-05-04 13:43:02,011] [13232/MainThread] [INFO] [root] Checking series of type: float64 (isM8\u003dFalse)",
        "[2018-05-04 13:43:02,014] [13232/MainThread] [INFO] [root] Looking at event_type 7_sum... (type\u003dNUMERIC)",
        "[2018-05-04 13:43:02,014] [13232/MainThread] [INFO] [root] Checking series of type: float64 (isM8\u003dFalse)",
        "[2018-05-04 13:43:02,015] [13232/MainThread] [INFO] [root] Looking at feature 310_sum... (type\u003dNUMERIC)",
        "[2018-05-04 13:43:02,015] [13232/MainThread] [INFO] [root] Checking series of type: float64 (isM8\u003dFalse)",
        "[2018-05-04 13:43:02,015] [13232/MainThread] [INFO] [root] Looking at feature 230_sum... (type\u003dNUMERIC)",
        "[2018-05-04 13:43:02,015] [13232/MainThread] [INFO] [root] Checking series of type: float64 (isM8\u003dFalse)",
        "[2018-05-04 13:43:02,016] [13232/MainThread] [INFO] [root] Looking at feature 235_sum... (type\u003dNUMERIC)",
        "[2018-05-04 13:43:02,016] [13232/MainThread] [INFO] [root] Checking series of type: float64 (isM8\u003dFalse)",
        "[2018-05-04 13:43:02,017] [13232/MainThread] [INFO] [root] Looking at feature 319_sum... (type\u003dNUMERIC)",
        "[2018-05-04 13:43:02,017] [13232/MainThread] [INFO] [root] Checking series of type: float64 (isM8\u003dFalse)",
        "[2018-05-04 13:43:02,018] [13232/MainThread] [INFO] [root] Looking at feature 219_sum... (type\u003dNUMERIC)",
        "[2018-05-04 13:43:02,018] [13232/MainThread] [INFO] [root] Checking series of type: float64 (isM8\u003dFalse)",
        "[2018-05-04 13:43:02,018] [13232/MainThread] [INFO] [root] Looking at feature 118_sum... (type\u003dNUMERIC)",
        "[2018-05-04 13:43:02,019] [13232/MainThread] [INFO] [root] Checking series of type: float64 (isM8\u003dFalse)",
        "[2018-05-04 13:43:02,019] [13232/MainThread] [INFO] [root] Looking at severity_type 2_sum... (type\u003dNUMERIC)",
        "[2018-05-04 13:43:02,019] [13232/MainThread] [INFO] [root] Checking series of type: float64 (isM8\u003dFalse)",
        "[2018-05-04 13:43:02,020] [13232/MainThread] [INFO] [root] Looking at feature 331_sum... (type\u003dNUMERIC)",
        "[2018-05-04 13:43:02,020] [13232/MainThread] [INFO] [root] Checking series of type: float64 (isM8\u003dFalse)",
        "[2018-05-04 13:43:02,021] [13232/MainThread] [INFO] [root] END -  Collecting statistics",
        "Traceback (most recent call last):",
        "  File \"/home/ibou/dataiku-dss-4.1.5/python/dataiku/doctor/server.py\", line 50, in serve",
        "    ret \u003d api_command(arg)",
        "  File \"/home/ibou/dataiku-dss-4.1.5/python/dataiku/doctor/dkuapi.py\", line 45, in aux",
        "    return api(**kwargs)",
        "  File \"/home/ibou/dataiku-dss-4.1.5/python/dataiku/doctor/commands.py\", line 234, in train_prediction_models_nosave",
        "    collector_data \u003d collector.build()",
        "  File \"/home/ibou/dataiku-dss-4.1.5/python/dataiku/doctor/preprocessing_collector.py\", line 35, in build",
        "    self.ret[\"per_feature\"][vname] \u003d self.get_feature_analysis_data(vname, per_feature_params)",
        "  File \"/home/ibou/dataiku-dss-4.1.5/python/dataiku/doctor/preprocessing_collector.py\", line 71, in get_feature_analysis_data",
        "    raise ValueError(\"Numeric feature %s is empty\" % name)",
        "ValueError: Numeric feature feature 331_sum is empty"
      ],
      "status": [
        1,
        1,
        1,
        1,
        1,
        1,
        1,
        1,
        1,
        1,
        1,
        1,
        1,
        1,
        1,
        1,
        1,
        1,
        1,
        1,
        1,
        1,
        1,
        1,
        1,
        1,
        1,
        1,
        1,
        1,
        1,
        1,
        1,
        1,
        1,
        1,
        1,
        1,
        1,
        1,
        1,
        1,
        1,
        1,
        1,
        1,
        1,
        1,
        1,
        1,
        1,
        1,
        1,
        1,
        1,
        1,
        1,
        1,
        1,
        1,
        1,
        1,
        1,
        1,
        1,
        1,
        1,
        1,
        3,
        1,
        1,
        1,
        1,
        1,
        1,
        1,
        1,
        1,
        3,
        3
      ],
      "maxLevel": 3
    }
  },
  "preSearchDescription": {
    "gridLength": 1,
    "importantParams": [
      {
        "name": "trees",
        "val": "300"
      },
      {
        "name": "max_depth",
        "vals": [
          "3"
        ]
      }
    ]
  },
  "modelId": "m1",
  "progress": {
    "top_level_todo": [
      "Preprocessing train set",
      "Preprocessing test set",
      "Fitting model",
      "Saving model",
      "Scoring model"
    ],
    "stack": [
      {
        "name": "Collecting statistics",
        "target": 0.0,
        "cur": 0.0,
        "important": false,
        "depth": 0,
        "startTimestamp": 0,
        "msSinceStart": 0
      }
    ],
    "top_level_done": [
      {
        "name": "Loading train set",
        "time": 134
      },
      {
        "name": "Loading test set",
        "time": 51
      }
    ]
  },
  "startTime": 1525434181815,
  "endTime": 0,
  "preprocessingTime": 0,
  "trainingTime": 0
}