{
  "state": "DONE",
  "preSearchDescription": {
    "gridLength": 100,
    "importantParams": [
      {
        "name": "trees",
        "val": "300"
      },
      {
        "name": "max_depth",
        "vals": [
          "1",
          "2",
          "3",
          "5",
          "10"
        ]
      }
    ]
  },
  "postSearchDescription": {
    "importantParams": [
      {
        "name": "trees",
        "val": "2"
      },
      {
        "name": "max_depth",
        "val": "10"
      }
    ]
  },
  "modelId": "m1",
  "progress": {
    "top_level_todo": [],
    "stack": [],
    "top_level_done": [
      {
        "name": "Loading train set",
        "time": 179
      },
      {
        "name": "Loading test set",
        "time": 51
      },
      {
        "name": "Collecting statistics",
        "time": 125
      },
      {
        "name": "Preprocessing train set",
        "time": 194
      },
      {
        "name": "Preprocessing test set",
        "time": 149
      },
      {
        "name": "Fitting model",
        "time": 118623
      },
      {
        "name": "Saving model",
        "time": 4
      },
      {
        "name": "Scoring model",
        "time": 125
      }
    ]
  },
  "startTime": 1496724581375,
  "endTime": 1496724700833,
  "preprocessingTime": 705,
  "trainingTime": 118753
}