{
  "state": "DONE",
  "preSearchDescription": {
    "gridLength": 1,
    "importantParams": [
      {
        "name": "trees",
        "vals": [
          "100"
        ]
      },
      {
        "name": "learning_rate",
        "vals": [
          "0.1"
        ]
      },
      {
        "name": "max_depth",
        "vals": [
          "3"
        ]
      }
    ]
  },
  "postSearchDescription": {
    "importantParams": [
      {
        "name": "trees",
        "val": "100"
      },
      {
        "name": "learning_rate",
        "val": "0.1"
      },
      {
        "name": "max_depth",
        "val": "3"
      }
    ]
  },
  "modelId": "m1",
  "progress": {
    "top_level_todo": [],
    "stack": [],
    "top_level_done": [
      {
        "name": "Loading train set",
        "time": 327
      },
      {
        "name": "Loading test set",
        "time": 73
      },
      {
        "name": "Collecting statistics",
        "time": 348
      },
      {
        "name": "Preprocessing train set",
        "time": 637
      },
      {
        "name": "Preprocessing test set",
        "time": 534
      },
      {
        "name": "Fitting model",
        "time": 40209
      },
      {
        "name": "Saving model",
        "time": 95
      },
      {
        "name": "Scoring model",
        "time": 3030
      }
    ]
  },
  "startTime": 1525434628883,
  "endTime": 1525434674149,
  "preprocessingTime": 1931,
  "trainingTime": 43335
}