{
  "type": "MySQL",
  "managed": true,
  "checklists": {
    "checklists": []
  },
  "checks": [],
  "customMeta": {
    "kv": {}
  },
  "flowOptions": {
    "virtualizable": false,
    "rebuildBehavior": "NORMAL",
    "crossProjectBuildBehavior": "DEFAULT"
  },
  "partitioning": {
    "ignoreNonMatchingFile": false,
    "dimensions": []
  },
  "versionTag": {
    "versionNumber": 2,
    "lastModifiedBy": {
      "login": "admin"
    },
    "lastModifiedOn": 1496696951146
  },
  "creationTag": {
    "versionNumber": 0,
    "lastModifiedBy": {
      "login": "admin"
    },
    "lastModifiedOn": 1496696444354
  },
  "tags": [
    "creator:admin"
  ],
  "params": {
    "useDatetimeForDates": false,
    "connection": "TELSTRA",
    "mode": "table",
    "partitioned": false,
    "partitioningType": "custom",
    "normalizeDoubles": true,
    "table": "${projectKey}_resource_type_prepared",
    "tableCreationMode": "auto",
    "writeInsertBatchSize": 10000,
    "writeJDBCBadDataBehavior": "DISCARD_ROW",
    "hasColsWithUnknownTz": false,
    "readColsWithUnknownTzAsDates": false
  },
  "schema": {
    "userModified": true,
    "columns": [
      {
        "name": "id",
        "type": "int",
        "timestampNoTzAsDate": false,
        "maxLength": -1
      },
      {
        "name": "resource_type",
        "type": "string",
        "timestampNoTzAsDate": false,
        "maxLength": 500
      }
    ]
  },
  "metrics": {
    "probes": [
      {
        "type": "basic",
        "enabled": true,
        "computeOnBuildMode": "PARTITION",
        "meta": {
          "name": "Basic data",
          "level": 0
        },
        "configuration": {}
      },
      {
        "type": "records",
        "enabled": true,
        "computeOnBuildMode": "NO",
        "meta": {
          "name": "Record count",
          "level": 0
        },
        "configuration": {}
      }
    ],
    "engineConfig": {
      "padRunsWithMetrics": false,
      "hive": {
        "active": true,
        "extraConf": []
      },
      "basic": {},
      "dss": {
        "active": true,
        "selection": {
          "useMemTable": false,
          "filter": {
            "distinct": false,
            "enabled": false
          },
          "partitionSelectionMethod": "ALL",
          "latestPartitionsN": 1,
          "samplingMethod": "FULL",
          "maxRecords": -1,
          "targetRatio": 0.02,
          "withinFirstN": -1,
          "maxReadUncompressedBytes": -1
        }
      },
      "sql": {
        "active": true
      },
      "impala": {
        "active": true
      },
      "python": {}
    },
    "displayedState": {
      "columns": [],
      "metrics": [
        "basic:COUNT_COLUMNS",
        "records:COUNT_RECORDS"
      ]
    }
  },
  "metricsChecks": {
    "runOnBuild": false,
    "checks": [],
    "displayedState": {
      "checks": []
    }
  }
}