{
    "usedGridSearch": true, 
    "probaAware": true, 
    "gridSize": 100, 
    "rawImportance": {
        "variables": [
            "event_type_avg", 
            "event_type_count", 
            "event_type_distinct", 
            "event_type_max", 
            "event_type_min", 
            "event_type_sum", 
            "event_types_0", 
            "event_types_1", 
            "event_types_2", 
            "location", 
            "log_feature_avg", 
            "log_feature_count", 
            "log_feature_distinct", 
            "log_feature_max", 
            "log_feature_min", 
            "log_feature_sum", 
            "log_features_0", 
            "log_features_1", 
            "log_features_2", 
            "log_features_3", 
            "log_features_4", 
            "log_features_5", 
            "log_features_6", 
            "log_features_7", 
            "rank", 
            "resource_type_avg", 
            "resource_type_count", 
            "resource_type_distinct", 
            "resource_type_max", 
            "resource_type_min", 
            "resource_type_sum", 
            "resource_types_0", 
            "resource_types_1", 
            "severity_type", 
            "volume_avg", 
            "volume_count", 
            "volume_distinct", 
            "volume_max", 
            "volume_min", 
            "volume_sum", 
            "volumes_0", 
            "volumes_1", 
            "volumes_2", 
            "volumes_3", 
            "volumes_4", 
            "volumes_5", 
            "volumes_6", 
            "volumes_7"
        ], 
        "importances": [
            0.043277330696582794, 
            0.01235145889222622, 
            0.006529325619339943, 
            0.013549757190048695, 
            0.010815693996846676, 
            0.016428280621767044, 
            0.018138820305466652, 
            0.01667126640677452, 
            0.009807109832763672, 
            0.15708254277706146, 
            0.07361707836389542, 
            0.00925326719880104, 
            0.001937405439093709, 
            0.03680339455604553, 
            0.025681041181087494, 
            0.037198349833488464, 
            0.03376496210694313, 
            0.03134967014193535, 
            0.022353745996952057, 
            0.018773678690195084, 
            0.011590319685637951, 
            0.008959218859672546, 
            0.0017249303637072444, 
            0.0015263000968843699, 
            0.11025813221931458, 
            0.007161351852118969, 
            0.001282370649278164, 
            0.0008563704905100167, 
            0.0008240247843787074, 
            0.0012316879583522677, 
            0.009256870485842228, 
            0.0033787982538342476, 
            0.006184672005474567, 
            0.014146372675895691, 
            0.05552339926362038, 
            0.0001926182012539357, 
            0.012360064312815666, 
            0.027626140043139458, 
            0.022311441600322723, 
            0.02853483147919178, 
            0.017169037833809853, 
            0.025267697870731354, 
            0.01277549285441637, 
            0.012838207185268402, 
            0.0053448984399437904, 
            0.0043343654833734035, 
            0.001606704550795257, 
            0.0003495147393550724
        ]
    }, 
    "modelInputNRows": 5919, 
    "modelInputNCols": 48, 
    "modelInputMemory": 2272896, 
    "gridCells": [
        {
            "score": 0.67323788818929087, 
            "params": {
                "reg_alpha": 0.0, 
                "colsample_bytree": 0.75, 
                "colsample_bylevel": 1.0, 
                "learning_rate": 0.01, 
                "max_delta_step": 0.0, 
                "min_child_weight": 0.0, 
                "subsample": 0.75, 
                "reg_lambda": 1.0, 
                "max_depth": 1, 
                "gamma": 0.0
            }
        }, 
        {
            "score": 0.67218582989988396, 
            "params": {
                "reg_alpha": 0.0, 
                "colsample_bytree": 0.75, 
                "colsample_bylevel": 1.0, 
                "learning_rate": 0.01, 
                "max_delta_step": 0.0, 
                "min_child_weight": 0.0, 
                "subsample": 1.0, 
                "reg_lambda": 1.0, 
                "max_depth": 1, 
                "gamma": 0.0
            }
        }, 
        {
            "score": 0.77824029418361285, 
            "params": {
                "reg_alpha": 0.0, 
                "colsample_bytree": 0.75, 
                "colsample_bylevel": 1.0, 
                "learning_rate": 0.01, 
                "max_delta_step": 0.0, 
                "min_child_weight": 0.0, 
                "subsample": 0.75, 
                "reg_lambda": 1.0, 
                "max_depth": 2, 
                "gamma": 0.0
            }
        }, 
        {
            "score": 0.76050154546981441, 
            "params": {
                "reg_alpha": 0.0, 
                "colsample_bytree": 0.75, 
                "colsample_bylevel": 1.0, 
                "learning_rate": 0.01, 
                "max_delta_step": 0.0, 
                "min_child_weight": 0.0, 
                "subsample": 1.0, 
                "reg_lambda": 1.0, 
                "max_depth": 2, 
                "gamma": 0.0
            }
        }, 
        {
            "score": 0.81213330293262154, 
            "params": {
                "reg_alpha": 0.0, 
                "colsample_bytree": 0.75, 
                "colsample_bylevel": 1.0, 
                "learning_rate": 0.01, 
                "max_delta_step": 0.0, 
                "min_child_weight": 0.0, 
                "subsample": 0.75, 
                "reg_lambda": 1.0, 
                "max_depth": 3, 
                "gamma": 0.0
            }
        }, 
        {
            "score": 0.80283805490387505, 
            "params": {
                "reg_alpha": 0.0, 
                "colsample_bytree": 0.75, 
                "colsample_bylevel": 1.0, 
                "learning_rate": 0.01, 
                "max_delta_step": 0.0, 
                "min_child_weight": 0.0, 
                "subsample": 1.0, 
                "reg_lambda": 1.0, 
                "max_depth": 3, 
                "gamma": 0.0
            }
        }, 
        {
            "score": 0.82704319325107467, 
            "params": {
                "reg_alpha": 0.0, 
                "colsample_bytree": 0.75, 
                "colsample_bylevel": 1.0, 
                "learning_rate": 0.01, 
                "max_delta_step": 0.0, 
                "min_child_weight": 0.0, 
                "subsample": 0.75, 
                "reg_lambda": 1.0, 
                "max_depth": 5, 
                "gamma": 0.0
            }
        }, 
        {
            "score": 0.81682395573721189, 
            "params": {
                "reg_alpha": 0.0, 
                "colsample_bytree": 0.75, 
                "colsample_bylevel": 1.0, 
                "learning_rate": 0.01, 
                "max_delta_step": 0.0, 
                "min_child_weight": 0.0, 
                "subsample": 1.0, 
                "reg_lambda": 1.0, 
                "max_depth": 5, 
                "gamma": 0.0
            }
        }, 
        {
            "score": 0.82801345666479731, 
            "params": {
                "reg_alpha": 0.0, 
                "colsample_bytree": 0.75, 
                "colsample_bylevel": 1.0, 
                "learning_rate": 0.01, 
                "max_delta_step": 0.0, 
                "min_child_weight": 0.0, 
                "subsample": 0.75, 
                "reg_lambda": 1.0, 
                "max_depth": 10, 
                "gamma": 0.0
            }
        }, 
        {
            "score": 0.8213572379954216, 
            "params": {
                "reg_alpha": 0.0, 
                "colsample_bytree": 0.75, 
                "colsample_bylevel": 1.0, 
                "learning_rate": 0.01, 
                "max_delta_step": 0.0, 
                "min_child_weight": 0.0, 
                "subsample": 1.0, 
                "reg_lambda": 1.0, 
                "max_depth": 10, 
                "gamma": 0.0
            }
        }, 
        {
            "score": 0.67655236648381278, 
            "params": {
                "reg_alpha": 0.0, 
                "colsample_bytree": 0.75, 
                "colsample_bylevel": 1.0, 
                "learning_rate": 0.05, 
                "max_delta_step": 0.0, 
                "min_child_weight": 0.0, 
                "subsample": 0.75, 
                "reg_lambda": 1.0, 
                "max_depth": 1, 
                "gamma": 0.0
            }
        }, 
        {
            "score": 0.67554517444051532, 
            "params": {
                "reg_alpha": 0.0, 
                "colsample_bytree": 0.75, 
                "colsample_bylevel": 1.0, 
                "learning_rate": 0.05, 
                "max_delta_step": 0.0, 
                "min_child_weight": 0.0, 
                "subsample": 1.0, 
                "reg_lambda": 1.0, 
                "max_depth": 1, 
                "gamma": 0.0
            }
        }, 
        {
            "score": 0.77585861141352541, 
            "params": {
                "reg_alpha": 0.0, 
                "colsample_bytree": 0.75, 
                "colsample_bylevel": 1.0, 
                "learning_rate": 0.05, 
                "max_delta_step": 0.0, 
                "min_child_weight": 0.0, 
                "subsample": 0.75, 
                "reg_lambda": 1.0, 
                "max_depth": 2, 
                "gamma": 0.0
            }
        }, 
        {
            "score": 0.77334214938742452, 
            "params": {
                "reg_alpha": 0.0, 
                "colsample_bytree": 0.75, 
                "colsample_bylevel": 1.0, 
                "learning_rate": 0.05, 
                "max_delta_step": 0.0, 
                "min_child_weight": 0.0, 
                "subsample": 1.0, 
                "reg_lambda": 1.0, 
                "max_depth": 2, 
                "gamma": 0.0
            }
        }, 
        {
            "score": 0.8126990793203881, 
            "params": {
                "reg_alpha": 0.0, 
                "colsample_bytree": 0.75, 
                "colsample_bylevel": 1.0, 
                "learning_rate": 0.05, 
                "max_delta_step": 0.0, 
                "min_child_weight": 0.0, 
                "subsample": 0.75, 
                "reg_lambda": 1.0, 
                "max_depth": 3, 
                "gamma": 0.0
            }
        }, 
        {
            "score": 0.8031206249332874, 
            "params": {
                "reg_alpha": 0.0, 
                "colsample_bytree": 0.75, 
                "colsample_bylevel": 1.0, 
                "learning_rate": 0.05, 
                "max_delta_step": 0.0, 
                "min_child_weight": 0.0, 
                "subsample": 1.0, 
                "reg_lambda": 1.0, 
                "max_depth": 3, 
                "gamma": 0.0
            }
        }, 
        {
            "score": 0.79405544577710319, 
            "params": {
                "reg_alpha": 0.0, 
                "colsample_bytree": 0.75, 
                "colsample_bylevel": 1.0, 
                "learning_rate": 0.05, 
                "max_delta_step": 0.0, 
                "min_child_weight": 0.0, 
                "subsample": 0.75, 
                "reg_lambda": 1.0, 
                "max_depth": 5, 
                "gamma": 0.0
            }
        }, 
        {
            "score": 0.80277146008867895, 
            "params": {
                "reg_alpha": 0.0, 
                "colsample_bytree": 0.75, 
                "colsample_bylevel": 1.0, 
                "learning_rate": 0.05, 
                "max_delta_step": 0.0, 
                "min_child_weight": 0.0, 
                "subsample": 1.0, 
                "reg_lambda": 1.0, 
                "max_depth": 5, 
                "gamma": 0.0
            }
        }, 
        {
            "score": 0.80860072908917813, 
            "params": {
                "reg_alpha": 0.0, 
                "colsample_bytree": 0.75, 
                "colsample_bylevel": 1.0, 
                "learning_rate": 0.05, 
                "max_delta_step": 0.0, 
                "min_child_weight": 0.0, 
                "subsample": 0.75, 
                "reg_lambda": 1.0, 
                "max_depth": 10, 
                "gamma": 0.0
            }
        }, 
        {
            "score": 0.81106300177192381, 
            "params": {
                "reg_alpha": 0.0, 
                "colsample_bytree": 0.75, 
                "colsample_bylevel": 1.0, 
                "learning_rate": 0.05, 
                "max_delta_step": 0.0, 
                "min_child_weight": 0.0, 
                "subsample": 1.0, 
                "reg_lambda": 1.0, 
                "max_depth": 10, 
                "gamma": 0.0
            }
        }, 
        {
            "score": 0.68990872083221588, 
            "params": {
                "reg_alpha": 0.0, 
                "colsample_bytree": 0.75, 
                "colsample_bylevel": 1.0, 
                "learning_rate": 0.1, 
                "max_delta_step": 0.0, 
                "min_child_weight": 0.0, 
                "subsample": 0.75, 
                "reg_lambda": 1.0, 
                "max_depth": 1, 
                "gamma": 0.0
            }
        }, 
        {
            "score": 0.7022430933727557, 
            "params": {
                "reg_alpha": 0.0, 
                "colsample_bytree": 0.75, 
                "colsample_bylevel": 1.0, 
                "learning_rate": 0.1, 
                "max_delta_step": 0.0, 
                "min_child_weight": 0.0, 
                "subsample": 1.0, 
                "reg_lambda": 1.0, 
                "max_depth": 1, 
                "gamma": 0.0
            }
        }, 
        {
            "score": 0.78800801483358451, 
            "params": {
                "reg_alpha": 0.0, 
                "colsample_bytree": 0.75, 
                "colsample_bylevel": 1.0, 
                "learning_rate": 0.1, 
                "max_delta_step": 0.0, 
                "min_child_weight": 0.0, 
                "subsample": 0.75, 
                "reg_lambda": 1.0, 
                "max_depth": 2, 
                "gamma": 0.0
            }
        }, 
        {
            "score": 0.775125207623793, 
            "params": {
                "reg_alpha": 0.0, 
                "colsample_bytree": 0.75, 
                "colsample_bylevel": 1.0, 
                "learning_rate": 0.1, 
                "max_delta_step": 0.0, 
                "min_child_weight": 0.0, 
                "subsample": 1.0, 
                "reg_lambda": 1.0, 
                "max_depth": 2, 
                "gamma": 0.0
            }
        }, 
        {
            "score": 0.79868574154299454, 
            "params": {
                "reg_alpha": 0.0, 
                "colsample_bytree": 0.75, 
                "colsample_bylevel": 1.0, 
                "learning_rate": 0.1, 
                "max_delta_step": 0.0, 
                "min_child_weight": 0.0, 
                "subsample": 0.75, 
                "reg_lambda": 1.0, 
                "max_depth": 3, 
                "gamma": 0.0
            }
        }, 
        {
            "score": 0.80732131703687537, 
            "params": {
                "reg_alpha": 0.0, 
                "colsample_bytree": 0.75, 
                "colsample_bylevel": 1.0, 
                "learning_rate": 0.1, 
                "max_delta_step": 0.0, 
                "min_child_weight": 0.0, 
                "subsample": 1.0, 
                "reg_lambda": 1.0, 
                "max_depth": 3, 
                "gamma": 0.0
            }
        }, 
        {
            "score": 0.79027301621225443, 
            "params": {
                "reg_alpha": 0.0, 
                "colsample_bytree": 0.75, 
                "colsample_bylevel": 1.0, 
                "learning_rate": 0.1, 
                "max_delta_step": 0.0, 
                "min_child_weight": 0.0, 
                "subsample": 0.75, 
                "reg_lambda": 1.0, 
                "max_depth": 5, 
                "gamma": 0.0
            }
        }, 
        {
            "score": 0.77966486971486304, 
            "params": {
                "reg_alpha": 0.0, 
                "colsample_bytree": 0.75, 
                "colsample_bylevel": 1.0, 
                "learning_rate": 0.1, 
                "max_delta_step": 0.0, 
                "min_child_weight": 0.0, 
                "subsample": 1.0, 
                "reg_lambda": 1.0, 
                "max_depth": 5, 
                "gamma": 0.0
            }
        }, 
        {
            "score": 0.77211981060387114, 
            "params": {
                "reg_alpha": 0.0, 
                "colsample_bytree": 0.75, 
                "colsample_bylevel": 1.0, 
                "learning_rate": 0.1, 
                "max_delta_step": 0.0, 
                "min_child_weight": 0.0, 
                "subsample": 0.75, 
                "reg_lambda": 1.0, 
                "max_depth": 10, 
                "gamma": 0.0
            }
        }, 
        {
            "score": 0.80670917524467367, 
            "params": {
                "reg_alpha": 0.0, 
                "colsample_bytree": 0.75, 
                "colsample_bylevel": 1.0, 
                "learning_rate": 0.1, 
                "max_delta_step": 0.0, 
                "min_child_weight": 0.0, 
                "subsample": 1.0, 
                "reg_lambda": 1.0, 
                "max_depth": 10, 
                "gamma": 0.0
            }
        }, 
        {
            "score": 0.71027020040688515, 
            "params": {
                "reg_alpha": 0.0, 
                "colsample_bytree": 0.75, 
                "colsample_bylevel": 1.0, 
                "learning_rate": 0.3, 
                "max_delta_step": 0.0, 
                "min_child_weight": 0.0, 
                "subsample": 0.75, 
                "reg_lambda": 1.0, 
                "max_depth": 1, 
                "gamma": 0.0
            }
        }, 
        {
            "score": 0.72138359346093694, 
            "params": {
                "reg_alpha": 0.0, 
                "colsample_bytree": 0.75, 
                "colsample_bylevel": 1.0, 
                "learning_rate": 0.3, 
                "max_delta_step": 0.0, 
                "min_child_weight": 0.0, 
                "subsample": 1.0, 
                "reg_lambda": 1.0, 
                "max_depth": 1, 
                "gamma": 0.0
            }
        }, 
        {
            "score": 0.74592006338641359, 
            "params": {
                "reg_alpha": 0.0, 
                "colsample_bytree": 0.75, 
                "colsample_bylevel": 1.0, 
                "learning_rate": 0.3, 
                "max_delta_step": 0.0, 
                "min_child_weight": 0.0, 
                "subsample": 0.75, 
                "reg_lambda": 1.0, 
                "max_depth": 2, 
                "gamma": 0.0
            }
        }, 
        {
            "score": 0.7864986242400015, 
            "params": {
                "reg_alpha": 0.0, 
                "colsample_bytree": 0.75, 
                "colsample_bylevel": 1.0, 
                "learning_rate": 0.3, 
                "max_delta_step": 0.0, 
                "min_child_weight": 0.0, 
                "subsample": 1.0, 
                "reg_lambda": 1.0, 
                "max_depth": 2, 
                "gamma": 0.0
            }
        }, 
        {
            "score": 0.79526224066085804, 
            "params": {
                "reg_alpha": 0.0, 
                "colsample_bytree": 0.75, 
                "colsample_bylevel": 1.0, 
                "learning_rate": 0.3, 
                "max_delta_step": 0.0, 
                "min_child_weight": 0.0, 
                "subsample": 0.75, 
                "reg_lambda": 1.0, 
                "max_depth": 3, 
                "gamma": 0.0
            }
        }, 
        {
            "score": 0.73655059875404549, 
            "params": {
                "reg_alpha": 0.0, 
                "colsample_bytree": 0.75, 
                "colsample_bylevel": 1.0, 
                "learning_rate": 0.3, 
                "max_delta_step": 0.0, 
                "min_child_weight": 0.0, 
                "subsample": 1.0, 
                "reg_lambda": 1.0, 
                "max_depth": 3, 
                "gamma": 0.0
            }
        }, 
        {
            "score": 0.76939226187911225, 
            "params": {
                "reg_alpha": 0.0, 
                "colsample_bytree": 0.75, 
                "colsample_bylevel": 1.0, 
                "learning_rate": 0.3, 
                "max_delta_step": 0.0, 
                "min_child_weight": 0.0, 
                "subsample": 0.75, 
                "reg_lambda": 1.0, 
                "max_depth": 5, 
                "gamma": 0.0
            }
        }, 
        {
            "score": 0.78823015348318448, 
            "params": {
                "reg_alpha": 0.0, 
                "colsample_bytree": 0.75, 
                "colsample_bylevel": 1.0, 
                "learning_rate": 0.3, 
                "max_delta_step": 0.0, 
                "min_child_weight": 0.0, 
                "subsample": 1.0, 
                "reg_lambda": 1.0, 
                "max_depth": 5, 
                "gamma": 0.0
            }
        }, 
        {
            "score": 0.78779768283062335, 
            "params": {
                "reg_alpha": 0.0, 
                "colsample_bytree": 0.75, 
                "colsample_bylevel": 1.0, 
                "learning_rate": 0.3, 
                "max_delta_step": 0.0, 
                "min_child_weight": 0.0, 
                "subsample": 0.75, 
                "reg_lambda": 1.0, 
                "max_depth": 10, 
                "gamma": 0.0
            }
        }, 
        {
            "score": 0.73628763240867445, 
            "params": {
                "reg_alpha": 0.0, 
                "colsample_bytree": 0.75, 
                "colsample_bylevel": 1.0, 
                "learning_rate": 0.3, 
                "max_delta_step": 0.0, 
                "min_child_weight": 0.0, 
                "subsample": 1.0, 
                "reg_lambda": 1.0, 
                "max_depth": 10, 
                "gamma": 0.0
            }
        }, 
        {
            "score": 0.71723983662122348, 
            "params": {
                "reg_alpha": 0.0, 
                "colsample_bytree": 0.75, 
                "colsample_bylevel": 1.0, 
                "learning_rate": 0.5, 
                "max_delta_step": 0.0, 
                "min_child_weight": 0.0, 
                "subsample": 0.75, 
                "reg_lambda": 1.0, 
                "max_depth": 1, 
                "gamma": 0.0
            }
        }, 
        {
            "score": 0.7402975354562793, 
            "params": {
                "reg_alpha": 0.0, 
                "colsample_bytree": 0.75, 
                "colsample_bylevel": 1.0, 
                "learning_rate": 0.5, 
                "max_delta_step": 0.0, 
                "min_child_weight": 0.0, 
                "subsample": 1.0, 
                "reg_lambda": 1.0, 
                "max_depth": 1, 
                "gamma": 0.0
            }
        }, 
        {
            "score": 0.78365632928061235, 
            "params": {
                "reg_alpha": 0.0, 
                "colsample_bytree": 0.75, 
                "colsample_bylevel": 1.0, 
                "learning_rate": 0.5, 
                "max_delta_step": 0.0, 
                "min_child_weight": 0.0, 
                "subsample": 0.75, 
                "reg_lambda": 1.0, 
                "max_depth": 2, 
                "gamma": 0.0
            }
        }, 
        {
            "score": 0.75295047515610958, 
            "params": {
                "reg_alpha": 0.0, 
                "colsample_bytree": 0.75, 
                "colsample_bylevel": 1.0, 
                "learning_rate": 0.5, 
                "max_delta_step": 0.0, 
                "min_child_weight": 0.0, 
                "subsample": 1.0, 
                "reg_lambda": 1.0, 
                "max_depth": 2, 
                "gamma": 0.0
            }
        }, 
        {
            "score": 0.78096343846255345, 
            "params": {
                "reg_alpha": 0.0, 
                "colsample_bytree": 0.75, 
                "colsample_bylevel": 1.0, 
                "learning_rate": 0.5, 
                "max_delta_step": 0.0, 
                "min_child_weight": 0.0, 
                "subsample": 0.75, 
                "reg_lambda": 1.0, 
                "max_depth": 3, 
                "gamma": 0.0
            }
        }, 
        {
            "score": 0.75216104864475086, 
            "params": {
                "reg_alpha": 0.0, 
                "colsample_bytree": 0.75, 
                "colsample_bylevel": 1.0, 
                "learning_rate": 0.5, 
                "max_delta_step": 0.0, 
                "min_child_weight": 0.0, 
                "subsample": 1.0, 
                "reg_lambda": 1.0, 
                "max_depth": 3, 
                "gamma": 0.0
            }
        }, 
        {
            "score": 0.78573403360346361, 
            "params": {
                "reg_alpha": 0.0, 
                "colsample_bytree": 0.75, 
                "colsample_bylevel": 1.0, 
                "learning_rate": 0.5, 
                "max_delta_step": 0.0, 
                "min_child_weight": 0.0, 
                "subsample": 0.75, 
                "reg_lambda": 1.0, 
                "max_depth": 5, 
                "gamma": 0.0
            }
        }, 
        {
            "score": 0.74612757152013998, 
            "params": {
                "reg_alpha": 0.0, 
                "colsample_bytree": 0.75, 
                "colsample_bylevel": 1.0, 
                "learning_rate": 0.5, 
                "max_delta_step": 0.0, 
                "min_child_weight": 0.0, 
                "subsample": 1.0, 
                "reg_lambda": 1.0, 
                "max_depth": 5, 
                "gamma": 0.0
            }
        }, 
        {
            "score": 0.78554638865146165, 
            "params": {
                "reg_alpha": 0.0, 
                "colsample_bytree": 0.75, 
                "colsample_bylevel": 1.0, 
                "learning_rate": 0.5, 
                "max_delta_step": 0.0, 
                "min_child_weight": 0.0, 
                "subsample": 0.75, 
                "reg_lambda": 1.0, 
                "max_depth": 10, 
                "gamma": 0.0
            }
        }, 
        {
            "score": 0.76533108158280816, 
            "params": {
                "reg_alpha": 0.0, 
                "colsample_bytree": 0.75, 
                "colsample_bylevel": 1.0, 
                "learning_rate": 0.5, 
                "max_delta_step": 0.0, 
                "min_child_weight": 0.0, 
                "subsample": 1.0, 
                "reg_lambda": 1.0, 
                "max_depth": 10, 
                "gamma": 0.0
            }
        }, 
        {
            "score": 0.65701421000834337, 
            "params": {
                "reg_alpha": 0.0, 
                "colsample_bytree": 1.0, 
                "colsample_bylevel": 1.0, 
                "learning_rate": 0.01, 
                "max_delta_step": 0.0, 
                "min_child_weight": 0.0, 
                "subsample": 0.75, 
                "reg_lambda": 1.0, 
                "max_depth": 1, 
                "gamma": 0.0
            }
        }, 
        {
            "score": 0.63951516550328347, 
            "params": {
                "reg_alpha": 0.0, 
                "colsample_bytree": 1.0, 
                "colsample_bylevel": 1.0, 
                "learning_rate": 0.01, 
                "max_delta_step": 0.0, 
                "min_child_weight": 0.0, 
                "subsample": 1.0, 
                "reg_lambda": 1.0, 
                "max_depth": 1, 
                "gamma": 0.0
            }
        }, 
        {
            "score": 0.74092352894131364, 
            "params": {
                "reg_alpha": 0.0, 
                "colsample_bytree": 1.0, 
                "colsample_bylevel": 1.0, 
                "learning_rate": 0.01, 
                "max_delta_step": 0.0, 
                "min_child_weight": 0.0, 
                "subsample": 0.75, 
                "reg_lambda": 1.0, 
                "max_depth": 2, 
                "gamma": 0.0
            }
        }, 
        {
            "score": 0.72761713838019138, 
            "params": {
                "reg_alpha": 0.0, 
                "colsample_bytree": 1.0, 
                "colsample_bylevel": 1.0, 
                "learning_rate": 0.01, 
                "max_delta_step": 0.0, 
                "min_child_weight": 0.0, 
                "subsample": 1.0, 
                "reg_lambda": 1.0, 
                "max_depth": 2, 
                "gamma": 0.0
            }
        }, 
        {
            "score": 0.78069895498951181, 
            "params": {
                "reg_alpha": 0.0, 
                "colsample_bytree": 1.0, 
                "colsample_bylevel": 1.0, 
                "learning_rate": 0.01, 
                "max_delta_step": 0.0, 
                "min_child_weight": 0.0, 
                "subsample": 0.75, 
                "reg_lambda": 1.0, 
                "max_depth": 3, 
                "gamma": 0.0
            }
        }, 
        {
            "score": 0.72886408073554099, 
            "params": {
                "reg_alpha": 0.0, 
                "colsample_bytree": 1.0, 
                "colsample_bylevel": 1.0, 
                "learning_rate": 0.01, 
                "max_delta_step": 0.0, 
                "min_child_weight": 0.0, 
                "subsample": 1.0, 
                "reg_lambda": 1.0, 
                "max_depth": 3, 
                "gamma": 0.0
            }
        }, 
        {
            "score": 0.78898192430377989, 
            "params": {
                "reg_alpha": 0.0, 
                "colsample_bytree": 1.0, 
                "colsample_bylevel": 1.0, 
                "learning_rate": 0.01, 
                "max_delta_step": 0.0, 
                "min_child_weight": 0.0, 
                "subsample": 0.75, 
                "reg_lambda": 1.0, 
                "max_depth": 5, 
                "gamma": 0.0
            }
        }, 
        {
            "score": 0.7087427454668056, 
            "params": {
                "reg_alpha": 0.0, 
                "colsample_bytree": 1.0, 
                "colsample_bylevel": 1.0, 
                "learning_rate": 0.01, 
                "max_delta_step": 0.0, 
                "min_child_weight": 0.0, 
                "subsample": 1.0, 
                "reg_lambda": 1.0, 
                "max_depth": 5, 
                "gamma": 0.0
            }
        }, 
        {
            "score": 0.77896127837562312, 
            "params": {
                "reg_alpha": 0.0, 
                "colsample_bytree": 1.0, 
                "colsample_bylevel": 1.0, 
                "learning_rate": 0.01, 
                "max_delta_step": 0.0, 
                "min_child_weight": 0.0, 
                "subsample": 0.75, 
                "reg_lambda": 1.0, 
                "max_depth": 10, 
                "gamma": 0.0
            }
        }, 
        {
            "score": 0.70331878425887451, 
            "params": {
                "reg_alpha": 0.0, 
                "colsample_bytree": 1.0, 
                "colsample_bylevel": 1.0, 
                "learning_rate": 0.01, 
                "max_delta_step": 0.0, 
                "min_child_weight": 0.0, 
                "subsample": 1.0, 
                "reg_lambda": 1.0, 
                "max_depth": 10, 
                "gamma": 0.0
            }
        }, 
        {
            "score": 0.66198379716169531, 
            "params": {
                "reg_alpha": 0.0, 
                "colsample_bytree": 1.0, 
                "colsample_bylevel": 1.0, 
                "learning_rate": 0.05, 
                "max_delta_step": 0.0, 
                "min_child_weight": 0.0, 
                "subsample": 0.75, 
                "reg_lambda": 1.0, 
                "max_depth": 1, 
                "gamma": 0.0
            }
        }, 
        {
            "score": 0.65986264913085113, 
            "params": {
                "reg_alpha": 0.0, 
                "colsample_bytree": 1.0, 
                "colsample_bylevel": 1.0, 
                "learning_rate": 0.05, 
                "max_delta_step": 0.0, 
                "min_child_weight": 0.0, 
                "subsample": 1.0, 
                "reg_lambda": 1.0, 
                "max_depth": 1, 
                "gamma": 0.0
            }
        }, 
        {
            "score": 0.74446582767363589, 
            "params": {
                "reg_alpha": 0.0, 
                "colsample_bytree": 1.0, 
                "colsample_bylevel": 1.0, 
                "learning_rate": 0.05, 
                "max_delta_step": 0.0, 
                "min_child_weight": 0.0, 
                "subsample": 0.75, 
                "reg_lambda": 1.0, 
                "max_depth": 2, 
                "gamma": 0.0
            }
        }, 
        {
            "score": 0.73533005971706489, 
            "params": {
                "reg_alpha": 0.0, 
                "colsample_bytree": 1.0, 
                "colsample_bylevel": 1.0, 
                "learning_rate": 0.05, 
                "max_delta_step": 0.0, 
                "min_child_weight": 0.0, 
                "subsample": 1.0, 
                "reg_lambda": 1.0, 
                "max_depth": 2, 
                "gamma": 0.0
            }
        }, 
        {
            "score": 0.77754200822783615, 
            "params": {
                "reg_alpha": 0.0, 
                "colsample_bytree": 1.0, 
                "colsample_bylevel": 1.0, 
                "learning_rate": 0.05, 
                "max_delta_step": 0.0, 
                "min_child_weight": 0.0, 
                "subsample": 0.75, 
                "reg_lambda": 1.0, 
                "max_depth": 3, 
                "gamma": 0.0
            }
        }, 
        {
            "score": 0.7628937281063386, 
            "params": {
                "reg_alpha": 0.0, 
                "colsample_bytree": 1.0, 
                "colsample_bylevel": 1.0, 
                "learning_rate": 0.05, 
                "max_delta_step": 0.0, 
                "min_child_weight": 0.0, 
                "subsample": 1.0, 
                "reg_lambda": 1.0, 
                "max_depth": 3, 
                "gamma": 0.0
            }
        }, 
        {
            "score": 0.80073038256286344, 
            "params": {
                "reg_alpha": 0.0, 
                "colsample_bytree": 1.0, 
                "colsample_bylevel": 1.0, 
                "learning_rate": 0.05, 
                "max_delta_step": 0.0, 
                "min_child_weight": 0.0, 
                "subsample": 0.75, 
                "reg_lambda": 1.0, 
                "max_depth": 5, 
                "gamma": 0.0
            }
        }, 
        {
            "score": 0.76871407508663059, 
            "params": {
                "reg_alpha": 0.0, 
                "colsample_bytree": 1.0, 
                "colsample_bylevel": 1.0, 
                "learning_rate": 0.05, 
                "max_delta_step": 0.0, 
                "min_child_weight": 0.0, 
                "subsample": 1.0, 
                "reg_lambda": 1.0, 
                "max_depth": 5, 
                "gamma": 0.0
            }
        }, 
        {
            "score": 0.77409992858028487, 
            "params": {
                "reg_alpha": 0.0, 
                "colsample_bytree": 1.0, 
                "colsample_bylevel": 1.0, 
                "learning_rate": 0.05, 
                "max_delta_step": 0.0, 
                "min_child_weight": 0.0, 
                "subsample": 0.75, 
                "reg_lambda": 1.0, 
                "max_depth": 10, 
                "gamma": 0.0
            }
        }, 
        {
            "score": 0.71891977575321431, 
            "params": {
                "reg_alpha": 0.0, 
                "colsample_bytree": 1.0, 
                "colsample_bylevel": 1.0, 
                "learning_rate": 0.05, 
                "max_delta_step": 0.0, 
                "min_child_weight": 0.0, 
                "subsample": 1.0, 
                "reg_lambda": 1.0, 
                "max_depth": 10, 
                "gamma": 0.0
            }
        }, 
        {
            "score": 0.68625271793808784, 
            "params": {
                "reg_alpha": 0.0, 
                "colsample_bytree": 1.0, 
                "colsample_bylevel": 1.0, 
                "learning_rate": 0.1, 
                "max_delta_step": 0.0, 
                "min_child_weight": 0.0, 
                "subsample": 0.75, 
                "reg_lambda": 1.0, 
                "max_depth": 1, 
                "gamma": 0.0
            }
        }, 
        {
            "score": 0.6874575202057609, 
            "params": {
                "reg_alpha": 0.0, 
                "colsample_bytree": 1.0, 
                "colsample_bylevel": 1.0, 
                "learning_rate": 0.1, 
                "max_delta_step": 0.0, 
                "min_child_weight": 0.0, 
                "subsample": 1.0, 
                "reg_lambda": 1.0, 
                "max_depth": 1, 
                "gamma": 0.0
            }
        }, 
        {
            "score": 0.77566810660957219, 
            "params": {
                "reg_alpha": 0.0, 
                "colsample_bytree": 1.0, 
                "colsample_bylevel": 1.0, 
                "learning_rate": 0.1, 
                "max_delta_step": 0.0, 
                "min_child_weight": 0.0, 
                "subsample": 0.75, 
                "reg_lambda": 1.0, 
                "max_depth": 2, 
                "gamma": 0.0
            }
        }, 
        {
            "score": 0.74932532165500287, 
            "params": {
                "reg_alpha": 0.0, 
                "colsample_bytree": 1.0, 
                "colsample_bylevel": 1.0, 
                "learning_rate": 0.1, 
                "max_delta_step": 0.0, 
                "min_child_weight": 0.0, 
                "subsample": 1.0, 
                "reg_lambda": 1.0, 
                "max_depth": 2, 
                "gamma": 0.0
            }
        }, 
        {
            "score": 0.80001023136843807, 
            "params": {
                "reg_alpha": 0.0, 
                "colsample_bytree": 1.0, 
                "colsample_bylevel": 1.0, 
                "learning_rate": 0.1, 
                "max_delta_step": 0.0, 
                "min_child_weight": 0.0, 
                "subsample": 0.75, 
                "reg_lambda": 1.0, 
                "max_depth": 3, 
                "gamma": 0.0
            }
        }, 
        {
            "score": 0.78492872659815793, 
            "params": {
                "reg_alpha": 0.0, 
                "colsample_bytree": 1.0, 
                "colsample_bylevel": 1.0, 
                "learning_rate": 0.1, 
                "max_delta_step": 0.0, 
                "min_child_weight": 0.0, 
                "subsample": 1.0, 
                "reg_lambda": 1.0, 
                "max_depth": 3, 
                "gamma": 0.0
            }
        }, 
        {
            "score": 0.75924328537346741, 
            "params": {
                "reg_alpha": 0.0, 
                "colsample_bytree": 1.0, 
                "colsample_bylevel": 1.0, 
                "learning_rate": 0.1, 
                "max_delta_step": 0.0, 
                "min_child_weight": 0.0, 
                "subsample": 0.75, 
                "reg_lambda": 1.0, 
                "max_depth": 5, 
                "gamma": 0.0
            }
        }, 
        {
            "score": 0.74092400460897656, 
            "params": {
                "reg_alpha": 0.0, 
                "colsample_bytree": 1.0, 
                "colsample_bylevel": 1.0, 
                "learning_rate": 0.1, 
                "max_delta_step": 0.0, 
                "min_child_weight": 0.0, 
                "subsample": 1.0, 
                "reg_lambda": 1.0, 
                "max_depth": 5, 
                "gamma": 0.0
            }
        }, 
        {
            "score": 0.78442534987430423, 
            "params": {
                "reg_alpha": 0.0, 
                "colsample_bytree": 1.0, 
                "colsample_bylevel": 1.0, 
                "learning_rate": 0.1, 
                "max_delta_step": 0.0, 
                "min_child_weight": 0.0, 
                "subsample": 0.75, 
                "reg_lambda": 1.0, 
                "max_depth": 10, 
                "gamma": 0.0
            }
        }, 
        {
            "score": 0.75398969751548162, 
            "params": {
                "reg_alpha": 0.0, 
                "colsample_bytree": 1.0, 
                "colsample_bylevel": 1.0, 
                "learning_rate": 0.1, 
                "max_delta_step": 0.0, 
                "min_child_weight": 0.0, 
                "subsample": 1.0, 
                "reg_lambda": 1.0, 
                "max_depth": 10, 
                "gamma": 0.0
            }
        }, 
        {
            "score": 0.71121643196644879, 
            "params": {
                "reg_alpha": 0.0, 
                "colsample_bytree": 1.0, 
                "colsample_bylevel": 1.0, 
                "learning_rate": 0.3, 
                "max_delta_step": 0.0, 
                "min_child_weight": 0.0, 
                "subsample": 0.75, 
                "reg_lambda": 1.0, 
                "max_depth": 1, 
                "gamma": 0.0
            }
        }, 
        {
            "score": 0.71545063238872886, 
            "params": {
                "reg_alpha": 0.0, 
                "colsample_bytree": 1.0, 
                "colsample_bylevel": 1.0, 
                "learning_rate": 0.3, 
                "max_delta_step": 0.0, 
                "min_child_weight": 0.0, 
                "subsample": 1.0, 
                "reg_lambda": 1.0, 
                "max_depth": 1, 
                "gamma": 0.0
            }
        }, 
        {
            "score": 0.78611825188047801, 
            "params": {
                "reg_alpha": 0.0, 
                "colsample_bytree": 1.0, 
                "colsample_bylevel": 1.0, 
                "learning_rate": 0.3, 
                "max_delta_step": 0.0, 
                "min_child_weight": 0.0, 
                "subsample": 0.75, 
                "reg_lambda": 1.0, 
                "max_depth": 2, 
                "gamma": 0.0
            }
        }, 
        {
            "score": 0.73316733526477773, 
            "params": {
                "reg_alpha": 0.0, 
                "colsample_bytree": 1.0, 
                "colsample_bylevel": 1.0, 
                "learning_rate": 0.3, 
                "max_delta_step": 0.0, 
                "min_child_weight": 0.0, 
                "subsample": 1.0, 
                "reg_lambda": 1.0, 
                "max_depth": 2, 
                "gamma": 0.0
            }
        }, 
        {
            "score": 0.77919708121119924, 
            "params": {
                "reg_alpha": 0.0, 
                "colsample_bytree": 1.0, 
                "colsample_bylevel": 1.0, 
                "learning_rate": 0.3, 
                "max_delta_step": 0.0, 
                "min_child_weight": 0.0, 
                "subsample": 0.75, 
                "reg_lambda": 1.0, 
                "max_depth": 3, 
                "gamma": 0.0
            }
        }, 
        {
            "score": 0.736227618624824, 
            "params": {
                "reg_alpha": 0.0, 
                "colsample_bytree": 1.0, 
                "colsample_bylevel": 1.0, 
                "learning_rate": 0.3, 
                "max_delta_step": 0.0, 
                "min_child_weight": 0.0, 
                "subsample": 1.0, 
                "reg_lambda": 1.0, 
                "max_depth": 3, 
                "gamma": 0.0
            }
        }, 
        {
            "score": 0.7527029916403698, 
            "params": {
                "reg_alpha": 0.0, 
                "colsample_bytree": 1.0, 
                "colsample_bylevel": 1.0, 
                "learning_rate": 0.3, 
                "max_delta_step": 0.0, 
                "min_child_weight": 0.0, 
                "subsample": 0.75, 
                "reg_lambda": 1.0, 
                "max_depth": 5, 
                "gamma": 0.0
            }
        }, 
        {
            "score": 0.7397735401986214, 
            "params": {
                "reg_alpha": 0.0, 
                "colsample_bytree": 1.0, 
                "colsample_bylevel": 1.0, 
                "learning_rate": 0.3, 
                "max_delta_step": 0.0, 
                "min_child_weight": 0.0, 
                "subsample": 1.0, 
                "reg_lambda": 1.0, 
                "max_depth": 5, 
                "gamma": 0.0
            }
        }, 
        {
            "score": 0.76431134920446109, 
            "params": {
                "reg_alpha": 0.0, 
                "colsample_bytree": 1.0, 
                "colsample_bylevel": 1.0, 
                "learning_rate": 0.3, 
                "max_delta_step": 0.0, 
                "min_child_weight": 0.0, 
                "subsample": 0.75, 
                "reg_lambda": 1.0, 
                "max_depth": 10, 
                "gamma": 0.0
            }
        }, 
        {
            "score": 0.79012398303322406, 
            "params": {
                "reg_alpha": 0.0, 
                "colsample_bytree": 1.0, 
                "colsample_bylevel": 1.0, 
                "learning_rate": 0.3, 
                "max_delta_step": 0.0, 
                "min_child_weight": 0.0, 
                "subsample": 1.0, 
                "reg_lambda": 1.0, 
                "max_depth": 10, 
                "gamma": 0.0
            }
        }, 
        {
            "score": 0.71728118443409505, 
            "params": {
                "reg_alpha": 0.0, 
                "colsample_bytree": 1.0, 
                "colsample_bylevel": 1.0, 
                "learning_rate": 0.5, 
                "max_delta_step": 0.0, 
                "min_child_weight": 0.0, 
                "subsample": 0.75, 
                "reg_lambda": 1.0, 
                "max_depth": 1, 
                "gamma": 0.0
            }
        }, 
        {
            "score": 0.72584301572424648, 
            "params": {
                "reg_alpha": 0.0, 
                "colsample_bytree": 1.0, 
                "colsample_bylevel": 1.0, 
                "learning_rate": 0.5, 
                "max_delta_step": 0.0, 
                "min_child_weight": 0.0, 
                "subsample": 1.0, 
                "reg_lambda": 1.0, 
                "max_depth": 1, 
                "gamma": 0.0
            }
        }, 
        {
            "score": 0.7552667532920323, 
            "params": {
                "reg_alpha": 0.0, 
                "colsample_bytree": 1.0, 
                "colsample_bylevel": 1.0, 
                "learning_rate": 0.5, 
                "max_delta_step": 0.0, 
                "min_child_weight": 0.0, 
                "subsample": 0.75, 
                "reg_lambda": 1.0, 
                "max_depth": 2, 
                "gamma": 0.0
            }
        }, 
        {
            "score": 0.73456278265736774, 
            "params": {
                "reg_alpha": 0.0, 
                "colsample_bytree": 1.0, 
                "colsample_bylevel": 1.0, 
                "learning_rate": 0.5, 
                "max_delta_step": 0.0, 
                "min_child_weight": 0.0, 
                "subsample": 1.0, 
                "reg_lambda": 1.0, 
                "max_depth": 2, 
                "gamma": 0.0
            }
        }, 
        {
            "score": 0.8049146967659131, 
            "params": {
                "reg_alpha": 0.0, 
                "colsample_bytree": 1.0, 
                "colsample_bylevel": 1.0, 
                "learning_rate": 0.5, 
                "max_delta_step": 0.0, 
                "min_child_weight": 0.0, 
                "subsample": 0.75, 
                "reg_lambda": 1.0, 
                "max_depth": 3, 
                "gamma": 0.0
            }
        }, 
        {
            "score": 0.76991899533014407, 
            "params": {
                "reg_alpha": 0.0, 
                "colsample_bytree": 1.0, 
                "colsample_bylevel": 1.0, 
                "learning_rate": 0.5, 
                "max_delta_step": 0.0, 
                "min_child_weight": 0.0, 
                "subsample": 1.0, 
                "reg_lambda": 1.0, 
                "max_depth": 3, 
                "gamma": 0.0
            }
        }, 
        {
            "score": 0.74963178829663812, 
            "params": {
                "reg_alpha": 0.0, 
                "colsample_bytree": 1.0, 
                "colsample_bylevel": 1.0, 
                "learning_rate": 0.5, 
                "max_delta_step": 0.0, 
                "min_child_weight": 0.0, 
                "subsample": 0.75, 
                "reg_lambda": 1.0, 
                "max_depth": 5, 
                "gamma": 0.0
            }
        }, 
        {
            "score": 0.70350800726833285, 
            "params": {
                "reg_alpha": 0.0, 
                "colsample_bytree": 1.0, 
                "colsample_bylevel": 1.0, 
                "learning_rate": 0.5, 
                "max_delta_step": 0.0, 
                "min_child_weight": 0.0, 
                "subsample": 1.0, 
                "reg_lambda": 1.0, 
                "max_depth": 5, 
                "gamma": 0.0
            }
        }, 
        {
            "score": 0.76493039803128959, 
            "params": {
                "reg_alpha": 0.0, 
                "colsample_bytree": 1.0, 
                "colsample_bylevel": 1.0, 
                "learning_rate": 0.5, 
                "max_delta_step": 0.0, 
                "min_child_weight": 0.0, 
                "subsample": 0.75, 
                "reg_lambda": 1.0, 
                "max_depth": 10, 
                "gamma": 0.0
            }
        }, 
        {
            "score": 0.78093165395053532, 
            "params": {
                "reg_alpha": 0.0, 
                "colsample_bytree": 1.0, 
                "colsample_bylevel": 1.0, 
                "learning_rate": 0.5, 
                "max_delta_step": 0.0, 
                "min_child_weight": 0.0, 
                "subsample": 1.0, 
                "reg_lambda": 1.0, 
                "max_depth": 10, 
                "gamma": 0.0
            }
        }
    ], 
    "gridBestScore": 0.82801345666479731, 
    "modelInputIsSparse": false, 
    "nBoostedEstimators": 18
}