{
  "state": "DONE",
  "preSearchDescription": {
    "gridLength": 100,
    "importantParams": [
      {
        "name": "trees",
        "val": "300"
      },
      {
        "name": "max_depth",
        "vals": [
          "1",
          "2",
          "3",
          "5",
          "10"
        ]
      }
    ]
  },
  "postSearchDescription": {
    "importantParams": [
      {
        "name": "trees",
        "val": "15"
      },
      {
        "name": "max_depth",
        "val": "10"
      }
    ]
  },
  "modelId": "m1",
  "progress": {
    "top_level_todo": [],
    "stack": [],
    "top_level_done": [
      {
        "name": "Loading train set",
        "time": 138
      },
      {
        "name": "Loading test set",
        "time": 53
      },
      {
        "name": "Collecting statistics",
        "time": 117
      },
      {
        "name": "Preprocessing train set",
        "time": 210
      },
      {
        "name": "Preprocessing test set",
        "time": 195
      },
      {
        "name": "Fitting model",
        "time": 140672
      },
      {
        "name": "Saving model",
        "time": 15
      },
      {
        "name": "Scoring model",
        "time": 219
      }
    ]
  },
  "startTime": 1496722540794,
  "endTime": 1496722682420,
  "preprocessingTime": 719,
  "trainingTime": 140907
}