{
    "per_feature": {
        "feature 302_sum": {
            "stats": {
                "std": 0.012997978971392538, 
                "p99": 0.0, 
                "min": 0.0, 
                "max": 1.0, 
                "average": 0.00016894745734076703, 
                "median": 0.0
            }, 
            "missing_impute_with_value": 0.00016894745734076703
        }, 
        "feature 269_sum": {
            "stats": {
                "std": 0.0, 
                "p99": 0.0, 
                "min": 0.0, 
                "max": 0.0, 
                "average": 0.0, 
                "median": 0.0
            }, 
            "missing_impute_with_value": 0.0
        }, 
        "event_type 8_sum": {
            "stats": {
                "std": 0.029054540529398893, 
                "p99": 0.0, 
                "min": 0.0, 
                "max": 1.0, 
                "average": 0.0008447372867038351, 
                "median": 0.0
            }, 
            "missing_impute_with_value": 0.0008447372867038351
        }, 
        "feature 55_sum": {
            "stats": {
                "std": 0.16751156053577168, 
                "p99": 1.0, 
                "min": 0.0, 
                "max": 1.0, 
                "average": 0.02889001520527116, 
                "median": 0.0
            }, 
            "missing_impute_with_value": 0.02889001520527116
        }, 
        "feature 83_sum": {
            "stats": {
                "std": 0.051925983683518584, 
                "p99": 0.0, 
                "min": 0.0, 
                "max": 1.0, 
                "average": 0.0027031593174522725, 
                "median": 0.0
            }, 
            "missing_impute_with_value": 0.0027031593174522725
        }, 
        "feature 108_sum": {
            "stats": {
                "std": 0.036742087134565365, 
                "p99": 0.0, 
                "min": 0.0, 
                "max": 1.0, 
                "average": 0.0013515796587261362, 
                "median": 0.0
            }, 
            "missing_impute_with_value": 0.0013515796587261362
        }, 
        "feature 51_sum": {
            "stats": {
                "std": 0.07667586848437642, 
                "p99": 0.0, 
                "min": 0.0, 
                "max": 1.0, 
                "average": 0.0059131610069268455, 
                "median": 0.0
            }, 
            "missing_impute_with_value": 0.0059131610069268455
        }, 
        "event_type 7_sum": {
            "stats": {
                "std": 0.04307298159446679, 
                "p99": 0.0, 
                "min": 0.0, 
                "max": 1.0, 
                "average": 0.0018584220307484372, 
                "median": 0.0
            }, 
            "missing_impute_with_value": 0.0018584220307484372
        }, 
        "feature 310_sum": {
            "stats": {
                "std": 0.15091394689833837, 
                "p99": 1.0, 
                "min": 0.0, 
                "max": 1.0, 
                "average": 0.02331474911302585, 
                "median": 0.0
            }, 
            "missing_impute_with_value": 0.02331474911302585
        }, 
        "feature 230_sum": {
            "stats": {
                "std": 0.14712560395709978, 
                "p99": 1.0, 
                "min": 0.0, 
                "max": 1.0, 
                "average": 0.02213211691164048, 
                "median": 0.0
            }, 
            "missing_impute_with_value": 0.02213211691164048
        }, 
        "feature 235_sum": {
            "stats": {
                "std": 0.26206612611428204, 
                "p99": 1.0, 
                "min": 0.0, 
                "max": 1.0, 
                "average": 0.07416793377259673, 
                "median": 0.0
            }, 
            "missing_impute_with_value": 0.07416793377259673
        }, 
        "feature 319_sum": {
            "stats": {
                "std": 0.012997978971392661, 
                "p99": 0.0, 
                "min": 0.0, 
                "max": 1.0, 
                "average": 0.00016894745734076703, 
                "median": 0.0
            }, 
            "missing_impute_with_value": 0.00016894745734076703
        }, 
        "feature 219_sum": {
            "stats": {
                "std": 0.23557470756345558, 
                "p99": 1.0, 
                "min": 0.0, 
                "max": 1.0, 
                "average": 0.05896266261192769, 
                "median": 0.0
            }, 
            "missing_impute_with_value": 0.05896266261192769
        }, 
        "feature 118_sum": {
            "stats": {
                "std": 0.044984454462797495, 
                "p99": 0.0, 
                "min": 0.0, 
                "max": 1.0, 
                "average": 0.0020273694880892043, 
                "median": 0.0
            }, 
            "missing_impute_with_value": 0.0020273694880892043
        }, 
        "severity_type 2_sum": {
            "stats": {
                "std": 0.4999750911915448, 
                "p99": 1.0, 
                "min": 0.0, 
                "max": 1.0, 
                "average": 0.4918060483189728, 
                "median": 0.0
            }, 
            "missing_impute_with_value": 0.4918060483189728
        }, 
        "feature 331_sum": {
            "stats": {
                "std": 0.0, 
                "p99": 0.0, 
                "min": 0.0, 
                "max": 0.0, 
                "average": 0.0, 
                "median": 0.0
            }, 
            "missing_impute_with_value": 0.0
        }, 
        "resource_type 10_sum": {
            "stats": {
                "std": 0.0661368100807511, 
                "p99": 0.0, 
                "min": 0.0, 
                "max": 1.0, 
                "average": 0.004392633890859942, 
                "median": 0.0
            }, 
            "missing_impute_with_value": 0.004392633890859942
        }, 
        "feature 384_sum": {
            "stats": {
                "std": 0.012997978971392219, 
                "p99": 0.0, 
                "min": 0.0, 
                "max": 1.0, 
                "average": 0.00016894745734076703, 
                "median": 0.0
            }, 
            "missing_impute_with_value": 0.00016894745734076703
        }, 
        "feature 268_sum": {
            "stats": {
                "std": 0.012997978971392462, 
                "p99": 0.0, 
                "min": 0.0, 
                "max": 1.0, 
                "average": 0.00016894745734076703, 
                "median": 0.0
            }, 
            "missing_impute_with_value": 0.00016894745734076703
        }, 
        "feature 237_sum": {
            "stats": {
                "std": 0.03674208713456505, 
                "p99": 0.0, 
                "min": 0.0, 
                "max": 1.0, 
                "average": 0.0013515796587261362, 
                "median": 0.0
            }, 
            "missing_impute_with_value": 0.0013515796587261362
        }, 
        "feature 314_sum": {
            "stats": {
                "std": 0.23109122668844698, 
                "p99": 1.0, 
                "min": 0.0, 
                "max": 1.0, 
                "average": 0.05659739820915695, 
                "median": 0.0
            }, 
            "missing_impute_with_value": 0.05659739820915695
        }, 
        "feature 205_sum": {
            "stats": {
                "std": 0.03896757184225685, 
                "p99": 0.0, 
                "min": 0.0, 
                "max": 1.0, 
                "average": 0.0015205271160669033, 
                "median": 0.0
            }, 
            "missing_impute_with_value": 0.0015205271160669033
        }, 
        "location": {
            "stats": {
                "mostFrequentValue": "location 821", 
                "leastFrequentValue": "location 339"
            }, 
            "category_possible_counts": [
                66, 
                63, 
                60, 
                57, 
                56, 
                55, 
                55, 
                53, 
                48, 
                48, 
                48, 
                47, 
                45, 
                45, 
                45, 
                44, 
                43, 
                42, 
                42, 
                38, 
                38, 
                37, 
                37, 
                36, 
                36, 
                35, 
                33, 
                33, 
                33, 
                33, 
                32, 
                32, 
                30, 
                30, 
                30, 
                29, 
                29, 
                28, 
                27, 
                27, 
                27, 
                25, 
                24, 
                24, 
                24, 
                24, 
                24, 
                23, 
                23, 
                22, 
                22, 
                22, 
                22, 
                22, 
                21, 
                21, 
                21, 
                21, 
                21, 
                21, 
                21, 
                21, 
                21, 
                20, 
                20, 
                20, 
                19, 
                19, 
                19, 
                19, 
                19, 
                19, 
                19, 
                19, 
                19, 
                19, 
                19, 
                19, 
                19, 
                18, 
                18, 
                18, 
                18, 
                18, 
                18, 
                18, 
                17, 
                17, 
                17, 
                17, 
                17, 
                17, 
                17, 
                17, 
                17, 
                16, 
                16, 
                16, 
                16, 
                16, 
                16
            ], 
            "category_possible_values": [
                "location 821", 
                "location 734", 
                "location 126", 
                "location 1008", 
                "location 1107", 
                "location 810", 
                "location 600", 
                "location 124", 
                "location 704", 
                "location 793", 
                "location 242", 
                "location 1052", 
                "location 1019", 
                "location 653", 
                "location 684", 
                "location 834", 
                "location 122", 
                "location 798", 
                "location 763", 
                "location 471", 
                "location 1100", 
                "location 846", 
                "location 91", 
                "location 102", 
                "location 976", 
                "location 962", 
                "location 613", 
                "location 707", 
                "location 1042", 
                "location 476", 
                "location 244", 
                "location 466", 
                "location 149", 
                "location 794", 
                "location 931", 
                "location 477", 
                "location 995", 
                "location 1086", 
                "location 845", 
                "location 957", 
                "location 744", 
                "location 497", 
                "location 478", 
                "location 496", 
                "location 118", 
                "location 1061", 
                "location 808", 
                "location 95", 
                "location 135", 
                "location 891", 
                "location 484", 
                "location 155", 
                "location 638", 
                "location 895", 
                "location 892", 
                "location 9", 
                "location 373", 
                "location 380", 
                "location 465", 
                "location 1026", 
                "location 157", 
                "location 760", 
                "location 475", 
                "location 505", 
                "location 181", 
                "location 445", 
                "location 599", 
                "location 1", 
                "location 894", 
                "location 485", 
                "location 488", 
                "location 495", 
                "location 469", 
                "location 921", 
                "location 1099", 
                "location 1018", 
                "location 292", 
                "location 823", 
                "location 885", 
                "location 1007", 
                "location 468", 
                "location 814", 
                "location 619", 
                "location 899", 
                "location 756", 
                "location 7", 
                "location 839", 
                "location 984", 
                "location 504", 
                "location 878", 
                "location 691", 
                "location 803", 
                "location 1050", 
                "location 836", 
                "location 500", 
                "location 481", 
                "location 479", 
                "location 506", 
                "location 1024", 
                "location 644", 
                "location 1075"
            ]
        }, 
        "feature 133_sum": {
            "stats": {
                "std": 0.05803534165970492, 
                "p99": 0.0, 
                "min": 0.0, 
                "max": 1.0, 
                "average": 0.0033789491468153403, 
                "median": 0.0
            }, 
            "missing_impute_with_value": 0.0033789491468153403
        }, 
        "resource_type 7_sum": {
            "stats": {
                "std": 0.1753809743256447, 
                "p99": 1.0, 
                "min": 0.0, 
                "max": 1.0, 
                "average": 0.0317621219800642, 
                "median": 0.0
            }, 
            "missing_impute_with_value": 0.0317621219800642
        }, 
        "feature 56_sum": {
            "stats": {
                "std": 0.10734722646001825, 
                "p99": 1.0, 
                "min": 0.0, 
                "max": 1.0, 
                "average": 0.011657374556512924, 
                "median": 0.0
            }, 
            "missing_impute_with_value": 0.011657374556512924
        }, 
        "feature 260_sum": {
            "stats": {
                "std": 0.01299797897139208, 
                "p99": 0.0, 
                "min": 0.0, 
                "max": 1.0, 
                "average": 0.00016894745734076703, 
                "median": 0.0
            }, 
            "missing_impute_with_value": 0.00016894745734076703
        }, 
        "resource_type 4_sum": {
            "stats": {
                "std": 0.1420920942150362, 
                "p99": 1.0, 
                "min": 0.0, 
                "max": 1.0, 
                "average": 0.020611589795573575, 
                "median": 0.0
            }, 
            "missing_impute_with_value": 0.020611589795573575
        }, 
        "feature 132_sum": {
            "stats": {
                "std": 0.04107195207712725, 
                "p99": 0.0, 
                "min": 0.0, 
                "max": 1.0, 
                "average": 0.0016894745734076701, 
                "median": 0.0
            }, 
            "missing_impute_with_value": 0.0016894745734076701
        }, 
        "feature 30_sum": {
            "stats": {
                "std": 0.03674208713456535, 
                "p99": 0.0, 
                "min": 0.0, 
                "max": 1.0, 
                "average": 0.0013515796587261362, 
                "median": 0.0
            }, 
            "missing_impute_with_value": 0.0013515796587261362
        }, 
        "feature 74_sum": {
            "stats": {
                "std": 0.09152830220319766, 
                "p99": 0.0, 
                "min": 0.0, 
                "max": 1.0, 
                "average": 0.00844737286703835, 
                "median": 0.0
            }, 
            "missing_impute_with_value": 0.00844737286703835
        }, 
        "feature 44_sum": {
            "stats": {
                "std": 0.09766718814558947, 
                "p99": 0.0, 
                "min": 0.0, 
                "max": 1.0, 
                "average": 0.00963000506842372, 
                "median": 0.0
            }, 
            "missing_impute_with_value": 0.00963000506842372
        }, 
        "event_type 3_sum": {
            "stats": {
                "std": 0.03182496350431086, 
                "p99": 0.0, 
                "min": 0.0, 
                "max": 1.0, 
                "average": 0.0010136847440446021, 
                "median": 0.0
            }, 
            "missing_impute_with_value": 0.0010136847440446021
        }, 
        "feature 68_sum": {
            "stats": {
                "std": 0.24118267653447786, 
                "p99": 1.0, 
                "min": 0.0, 
                "max": 1.0, 
                "average": 0.062003716844061495, 
                "median": 0.0
            }, 
            "missing_impute_with_value": 0.062003716844061495
        }, 
        "feature 207_sum": {
            "stats": {
                "std": 0.08969433379211895, 
                "p99": 0.0, 
                "min": 0.0, 
                "max": 1.0, 
                "average": 0.008109477952356817, 
                "median": 0.0
            }, 
            "missing_impute_with_value": 0.008109477952356817
        }, 
        "feature 173_sum": {
            "stats": {
                "std": 0.0183803650276214, 
                "p99": 0.0, 
                "min": 0.0, 
                "max": 1.0, 
                "average": 0.00033789491468153406, 
                "median": 0.0
            }, 
            "missing_impute_with_value": 0.00033789491468153406
        }, 
        "feature 87_sum": {
            "stats": {
                "std": 0.10100152956527961, 
                "p99": 1.0, 
                "min": 0.0, 
                "max": 1.0, 
                "average": 0.010305794897786788, 
                "median": 0.0
            }, 
            "missing_impute_with_value": 0.010305794897786788
        }, 
        "feature 229_sum": {
            "stats": {
                "std": 0.17982783620154413, 
                "p99": 1.0, 
                "min": 0.0, 
                "max": 1.0, 
                "average": 0.03345159655347187, 
                "median": 0.0
            }, 
            "missing_impute_with_value": 0.03345159655347187
        }, 
        "feature 179_sum": {
            "stats": {
                "std": 0.10262641504434787, 
                "p99": 1.0, 
                "min": 0.0, 
                "max": 1.0, 
                "average": 0.010643689812468323, 
                "median": 0.0
            }, 
            "missing_impute_with_value": 0.010643689812468323
        }, 
        "feature 360_sum": {
            "stats": {
                "std": 0.07218601994673617, 
                "p99": 0.0, 
                "min": 0.0, 
                "max": 1.0, 
                "average": 0.005237371177563777, 
                "median": 0.0
            }, 
            "missing_impute_with_value": 0.005237371177563777
        }, 
        "event_type 15_sum": {
            "stats": {
                "std": 0.42233673682771206, 
                "p99": 1.0, 
                "min": 0.0, 
                "max": 1.0, 
                "average": 0.23230275384355464, 
                "median": 0.0
            }, 
            "missing_impute_with_value": 0.23230275384355464
        }, 
        "feature 299_sum": {
            "stats": {
                "std": 0.012997978971392219, 
                "p99": 0.0, 
                "min": 0.0, 
                "max": 1.0, 
                "average": 0.00016894745734076703, 
                "median": 0.0
            }, 
            "missing_impute_with_value": 0.00016894745734076703
        }, 
        "feature 81_sum": {
            "stats": {
                "std": 0.1263273427985803, 
                "p99": 1.0, 
                "min": 0.0, 
                "max": 1.0, 
                "average": 0.016218955904713634, 
                "median": 0.0
            }, 
            "missing_impute_with_value": 0.016218955904713634
        }, 
        "event_type 31_sum": {
            "stats": {
                "std": 0.022509355468859273, 
                "p99": 0.0, 
                "min": 0.0, 
                "max": 1.0, 
                "average": 0.0005068423720223011, 
                "median": 0.0
            }, 
            "missing_impute_with_value": 0.0005068423720223011
        }, 
        "feature 233_sum": {
            "stats": {
                "std": 0.31540806355732454, 
                "p99": 1.0, 
                "min": 0.0, 
                "max": 1.0, 
                "average": 0.11201216421692854, 
                "median": 0.0
            }, 
            "missing_impute_with_value": 0.11201216421692854
        }, 
        "event_type 29_sum": {
            "stats": {
                "std": 0.04107195207712725, 
                "p99": 0.0, 
                "min": 0.0, 
                "max": 1.0, 
                "average": 0.0016894745734076701, 
                "median": 0.0
            }, 
            "missing_impute_with_value": 0.0016894745734076701
        }, 
        "feature 80_sum": {
            "stats": {
                "std": 0.2573400870705285, 
                "p99": 1.0, 
                "min": 0.0, 
                "max": 1.0, 
                "average": 0.07129582699780368, 
                "median": 0.0
            }, 
            "missing_impute_with_value": 0.07129582699780368
        }, 
        "feature 174_sum": {
            "stats": {
                "std": 0.0, 
                "p99": 0.0, 
                "min": 0.0, 
                "max": 0.0, 
                "average": 0.0, 
                "median": 0.0
            }, 
            "missing_impute_with_value": 0.0
        }, 
        "feature 191_sum": {
            "stats": {
                "std": 0.114045788985778, 
                "p99": 1.0, 
                "min": 0.0, 
                "max": 1.0, 
                "average": 0.013177901672579827, 
                "median": 0.0
            }, 
            "missing_impute_with_value": 0.013177901672579827
        }, 
        "feature 169_sum": {
            "stats": {
                "std": 0.029054540529398085, 
                "p99": 0.0, 
                "min": 0.0, 
                "max": 1.0, 
                "average": 0.0008447372867038351, 
                "median": 0.0
            }, 
            "missing_impute_with_value": 0.0008447372867038351
        }, 
        "volume_sum": {
            "stats": {
                "std": 80.94024636921446, 
                "p99": 422.6399999999994, 
                "min": 1.0, 
                "max": 1649.0, 
                "average": 31.93681365095455, 
                "median": 8.0
            }, 
            "missing_impute_with_value": 31.93681365095455
        }, 
        "feature 313_sum": {
            "stats": {
                "std": 0.33019523205420315, 
                "p99": 1.0, 
                "min": 0.0, 
                "max": 1.0, 
                "average": 0.1245142760601453, 
                "median": 0.0
            }, 
            "missing_impute_with_value": 0.1245142760601453
        }, 
        "feature 178_sum": {
            "stats": {
                "std": 0.018380365027620138, 
                "p99": 0.0, 
                "min": 0.0, 
                "max": 1.0, 
                "average": 0.00033789491468153406, 
                "median": 0.0
            }, 
            "missing_impute_with_value": 0.00033789491468153406
        }, 
        "feature 26_sum": {
            "stats": {
                "std": 0.01299797897139208, 
                "p99": 0.0, 
                "min": 0.0, 
                "max": 1.0, 
                "average": 0.00016894745734076703, 
                "median": 0.0
            }, 
            "missing_impute_with_value": 0.00016894745734076703
        }, 
        "event_type 20_sum": {
            "stats": {
                "std": 0.2623404976581436, 
                "p99": 1.0, 
                "min": 0.0, 
                "max": 1.0, 
                "average": 0.0743368812299375, 
                "median": 0.0
            }, 
            "missing_impute_with_value": 0.0743368812299375
        }, 
        "feature 157_sum": {
            "stats": {
                "std": 0.03674208713456587, 
                "p99": 0.0, 
                "min": 0.0, 
                "max": 1.0, 
                "average": 0.0013515796587261362, 
                "median": 0.0
            }, 
            "missing_impute_with_value": 0.0013515796587261362
        }, 
        "feature 267_sum": {
            "stats": {
                "std": 0.012997978971392186, 
                "p99": 0.0, 
                "min": 0.0, 
                "max": 1.0, 
                "average": 0.00016894745734076703, 
                "median": 0.0
            }, 
            "missing_impute_with_value": 0.00016894745734076703
        }, 
        "event_type 24_sum": {
            "stats": {
                "std": 0.056570648314685376, 
                "p99": 0.0, 
                "min": 0.0, 
                "max": 1.0, 
                "average": 0.0032100016894745734, 
                "median": 0.0
            }, 
            "missing_impute_with_value": 0.0032100016894745734
        }, 
        "feature 181_sum": {
            "stats": {
                "std": 0.0809113255470951, 
                "p99": 0.0, 
                "min": 0.0, 
                "max": 1.0, 
                "average": 0.006588950836289914, 
                "median": 0.0
            }, 
            "missing_impute_with_value": 0.006588950836289914
        }, 
        "feature 136_sum": {
            "stats": {
                "std": 0.031824963504309446, 
                "p99": 0.0, 
                "min": 0.0, 
                "max": 1.0, 
                "average": 0.0010136847440446021, 
                "median": 0.0
            }, 
            "missing_impute_with_value": 0.0010136847440446021
        }, 
        "feature 53_sum": {
            "stats": {
                "std": 0.03437198252347198, 
                "p99": 0.0, 
                "min": 0.0, 
                "max": 1.0, 
                "average": 0.0011826322013853692, 
                "median": 0.0
            }, 
            "missing_impute_with_value": 0.0011826322013853692
        }, 
        "event_type 2_sum": {
            "stats": {
                "std": 0.04681734130705407, 
                "p99": 0.0, 
                "min": 0.0, 
                "max": 1.0, 
                "average": 0.002196316945429971, 
                "median": 0.0
            }, 
            "missing_impute_with_value": 0.002196316945429971
        }, 
        "feature 304_sum": {
            "stats": {
                "std": 0.04307298159446542, 
                "p99": 0.0, 
                "min": 0.0, 
                "max": 1.0, 
                "average": 0.0018584220307484372, 
                "median": 0.0
            }, 
            "missing_impute_with_value": 0.0018584220307484372
        }, 
        "event_type 39_sum": {
            "stats": {
                "std": 0.018380365027619593, 
                "p99": 0.0, 
                "min": 0.0, 
                "max": 1.0, 
                "average": 0.00033789491468153406, 
                "median": 0.0
            }, 
            "missing_impute_with_value": 0.00033789491468153406
        }, 
        "feature 8_sum": {
            "stats": {
                "std": 0.05028137593735735, 
                "p99": 0.0, 
                "min": 0.0, 
                "max": 1.0, 
                "average": 0.002534211860111505, 
                "median": 0.0
            }, 
            "missing_impute_with_value": 0.002534211860111505
        }, 
        "feature 164_sum": {
            "stats": {
                "std": 0.03182496350431018, 
                "p99": 0.0, 
                "min": 0.0, 
                "max": 1.0, 
                "average": 0.0010136847440446021, 
                "median": 0.0
            }, 
            "missing_impute_with_value": 0.0010136847440446021
        }, 
        "feature 161_sum": {
            "stats": {
                "std": 0.04107195207712725, 
                "p99": 0.0, 
                "min": 0.0, 
                "max": 1.0, 
                "average": 0.0016894745734076701, 
                "median": 0.0
            }, 
            "missing_impute_with_value": 0.0016894745734076701
        }, 
        "feature 149_sum": {
            "stats": {
                "std": 0.01838036502762046, 
                "p99": 0.0, 
                "min": 0.0, 
                "max": 1.0, 
                "average": 0.00033789491468153406, 
                "median": 0.0
            }, 
            "missing_impute_with_value": 0.00033789491468153406
        }, 
        "feature 317_sum": {
            "stats": {
                "std": 0.03437198252347197, 
                "p99": 0.0, 
                "min": 0.0, 
                "max": 1.0, 
                "average": 0.0011826322013853692, 
                "median": 0.0
            }, 
            "missing_impute_with_value": 0.0011826322013853692
        }, 
        "feature 217_sum": {
            "stats": {
                "std": 0.029054540529398983, 
                "p99": 0.0, 
                "min": 0.0, 
                "max": 1.0, 
                "average": 0.0008447372867038351, 
                "median": 0.0
            }, 
            "missing_impute_with_value": 0.0008447372867038351
        }, 
        "feature 57_sum": {
            "stats": {
                "std": 0.0183803650276214, 
                "p99": 0.0, 
                "min": 0.0, 
                "max": 1.0, 
                "average": 0.00033789491468153406, 
                "median": 0.0
            }, 
            "missing_impute_with_value": 0.00033789491468153406
        }, 
        "event_type 10_sum": {
            "stats": {
                "std": 0.0839442281390439, 
                "p99": 0.0, 
                "min": 0.0, 
                "max": 1.0, 
                "average": 0.007095793208312215, 
                "median": 0.0
            }, 
            "missing_impute_with_value": 0.007095793208312215
        }, 
        "feature 345_sum": {
            "stats": {
                "std": 0.13139531451107608, 
                "p99": 1.0, 
                "min": 0.0, 
                "max": 1.0, 
                "average": 0.01757053556343977, 
                "median": 0.0
            }, 
            "missing_impute_with_value": 0.01757053556343977
        }, 
        "feature 251_sum": {
            "stats": {
                "std": 0.012997978971392293, 
                "p99": 0.0, 
                "min": 0.0, 
                "max": 1.0, 
                "average": 0.00016894745734076703, 
                "median": 0.0
            }, 
            "missing_impute_with_value": 0.00016894745734076703
        }, 
        "feature 238_sum": {
            "stats": {
                "std": 0.01299797897139222, 
                "p99": 0.0, 
                "min": 0.0, 
                "max": 1.0, 
                "average": 0.00016894745734076703, 
                "median": 0.0
            }, 
            "missing_impute_with_value": 0.00016894745734076703
        }, 
        "feature 266_sum": {
            "stats": {
                "std": 0.018380365027619864, 
                "p99": 0.0, 
                "min": 0.0, 
                "max": 1.0, 
                "average": 0.00033789491468153406, 
                "median": 0.0
            }, 
            "missing_impute_with_value": 0.00033789491468153406
        }, 
        "event_type 13_sum": {
            "stats": {
                "std": 0.174929173310044, 
                "p99": 1.0, 
                "min": 0.0, 
                "max": 1.0, 
                "average": 0.031593174522723436, 
                "median": 0.0
            }, 
            "missing_impute_with_value": 0.031593174522723436
        }, 
        "feature 109_sum": {
            "stats": {
                "std": 0.058035341659705086, 
                "p99": 0.0, 
                "min": 0.0, 
                "max": 1.0, 
                "average": 0.0033789491468153403, 
                "median": 0.0
            }, 
            "missing_impute_with_value": 0.0033789491468153403
        }, 
        "feature 223_sum": {
            "stats": {
                "std": 0.0896943337921184, 
                "p99": 0.0, 
                "min": 0.0, 
                "max": 1.0, 
                "average": 0.008109477952356817, 
                "median": 0.0
            }, 
            "missing_impute_with_value": 0.008109477952356817
        }, 
        "event_type 32_sum": {
            "stats": {
                "std": 0.05506649184209648, 
                "p99": 0.0, 
                "min": 0.0, 
                "max": 1.0, 
                "average": 0.0030410542321338066, 
                "median": 0.0
            }, 
            "missing_impute_with_value": 0.0030410542321338066
        }, 
        "feature 328_sum": {
            "stats": {
                "std": 0.012997978971392201, 
                "p99": 0.0, 
                "min": 0.0, 
                "max": 1.0, 
                "average": 0.00016894745734076703, 
                "median": 0.0
            }, 
            "missing_impute_with_value": 0.00016894745734076703
        }, 
        "event_type 12_sum": {
            "stats": {
                "std": 0.01299797897139233, 
                "p99": 0.0, 
                "min": 0.0, 
                "max": 1.0, 
                "average": 0.00016894745734076703, 
                "median": 0.0
            }, 
            "missing_impute_with_value": 0.00016894745734076703
        }, 
        "feature 15_sum": {
            "stats": {
                "std": 0.02250935546885835, 
                "p99": 0.0, 
                "min": 0.0, 
                "max": 1.0, 
                "average": 0.0005068423720223011, 
                "median": 0.0
            }, 
            "missing_impute_with_value": 0.0005068423720223011
        }, 
        "feature 10_sum": {
            "stats": {
                "std": 0.036742087134566365, 
                "p99": 0.0, 
                "min": 0.0, 
                "max": 1.0, 
                "average": 0.0013515796587261362, 
                "median": 0.0
            }, 
            "missing_impute_with_value": 0.0013515796587261362
        }, 
        "feature 159_sum": {
            "stats": {
                "std": 0.012997978971392187, 
                "p99": 0.0, 
                "min": 0.0, 
                "max": 1.0, 
                "average": 0.00016894745734076703, 
                "median": 0.0
            }, 
            "missing_impute_with_value": 0.00016894745734076703
        }, 
        "resource_type 5_sum": {
            "stats": {
                "std": 0.012997978971392371, 
                "p99": 0.0, 
                "min": 0.0, 
                "max": 1.0, 
                "average": 0.00016894745734076703, 
                "median": 0.0
            }, 
            "missing_impute_with_value": 0.00016894745734076703
        }, 
        "feature 340_sum": {
            "stats": {
                "std": 0.012997978971392403, 
                "p99": 0.0, 
                "min": 0.0, 
                "max": 1.0, 
                "average": 0.00016894745734076703, 
                "median": 0.0
            }, 
            "missing_impute_with_value": 0.00016894745734076703
        }, 
        "feature 111_sum": {
            "stats": {
                "std": 0.03674208713456522, 
                "p99": 0.0, 
                "min": 0.0, 
                "max": 1.0, 
                "average": 0.0013515796587261362, 
                "median": 0.0
            }, 
            "missing_impute_with_value": 0.0013515796587261362
        }, 
        "feature 158_sum": {
            "stats": {
                "std": 0.018380365027621283, 
                "p99": 0.0, 
                "min": 0.0, 
                "max": 1.0, 
                "average": 0.00033789491468153406, 
                "median": 0.0
            }, 
            "missing_impute_with_value": 0.00033789491468153406
        }, 
        "feature 70_sum": {
            "stats": {
                "std": 0.12567845564709665, 
                "p99": 1.0, 
                "min": 0.0, 
                "max": 1.0, 
                "average": 0.016050008447372865, 
                "median": 0.0
            }, 
            "missing_impute_with_value": 0.016050008447372865
        }, 
        "feature 234_sum": {
            "stats": {
                "std": 0.22109273567053547, 
                "p99": 1.0, 
                "min": 0.0, 
                "max": 1.0, 
                "average": 0.05152897448893394, 
                "median": 0.0
            }, 
            "missing_impute_with_value": 0.05152897448893394
        }, 
        "feature 221_sum": {
            "stats": {
                "std": 0.11476469816264591, 
                "p99": 1.0, 
                "min": 0.0, 
                "max": 1.0, 
                "average": 0.013346849129920594, 
                "median": 0.0
            }, 
            "missing_impute_with_value": 0.013346849129920594
        }, 
        "feature 46_sum": {
            "stats": {
                "std": 0.03182496350430982, 
                "p99": 0.0, 
                "min": 0.0, 
                "max": 1.0, 
                "average": 0.0010136847440446021, 
                "median": 0.0
            }, 
            "missing_impute_with_value": 0.0010136847440446021
        }, 
        "feature 153_sum": {
            "stats": {
                "std": 0.04107195207712718, 
                "p99": 0.0, 
                "min": 0.0, 
                "max": 1.0, 
                "average": 0.0016894745734076701, 
                "median": 0.0
            }, 
            "missing_impute_with_value": 0.0016894745734076701
        }, 
        "feature 206_sum": {
            "stats": {
                "std": 0.056570648314685265, 
                "p99": 0.0, 
                "min": 0.0, 
                "max": 1.0, 
                "average": 0.0032100016894745734, 
                "median": 0.0
            }, 
            "missing_impute_with_value": 0.0032100016894745734
        }, 
        "feature 300_sum": {
            "stats": {
                "std": 0.0, 
                "p99": 0.0, 
                "min": 0.0, 
                "max": 0.0, 
                "average": 0.0, 
                "median": 0.0
            }, 
            "missing_impute_with_value": 0.0
        }, 
        "feature 329_sum": {
            "stats": {
                "std": 0.01299797897139248, 
                "p99": 0.0, 
                "min": 0.0, 
                "max": 1.0, 
                "average": 0.00016894745734076703, 
                "median": 0.0
            }, 
            "missing_impute_with_value": 0.00016894745734076703
        }, 
        "feature 193_sum": {
            "stats": {
                "std": 0.23777592429312486, 
                "p99": 1.0, 
                "min": 0.0, 
                "max": 1.0, 
                "average": 0.06014529481331306, 
                "median": 0.0
            }, 
            "missing_impute_with_value": 0.06014529481331306
        }, 
        "feature 301_sum": {
            "stats": {
                "std": 0.19205858457916938, 
                "p99": 1.0, 
                "min": 0.0, 
                "max": 1.0, 
                "average": 0.038351072816354116, 
                "median": 0.0
            }, 
            "missing_impute_with_value": 0.038351072816354116
        }, 
        "feature 265_sum": {
            "stats": {
                "std": 0.012997978971392403, 
                "p99": 0.0, 
                "min": 0.0, 
                "max": 1.0, 
                "average": 0.00016894745734076703, 
                "median": 0.0
            }, 
            "missing_impute_with_value": 0.00016894745734076703
        }, 
        "event_type 5_sum": {
            "stats": {
                "std": 0.05028137593735735, 
                "p99": 0.0, 
                "min": 0.0, 
                "max": 1.0, 
                "average": 0.002534211860111505, 
                "median": 0.0
            }, 
            "missing_impute_with_value": 0.002534211860111505
        }, 
        "event_type 30_sum": {
            "stats": {
                "std": 0.05946348809345914, 
                "p99": 0.0, 
                "min": 0.0, 
                "max": 1.0, 
                "average": 0.0035478966041561076, 
                "median": 0.0
            }, 
            "missing_impute_with_value": 0.0035478966041561076
        }, 
        "feature 306_sum": {
            "stats": {
                "std": 0.1621891807848116, 
                "p99": 1.0, 
                "min": 0.0, 
                "max": 1.0, 
                "average": 0.027031593174522722, 
                "median": 0.0
            }, 
            "missing_impute_with_value": 0.027031593174522722
        }, 
        "feature 255_sum": {
            "stats": {
                "std": 0.018380365027620763, 
                "p99": 0.0, 
                "min": 0.0, 
                "max": 1.0, 
                "average": 0.00033789491468153406, 
                "median": 0.0
            }, 
            "missing_impute_with_value": 0.00033789491468153406
        }, 
        "feature 239_sum": {
            "stats": {
                "std": 0.051925983683520034, 
                "p99": 0.0, 
                "min": 0.0, 
                "max": 1.0, 
                "average": 0.0027031593174522725, 
                "median": 0.0
            }, 
            "missing_impute_with_value": 0.0027031593174522725
        }, 
        "feature 307_sum": {
            "stats": {
                "std": 0.2877225297000011, 
                "p99": 1.0, 
                "min": 0.0, 
                "max": 1.0, 
                "average": 0.09106267950667342, 
                "median": 0.0
            }, 
            "missing_impute_with_value": 0.09106267950667342
        }, 
        "feature 177_sum": {
            "stats": {
                "std": 0.01838036502762063, 
                "p99": 0.0, 
                "min": 0.0, 
                "max": 1.0, 
                "average": 0.00033789491468153406, 
                "median": 0.0
            }, 
            "missing_impute_with_value": 0.00033789491468153406
        }, 
        "feature 187_sum": {
            "stats": {
                "std": 0.03182496350430923, 
                "p99": 0.0, 
                "min": 0.0, 
                "max": 1.0, 
                "average": 0.0010136847440446021, 
                "median": 0.0
            }, 
            "missing_impute_with_value": 0.0010136847440446021
        }, 
        "feature 64_sum": {
            "stats": {
                "std": 0.012997978971392252, 
                "p99": 0.0, 
                "min": 0.0, 
                "max": 1.0, 
                "average": 0.00016894745734076703, 
                "median": 0.0
            }, 
            "missing_impute_with_value": 0.00016894745734076703
        }, 
        "event_type 21_sum": {
            "stats": {
                "std": 0.09332501438228985, 
                "p99": 0.0, 
                "min": 0.0, 
                "max": 1.0, 
                "average": 0.008785267781719884, 
                "median": 0.0
            }, 
            "missing_impute_with_value": 0.008785267781719884
        }, 
        "feature 65_sum": {
            "stats": {
                "std": 0.031824963504311084, 
                "p99": 0.0, 
                "min": 0.0, 
                "max": 1.0, 
                "average": 0.0010136847440446021, 
                "median": 0.0
            }, 
            "missing_impute_with_value": 0.0010136847440446021
        }, 
        "event_type 27_sum": {
            "stats": {
                "std": 0.03896757184225719, 
                "p99": 0.0, 
                "min": 0.0, 
                "max": 1.0, 
                "average": 0.0015205271160669033, 
                "median": 0.0
            }, 
            "missing_impute_with_value": 0.0015205271160669033
        }, 
        "severity_type 3_sum": {
            "stats": {
                "std": 0.022509355468859536, 
                "p99": 0.0, 
                "min": 0.0, 
                "max": 1.0, 
                "average": 0.0005068423720223011, 
                "median": 0.0
            }, 
            "missing_impute_with_value": 0.0005068423720223011
        }, 
        "feature 45_sum": {
            "stats": {
                "std": 0.031824963504310425, 
                "p99": 0.0, 
                "min": 0.0, 
                "max": 1.0, 
                "average": 0.0010136847440446021, 
                "median": 0.0
            }, 
            "missing_impute_with_value": 0.0010136847440446021
        }, 
        "feature 134_sum": {
            "stats": {
                "std": 0.25985677007900104, 
                "p99": 1.0, 
                "min": 0.0, 
                "max": 1.0, 
                "average": 0.07281635411387058, 
                "median": 0.0
            }, 
            "missing_impute_with_value": 0.07281635411387058
        }, 
        "feature 362_sum": {
            "stats": {
                "std": 0.06983047495837962, 
                "p99": 0.0, 
                "min": 0.0, 
                "max": 1.0, 
                "average": 0.004899476262882244, 
                "median": 0.0
            }, 
            "missing_impute_with_value": 0.004899476262882244
        }, 
        "feature 308_sum": {
            "stats": {
                "std": 0.1636599990940487, 
                "p99": 1.0, 
                "min": 0.0, 
                "max": 1.0, 
                "average": 0.027538435546545025, 
                "median": 0.0
            }, 
            "missing_impute_with_value": 0.027538435546545025
        }, 
        "feature 333_sum": {
            "stats": {
                "std": 0.012997978971392437, 
                "p99": 0.0, 
                "min": 0.0, 
                "max": 1.0, 
                "average": 0.00016894745734076703, 
                "median": 0.0
            }, 
            "missing_impute_with_value": 0.00016894745734076703
        }, 
        "feature 385_sum": {
            "stats": {
                "std": 0.0, 
                "p99": 0.0, 
                "min": 0.0, 
                "max": 0.0, 
                "average": 0.0, 
                "median": 0.0
            }, 
            "missing_impute_with_value": 0.0
        }, 
        "feature 22_sum": {
            "stats": {
                "std": 0.012997978971392673, 
                "p99": 0.0, 
                "min": 0.0, 
                "max": 1.0, 
                "average": 0.00016894745734076703, 
                "median": 0.0
            }, 
            "missing_impute_with_value": 0.00016894745734076703
        }, 
        "event_type 6_sum": {
            "stats": {
                "std": 0.04858053781787693, 
                "p99": 0.0, 
                "min": 0.0, 
                "max": 1.0, 
                "average": 0.0023652644027707384, 
                "median": 0.0
            }, 
            "missing_impute_with_value": 0.0023652644027707384
        }, 
        "feature 127_sum": {
            "stats": {
                "std": 0.04107195207712724, 
                "p99": 0.0, 
                "min": 0.0, 
                "max": 1.0, 
                "average": 0.0016894745734076701, 
                "median": 0.0
            }, 
            "missing_impute_with_value": 0.0016894745734076701
        }, 
        "feature 279_sum": {
            "stats": {
                "std": 0.022509355468859273, 
                "p99": 0.0, 
                "min": 0.0, 
                "max": 1.0, 
                "average": 0.0005068423720223011, 
                "median": 0.0
            }, 
            "missing_impute_with_value": 0.0005068423720223011
        }, 
        "feature 77_sum": {
            "stats": {
                "std": 0.018380365027621186, 
                "p99": 0.0, 
                "min": 0.0, 
                "max": 1.0, 
                "average": 0.00033789491468153406, 
                "median": 0.0
            }, 
            "missing_impute_with_value": 0.00033789491468153406
        }, 
        "feature 226_sum": {
            "stats": {
                "std": 0.0, 
                "p99": 0.0, 
                "min": 0.0, 
                "max": 0.0, 
                "average": 0.0, 
                "median": 0.0
            }, 
            "missing_impute_with_value": 0.0
        }, 
        "feature 318_sum": {
            "stats": {
                "std": 0.05506649184209354, 
                "p99": 0.0, 
                "min": 0.0, 
                "max": 1.0, 
                "average": 0.0030410542321338066, 
                "median": 0.0
            }, 
            "missing_impute_with_value": 0.0030410542321338066
        }, 
        "feature 143_sum": {
            "stats": {
                "std": 0.0, 
                "p99": 0.0, 
                "min": 0.0, 
                "max": 0.0, 
                "average": 0.0, 
                "median": 0.0
            }, 
            "missing_impute_with_value": 0.0
        }, 
        "feature 227_sum": {
            "stats": {
                "std": 0.23777592429312602, 
                "p99": 1.0, 
                "min": 0.0, 
                "max": 1.0, 
                "average": 0.06014529481331306, 
                "median": 0.0
            }, 
            "missing_impute_with_value": 0.06014529481331306
        }, 
        "feature 218_sum": {
            "stats": {
                "std": 0.0519259836835186, 
                "p99": 0.0, 
                "min": 0.0, 
                "max": 1.0, 
                "average": 0.0027031593174522725, 
                "median": 0.0
            }, 
            "missing_impute_with_value": 0.0027031593174522725
        }, 
        "feature 196_sum": {
            "stats": {
                "std": 0.08590503583168413, 
                "p99": 0.0, 
                "min": 0.0, 
                "max": 1.0, 
                "average": 0.007433688122993749, 
                "median": 0.0
            }, 
            "missing_impute_with_value": 0.007433688122993749
        }, 
        "resource_type 6_sum": {
            "stats": {
                "std": 0.174929173310044, 
                "p99": 1.0, 
                "min": 0.0, 
                "max": 1.0, 
                "average": 0.031593174522723436, 
                "median": 0.0
            }, 
            "missing_impute_with_value": 0.031593174522723436
        }, 
        "event_type 19_sum": {
            "stats": {
                "std": 0.012997978971392371, 
                "p99": 0.0, 
                "min": 0.0, 
                "max": 1.0, 
                "average": 0.00016894745734076703, 
                "median": 0.0
            }, 
            "missing_impute_with_value": 0.00016894745734076703
        }, 
        "feature 197_sum": {
            "stats": {
                "std": 0.07218601994673358, 
                "p99": 0.0, 
                "min": 0.0, 
                "max": 1.0, 
                "average": 0.005237371177563777, 
                "median": 0.0
            }, 
            "missing_impute_with_value": 0.005237371177563777
        }, 
        "feature 211_sum": {
            "stats": {
                "std": 0.0733348413305096, 
                "p99": 0.0, 
                "min": 0.0, 
                "max": 1.0, 
                "average": 0.005406318634904545, 
                "median": 0.0
            }, 
            "missing_impute_with_value": 0.005406318634904545
        }, 
        "feature 326_sum": {
            "stats": {
                "std": 0.0, 
                "p99": 0.0, 
                "min": 0.0, 
                "max": 0.0, 
                "average": 0.0, 
                "median": 0.0
            }, 
            "missing_impute_with_value": 0.0
        }, 
        "feature 280_sum": {
            "stats": {
                "std": 0.05506649184209648, 
                "p99": 0.0, 
                "min": 0.0, 
                "max": 1.0, 
                "average": 0.0030410542321338066, 
                "median": 0.0
            }, 
            "missing_impute_with_value": 0.0030410542321338066
        }, 
        "feature 113_sum": {
            "stats": {
                "std": 0.01299797897139208, 
                "p99": 0.0, 
                "min": 0.0, 
                "max": 1.0, 
                "average": 0.00016894745734076703, 
                "median": 0.0
            }, 
            "missing_impute_with_value": 0.00016894745734076703
        }, 
        "feature 315_sum": {
            "stats": {
                "std": 0.2791276429772494, 
                "p99": 1.0, 
                "min": 0.0, 
                "max": 1.0, 
                "average": 0.08514951849974658, 
                "median": 0.0
            }, 
            "missing_impute_with_value": 0.08514951849974658
        }, 
        "feature 73_sum": {
            "stats": {
                "std": 0.2082997331180695, 
                "p99": 1.0, 
                "min": 0.0, 
                "max": 1.0, 
                "average": 0.04544686602466633, 
                "median": 0.0
            }, 
            "missing_impute_with_value": 0.04544686602466633
        }, 
        "feature 76_sum": {
            "stats": {
                "std": 0.05506649184209294, 
                "p99": 0.0, 
                "min": 0.0, 
                "max": 1.0, 
                "average": 0.0030410542321338066, 
                "median": 0.0
            }, 
            "missing_impute_with_value": 0.0030410542321338066
        }, 
        "feature 39_sum": {
            "stats": {
                "std": 0.05946348809345931, 
                "p99": 0.0, 
                "min": 0.0, 
                "max": 1.0, 
                "average": 0.0035478966041561076, 
                "median": 0.0
            }, 
            "missing_impute_with_value": 0.0035478966041561076
        }, 
        "event_type 1_sum": {
            "stats": {
                "std": 0.012997978971392219, 
                "p99": 0.0, 
                "min": 0.0, 
                "max": 1.0, 
                "average": 0.00016894745734076703, 
                "median": 0.0
            }, 
            "missing_impute_with_value": 0.00016894745734076703
        }, 
        "resource_type 3_sum": {
            "stats": {
                "std": 0.0839442281390439, 
                "p99": 0.0, 
                "min": 0.0, 
                "max": 1.0, 
                "average": 0.007095793208312215, 
                "median": 0.0
            }, 
            "missing_impute_with_value": 0.007095793208312215
        }, 
        "feature 386_sum": {
            "stats": {
                "std": 0.0, 
                "p99": 0.0, 
                "min": 0.0, 
                "max": 0.0, 
                "average": 0.0, 
                "median": 0.0
            }, 
            "missing_impute_with_value": 0.0
        }, 
        "feature 249_sum": {
            "stats": {
                "std": 0.01299797897139248, 
                "p99": 0.0, 
                "min": 0.0, 
                "max": 1.0, 
                "average": 0.00016894745734076703, 
                "median": 0.0
            }, 
            "missing_impute_with_value": 0.00016894745734076703
        }, 
        "feature 103_sum": {
            "stats": {
                "std": 0.05351954503463512, 
                "p99": 0.0, 
                "min": 0.0, 
                "max": 1.0, 
                "average": 0.0028721067747930393, 
                "median": 0.0
            }, 
            "missing_impute_with_value": 0.0028721067747930393
        }, 
        "feature 188_sum": {
            "stats": {
                "std": 0.038967571842257, 
                "p99": 0.0, 
                "min": 0.0, 
                "max": 1.0, 
                "average": 0.0015205271160669033, 
                "median": 0.0
            }, 
            "missing_impute_with_value": 0.0015205271160669033
        }, 
        "feature 137_sum": {
            "stats": {
                "std": 0.01838036502762149, 
                "p99": 0.0, 
                "min": 0.0, 
                "max": 1.0, 
                "average": 0.00033789491468153406, 
                "median": 0.0
            }, 
            "missing_impute_with_value": 0.00033789491468153406
        }, 
        "feature 66_sum": {
            "stats": {
                "std": 0.03896757184225759, 
                "p99": 0.0, 
                "min": 0.0, 
                "max": 1.0, 
                "average": 0.0015205271160669033, 
                "median": 0.0
            }, 
            "missing_impute_with_value": 0.0015205271160669033
        }, 
        "event_type 54_sum": {
            "stats": {
                "std": 0.18542639691755808, 
                "p99": 1.0, 
                "min": 0.0, 
                "max": 1.0, 
                "average": 0.03564791349890184, 
                "median": 0.0
            }, 
            "missing_impute_with_value": 0.03564791349890184
        }, 
        "feature 160_sum": {
            "stats": {
                "std": 0.100178776620401, 
                "p99": 0.819999999999709, 
                "min": 0.0, 
                "max": 1.0, 
                "average": 0.01013684744044602, 
                "median": 0.0
            }, 
            "missing_impute_with_value": 0.01013684744044602
        }, 
        "feature 203_sum": {
            "stats": {
                "std": 0.35462479238413025, 
                "p99": 1.0, 
                "min": 0.0, 
                "max": 1.0, 
                "average": 0.14749113025848962, 
                "median": 0.0
            }, 
            "missing_impute_with_value": 0.14749113025848962
        }, 
        "feature 86_sum": {
            "stats": {
                "std": 0.060857660608914864, 
                "p99": 0.0, 
                "min": 0.0, 
                "max": 1.0, 
                "average": 0.0037168440614968744, 
                "median": 0.0
            }, 
            "missing_impute_with_value": 0.0037168440614968744
        }, 
        "feature 172_sum": {
            "stats": {
                "std": 0.10100152956527896, 
                "p99": 1.0, 
                "min": 0.0, 
                "max": 1.0, 
                "average": 0.010305794897786788, 
                "median": 0.0
            }, 
            "missing_impute_with_value": 0.010305794897786788
        }, 
        "event_type 22_sum": {
            "stats": {
                "std": 0.11259344021321102, 
                "p99": 1.0, 
                "min": 0.0, 
                "max": 1.0, 
                "average": 0.012840006757898294, 
                "median": 0.0
            }, 
            "missing_impute_with_value": 0.012840006757898294
        }, 
        "feature 220_sum": {
            "stats": {
                "std": 0.07882277524342994, 
                "p99": 0.0, 
                "min": 0.0, 
                "max": 1.0, 
                "average": 0.00625105592160838, 
                "median": 0.0
            }, 
            "missing_impute_with_value": 0.00625105592160838
        }, 
        "feature 82_sum": {
            "stats": {
                "std": 0.38695150642220605, 
                "p99": 1.0, 
                "min": 0.0, 
                "max": 1.0, 
                "average": 0.1833079912147322, 
                "median": 0.0
            }, 
            "missing_impute_with_value": 0.1833079912147322
        }, 
        "feature 240_sum": {
            "stats": {
                "std": 0.03674208713456582, 
                "p99": 0.0, 
                "min": 0.0, 
                "max": 1.0, 
                "average": 0.0013515796587261362, 
                "median": 0.0
            }, 
            "missing_impute_with_value": 0.0013515796587261362
        }, 
        "fault_severity": {
            "stats": {}
        }, 
        "event_type 14_sum": {
            "stats": {
                "std": 0.1420920942150362, 
                "p99": 1.0, 
                "min": 0.0, 
                "max": 1.0, 
                "average": 0.020611589795573575, 
                "median": 0.0
            }, 
            "missing_impute_with_value": 0.020611589795573575
        }, 
        "feature 228_sum": {
            "stats": {
                "std": 0.15819221944926984, 
                "p99": 1.0, 
                "min": 0.0, 
                "max": 1.0, 
                "average": 0.025680013515796588, 
                "median": 0.0
            }, 
            "missing_impute_with_value": 0.025680013515796588
        }, 
        "feature 201_sum": {
            "stats": {
                "std": 0.21158691059354312, 
                "p99": 1.0, 
                "min": 0.0, 
                "max": 1.0, 
                "average": 0.046967393140733234, 
                "median": 0.0
            }, 
            "missing_impute_with_value": 0.046967393140733234
        }, 
        "feature 204_sum": {
            "stats": {
                "std": 0.06739095343992217, 
                "p99": 0.0, 
                "min": 0.0, 
                "max": 1.0, 
                "average": 0.00456158134820071, 
                "median": 0.0
            }, 
            "missing_impute_with_value": 0.00456158134820071
        }, 
        "feature 303_sum": {
            "stats": {
                "std": 0.03896757184225701, 
                "p99": 0.0, 
                "min": 0.0, 
                "max": 1.0, 
                "average": 0.0015205271160669033, 
                "median": 0.0
            }, 
            "missing_impute_with_value": 0.0015205271160669033
        }, 
        "feature 167_sum": {
            "stats": {
                "std": 0.06862176380197502, 
                "p99": 0.0, 
                "min": 0.0, 
                "max": 1.0, 
                "average": 0.004730528805541477, 
                "median": 0.0
            }, 
            "missing_impute_with_value": 0.004730528805541477
        }, 
        "count": {
            "stats": {
                "std": 0.7258738720463246, 
                "p99": 4.0, 
                "min": 1.0, 
                "max": 9.0, 
                "average": 1.6872782564622402, 
                "median": 2.0
            }, 
            "missing_impute_with_value": 1.6872782564622402
        }, 
        "feature 273_sum": {
            "stats": {
                "std": 0.16020459137625126, 
                "p99": 1.0, 
                "min": 0.0, 
                "max": 1.0, 
                "average": 0.026355803345159655, 
                "median": 0.0
            }, 
            "missing_impute_with_value": 0.026355803345159655
        }, 
        "feature 29_sum": {
            "stats": {
                "std": 0.03437198252347202, 
                "p99": 0.0, 
                "min": 0.0, 
                "max": 1.0, 
                "average": 0.0011826322013853692, 
                "median": 0.0
            }, 
            "missing_impute_with_value": 0.0011826322013853692
        }, 
        "event_type 40_sum": {
            "stats": {
                "std": 0.04307298159446783, 
                "p99": 0.0, 
                "min": 0.0, 
                "max": 1.0, 
                "average": 0.0018584220307484372, 
                "median": 0.0
            }, 
            "missing_impute_with_value": 0.0018584220307484372
        }, 
        "feature 58_sum": {
            "stats": {
                "std": 0.01299797897139215, 
                "p99": 0.0, 
                "min": 0.0, 
                "max": 1.0, 
                "average": 0.00016894745734076703, 
                "median": 0.0
            }, 
            "missing_impute_with_value": 0.00016894745734076703
        }, 
        "event_type 28_sum": {
            "stats": {
                "std": 0.04498445446280054, 
                "p99": 0.0, 
                "min": 0.0, 
                "max": 1.0, 
                "average": 0.0020273694880892043, 
                "median": 0.0
            }, 
            "missing_impute_with_value": 0.0020273694880892043
        }, 
        "feature 84_sum": {
            "stats": {
                "std": 0.03182496350431058, 
                "p99": 0.0, 
                "min": 0.0, 
                "max": 1.0, 
                "average": 0.0010136847440446021, 
                "median": 0.0
            }, 
            "missing_impute_with_value": 0.0010136847440446021
        }, 
        "event_type 23_sum": {
            "stats": {
                "std": 0.16511616025721787, 
                "p99": 1.0, 
                "min": 0.0, 
                "max": 1.0, 
                "average": 0.028045277918567327, 
                "median": 0.0
            }, 
            "missing_impute_with_value": 0.028045277918567327
        }, 
        "severity_type 5_sum": {
            "stats": {
                "std": 0.05803534165970488, 
                "p99": 0.0, 
                "min": 0.0, 
                "max": 1.0, 
                "average": 0.0033789491468153403, 
                "median": 0.0
            }, 
            "missing_impute_with_value": 0.0033789491468153403
        }, 
        "event_type 9_sum": {
            "stats": {
                "std": 0.02250935546885835, 
                "p99": 0.0, 
                "min": 0.0, 
                "max": 1.0, 
                "average": 0.0005068423720223011, 
                "median": 0.0
            }, 
            "missing_impute_with_value": 0.0005068423720223011
        }, 
        "feature 94_sum": {
            "stats": {
                "std": 0.0868683510188452, 
                "p99": 0.0, 
                "min": 0.0, 
                "max": 1.0, 
                "average": 0.007602635580334516, 
                "median": 0.0
            }, 
            "missing_impute_with_value": 0.007602635580334516
        }, 
        "feature 171_sum": {
            "stats": {
                "std": 0.15355712084461665, 
                "p99": 1.0, 
                "min": 0.0, 
                "max": 1.0, 
                "average": 0.024159486399729684, 
                "median": 0.0
            }, 
            "missing_impute_with_value": 0.024159486399729684
        }, 
        "feature 232_sum": {
            "stats": {
                "std": 0.4423965364012212, 
                "p99": 1.0, 
                "min": 0.0, 
                "max": 1.0, 
                "average": 0.2669369825984119, 
                "median": 0.0
            }, 
            "missing_impute_with_value": 0.2669369825984119
        }, 
        "event_type 18_sum": {
            "stats": {
                "std": 0.0661368100807511, 
                "p99": 0.0, 
                "min": 0.0, 
                "max": 1.0, 
                "average": 0.004392633890859942, 
                "median": 0.0
            }, 
            "missing_impute_with_value": 0.004392633890859942
        }, 
        "feature 75_sum": {
            "stats": {
                "std": 0.10657561685655925, 
                "p99": 1.0, 
                "min": 0.0, 
                "max": 1.0, 
                "average": 0.011488427099172157, 
                "median": 0.0
            }, 
            "missing_impute_with_value": 0.011488427099172157
        }, 
        "feature 63_sum": {
            "stats": {
                "std": 0.04681734130705568, 
                "p99": 0.0, 
                "min": 0.0, 
                "max": 1.0, 
                "average": 0.002196316945429971, 
                "median": 0.0
            }, 
            "missing_impute_with_value": 0.002196316945429971
        }, 
        "feature 62_sum": {
            "stats": {
                "std": 0.05946348809345913, 
                "p99": 0.0, 
                "min": 0.0, 
                "max": 1.0, 
                "average": 0.0035478966041561076, 
                "median": 0.0
            }, 
            "missing_impute_with_value": 0.0035478966041561076
        }, 
        "feature 1_sum": {
            "stats": {
                "std": 0.036742087134564956, 
                "p99": 0.0, 
                "min": 0.0, 
                "max": 1.0, 
                "average": 0.0013515796587261362, 
                "median": 0.0
            }, 
            "missing_impute_with_value": 0.0013515796587261362
        }, 
        "feature 43_sum": {
            "stats": {
                "std": 0.018380365027621283, 
                "p99": 0.0, 
                "min": 0.0, 
                "max": 1.0, 
                "average": 0.00033789491468153406, 
                "median": 0.0
            }, 
            "missing_impute_with_value": 0.00033789491468153406
        }, 
        "feature 209_sum": {
            "stats": {
                "std": 0.11112108345480934, 
                "p99": 1.0, 
                "min": 0.0, 
                "max": 1.0, 
                "average": 0.01250211184321676, 
                "median": 0.0
            }, 
            "missing_impute_with_value": 0.01250211184321676
        }, 
        "feature 5_sum": {
            "stats": {
                "std": 0.01838036502761983, 
                "p99": 0.0, 
                "min": 0.0, 
                "max": 1.0, 
                "average": 0.00033789491468153406, 
                "median": 0.0
            }, 
            "missing_impute_with_value": 0.00033789491468153406
        }, 
        "feature 165_sum": {
            "stats": {
                "std": 0.012997978971392163, 
                "p99": 0.0, 
                "min": 0.0, 
                "max": 1.0, 
                "average": 0.00016894745734076703, 
                "median": 0.0
            }, 
            "missing_impute_with_value": 0.00016894745734076703
        }, 
        "feature 141_sum": {
            "stats": {
                "std": 0.048580537817877203, 
                "p99": 0.0, 
                "min": 0.0, 
                "max": 1.0, 
                "average": 0.0023652644027707384, 
                "median": 0.0
            }, 
            "missing_impute_with_value": 0.0023652644027707384
        }, 
        "feature 105_sum": {
            "stats": {
                "std": 0.041071952077127175, 
                "p99": 0.0, 
                "min": 0.0, 
                "max": 1.0, 
                "average": 0.0016894745734076701, 
                "median": 0.0
            }, 
            "missing_impute_with_value": 0.0016894745734076701
        }, 
        "feature 212_sum": {
            "stats": {
                "std": 0.041071952077127154, 
                "p99": 0.0, 
                "min": 0.0, 
                "max": 1.0, 
                "average": 0.0016894745734076701, 
                "median": 0.0
            }, 
            "missing_impute_with_value": 0.0016894745734076701
        }, 
        "feature 312_sum": {
            "stats": {
                "std": 0.45675390646975195, 
                "p99": 1.0, 
                "min": 0.0, 
                "max": 1.0, 
                "average": 0.2965027876330461, 
                "median": 0.0
            }, 
            "missing_impute_with_value": 0.2965027876330461
        }, 
        "resource_type 8_sum": {
            "stats": {
                "std": 0.49783919538152366, 
                "p99": 1.0, 
                "min": 0.0, 
                "max": 1.0, 
                "average": 0.5468829194120628, 
                "median": 1.0
            }, 
            "missing_impute_with_value": 0.5468829194120628
        }, 
        "id": {
            "stats": {}
        }, 
        "resource_type 1_sum": {
            "stats": {
                "std": 0.07101821528592422, 
                "p99": 0.0, 
                "min": 0.0, 
                "max": 1.0, 
                "average": 0.00506842372022301, 
                "median": 0.0
            }, 
            "missing_impute_with_value": 0.00506842372022301
        }, 
        "feature 170_sum": {
            "stats": {
                "std": 0.27634505904663326, 
                "p99": 1.0, 
                "min": 0.0, 
                "max": 1.0, 
                "average": 0.08329109646899814, 
                "median": 0.0
            }, 
            "missing_impute_with_value": 0.08329109646899814
        }, 
        "feature 162_sum": {
            "stats": {
                "std": 0.029054540529398164, 
                "p99": 0.0, 
                "min": 0.0, 
                "max": 1.0, 
                "average": 0.0008447372867038351, 
                "median": 0.0
            }, 
            "missing_impute_with_value": 0.0008447372867038351
        }, 
        "feature 246_sum": {
            "stats": {
                "std": 0.0, 
                "p99": 0.0, 
                "min": 0.0, 
                "max": 0.0, 
                "average": 0.0, 
                "median": 0.0
            }, 
            "missing_impute_with_value": 0.0
        }, 
        "feature 309_sum": {
            "stats": {
                "std": 0.19205858457916933, 
                "p99": 1.0, 
                "min": 0.0, 
                "max": 1.0, 
                "average": 0.038351072816354116, 
                "median": 0.0
            }, 
            "missing_impute_with_value": 0.038351072816354116
        }, 
        "feature 182_sum": {
            "stats": {
                "std": 0.09061611532929026, 
                "p99": 0.0, 
                "min": 0.0, 
                "max": 1.0, 
                "average": 0.008278425409697584, 
                "median": 0.0
            }, 
            "missing_impute_with_value": 0.008278425409697584
        }, 
        "feature 341_sum": {
            "stats": {
                "std": 0.012997978971392186, 
                "p99": 0.0, 
                "min": 0.0, 
                "max": 1.0, 
                "average": 0.00016894745734076703, 
                "median": 0.0
            }, 
            "missing_impute_with_value": 0.00016894745734076703
        }, 
        "feature 145_sum": {
            "stats": {
                "std": 0.02250935546886007, 
                "p99": 0.0, 
                "min": 0.0, 
                "max": 1.0, 
                "average": 0.0005068423720223011, 
                "median": 0.0
            }, 
            "missing_impute_with_value": 0.0005068423720223011
        }, 
        "severity_type 1_sum": {
            "stats": {
                "std": 0.4977589073758735, 
                "p99": 1.0, 
                "min": 0.0, 
                "max": 1.0, 
                "average": 0.45227234330123334, 
                "median": 0.0
            }, 
            "missing_impute_with_value": 0.45227234330123334
        }, 
        "severity_type 4_sum": {
            "stats": {
                "std": 0.22211804494070253, 
                "p99": 1.0, 
                "min": 0.0, 
                "max": 1.0, 
                "average": 0.05203581686095624, 
                "median": 0.0
            }, 
            "missing_impute_with_value": 0.05203581686095624
        }, 
        "feature 135_sum": {
            "stats": {
                "std": 0.08969433379211694, 
                "p99": 0.0, 
                "min": 0.0, 
                "max": 1.0, 
                "average": 0.008109477952356817, 
                "median": 0.0
            }, 
            "missing_impute_with_value": 0.008109477952356817
        }, 
        "feature 20_sum": {
            "stats": {
                "std": 0.03437198252347192, 
                "p99": 0.0, 
                "min": 0.0, 
                "max": 1.0, 
                "average": 0.0011826322013853692, 
                "median": 0.0
            }, 
            "missing_impute_with_value": 0.0011826322013853692
        }, 
        "resource_type 9_sum": {
            "stats": {
                "std": 0.10017877662040055, 
                "p99": 0.819999999999709, 
                "min": 0.0, 
                "max": 1.0, 
                "average": 0.01013684744044602, 
                "median": 0.0
            }, 
            "missing_impute_with_value": 0.01013684744044602
        }, 
        "event_type 38_sum": {
            "stats": {
                "std": 0.03437198252347197, 
                "p99": 0.0, 
                "min": 0.0, 
                "max": 1.0, 
                "average": 0.0011826322013853692, 
                "median": 0.0
            }, 
            "missing_impute_with_value": 0.0011826322013853692
        }, 
        "feature 195_sum": {
            "stats": {
                "std": 0.19487741618239568, 
                "p99": 1.0, 
                "min": 0.0, 
                "max": 1.0, 
                "average": 0.039533705017739486, 
                "median": 0.0
            }, 
            "missing_impute_with_value": 0.039533705017739486
        }, 
        "feature 48_sum": {
            "stats": {
                "std": 0.025989368067836992, 
                "p99": 0.0, 
                "min": 0.0, 
                "max": 1.0, 
                "average": 0.0006757898293630681, 
                "median": 0.0
            }, 
            "missing_impute_with_value": 0.0006757898293630681
        }, 
        "feature 42_sum": {
            "stats": {
                "std": 0.04107195207712725, 
                "p99": 0.0, 
                "min": 0.0, 
                "max": 1.0, 
                "average": 0.0016894745734076701, 
                "median": 0.0
            }, 
            "missing_impute_with_value": 0.0016894745734076701
        }, 
        "feature 49_sum": {
            "stats": {
                "std": 0.022509355468860265, 
                "p99": 0.0, 
                "min": 0.0, 
                "max": 1.0, 
                "average": 0.0005068423720223011, 
                "median": 0.0
            }, 
            "missing_impute_with_value": 0.0005068423720223011
        }, 
        "feature 71_sum": {
            "stats": {
                "std": 0.2748101130923756, 
                "p99": 1.0, 
                "min": 0.0, 
                "max": 1.0, 
                "average": 0.08227741172495354, 
                "median": 0.0
            }, 
            "missing_impute_with_value": 0.08227741172495354
        }, 
        "feature 139_sum": {
            "stats": {
                "std": 0.025989368067837797, 
                "p99": 0.0, 
                "min": 0.0, 
                "max": 1.0, 
                "average": 0.0006757898293630681, 
                "median": 0.0
            }, 
            "missing_impute_with_value": 0.0006757898293630681
        }, 
        "feature 54_sum": {
            "stats": {
                "std": 0.28359581005346285, 
                "p99": 1.0, 
                "min": 0.0, 
                "max": 1.0, 
                "average": 0.08819057273188038, 
                "median": 0.0
            }, 
            "missing_impute_with_value": 0.08819057273188038
        }, 
        "feature 198_sum": {
            "stats": {
                "std": 0.059463488093459284, 
                "p99": 0.0, 
                "min": 0.0, 
                "max": 1.0, 
                "average": 0.0035478966041561076, 
                "median": 0.0
            }, 
            "missing_impute_with_value": 0.0035478966041561076
        }, 
        "feature 305_sum": {
            "stats": {
                "std": 0.07101821528592202, 
                "p99": 0.0, 
                "min": 0.0, 
                "max": 1.0, 
                "average": 0.00506842372022301, 
                "median": 0.0
            }, 
            "missing_impute_with_value": 0.00506842372022301
        }, 
        "feature 2_sum": {
            "stats": {
                "std": 0.022509355468859092, 
                "p99": 0.0, 
                "min": 0.0, 
                "max": 1.0, 
                "average": 0.0005068423720223011, 
                "median": 0.0
            }, 
            "missing_impute_with_value": 0.0005068423720223011
        }, 
        "event_type 35_sum": {
            "stats": {
                "std": 0.48210765848995707, 
                "p99": 1.0, 
                "min": 0.0, 
                "max": 1.0, 
                "average": 0.36729177225882753, 
                "median": 0.0
            }, 
            "missing_impute_with_value": 0.36729177225882753
        }, 
        "feature 155_sum": {
            "stats": {
                "std": 0.05351954503463466, 
                "p99": 0.0, 
                "min": 0.0, 
                "max": 1.0, 
                "average": 0.0028721067747930393, 
                "median": 0.0
            }, 
            "missing_impute_with_value": 0.0028721067747930393
        }, 
        "feature 222_sum": {
            "stats": {
                "std": 0.08876265867649169, 
                "p99": 0.0, 
                "min": 0.0, 
                "max": 1.0, 
                "average": 0.00794053049501605, 
                "median": 0.0
            }, 
            "missing_impute_with_value": 0.00794053049501605
        }, 
        "feature 342_sum": {
            "stats": {
                "std": 0.0, 
                "p99": 0.0, 
                "min": 0.0, 
                "max": 0.0, 
                "average": 0.0, 
                "median": 0.0
            }, 
            "missing_impute_with_value": 0.0
        }, 
        "feature 47_sum": {
            "stats": {
                "std": 0.07667586848437918, 
                "p99": 0.0, 
                "min": 0.0, 
                "max": 1.0, 
                "average": 0.0059131610069268455, 
                "median": 0.0
            }, 
            "missing_impute_with_value": 0.0059131610069268455
        }, 
        "feature 252_sum": {
            "stats": {
                "std": 0.0, 
                "p99": 0.0, 
                "min": 0.0, 
                "max": 0.0, 
                "average": 0.0, 
                "median": 0.0
            }, 
            "missing_impute_with_value": 0.0
        }, 
        "feature 244_sum": {
            "stats": {
                "std": 0.01299797897139208, 
                "p99": 0.0, 
                "min": 0.0, 
                "max": 1.0, 
                "average": 0.00016894745734076703, 
                "median": 0.0
            }, 
            "missing_impute_with_value": 0.00016894745734076703
        }, 
        "feature 183_sum": {
            "stats": {
                "std": 0.03437198252347193, 
                "p99": 0.0, 
                "min": 0.0, 
                "max": 1.0, 
                "average": 0.0011826322013853692, 
                "median": 0.0
            }, 
            "missing_impute_with_value": 0.0011826322013853692
        }, 
        "event_type 34_sum": {
            "stats": {
                "std": 0.47072259081378226, 
                "p99": 1.0, 
                "min": 0.0, 
                "max": 1.0, 
                "average": 0.33130596384524413, 
                "median": 0.0
            }, 
            "missing_impute_with_value": 0.33130596384524413
        }, 
        "feature 202_sum": {
            "stats": {
                "std": 0.12103227771604011, 
                "p99": 1.0, 
                "min": 0.0, 
                "max": 1.0, 
                "average": 0.014867376245987498, 
                "median": 0.0
            }, 
            "missing_impute_with_value": 0.014867376245987498
        }, 
        "feature 142_sum": {
            "stats": {
                "std": 0.0, 
                "p99": 0.0, 
                "min": 0.0, 
                "max": 0.0, 
                "average": 0.0, 
                "median": 0.0
            }, 
            "missing_impute_with_value": 0.0
        }, 
        "feature 85_sum": {
            "stats": {
                "std": 0.053519545034634235, 
                "p99": 0.0, 
                "min": 0.0, 
                "max": 1.0, 
                "average": 0.0028721067747930393, 
                "median": 0.0
            }, 
            "missing_impute_with_value": 0.0028721067747930393
        }, 
        "feature 60_sum": {
            "stats": {
                "std": 0.01299797897139233, 
                "p99": 0.0, 
                "min": 0.0, 
                "max": 1.0, 
                "average": 0.00016894745734076703, 
                "median": 0.0
            }, 
            "missing_impute_with_value": 0.00016894745734076703
        }, 
        "event_type 36_sum": {
            "stats": {
                "std": 0.03674208713456505, 
                "p99": 0.0, 
                "min": 0.0, 
                "max": 1.0, 
                "average": 0.0013515796587261362, 
                "median": 0.0
            }, 
            "missing_impute_with_value": 0.0013515796587261362
        }, 
        "event_type 11_sum": {
            "stats": {
                "std": 0.4927524321996112, 
                "p99": 1.0, 
                "min": 0.0, 
                "max": 1.0, 
                "average": 0.4149349552289238, 
                "median": 0.0
            }, 
            "missing_impute_with_value": 0.4149349552289238
        }, 
        "resource_type 2_sum": {
            "stats": {
                "std": 0.4998663058046505, 
                "p99": 1.0, 
                "min": 0.0, 
                "max": 1.0, 
                "average": 0.4867376245987498, 
                "median": 0.0
            }, 
            "missing_impute_with_value": 0.4867376245987498
        }, 
        "feature 163_sum": {
            "stats": {
                "std": 0.07775691545142895, 
                "p99": 0.0, 
                "min": 0.0, 
                "max": 1.0, 
                "average": 0.006082108464267613, 
                "median": 0.0
            }, 
            "missing_impute_with_value": 0.006082108464267613
        }, 
        "feature 117_sum": {
            "stats": {
                "std": 0.03437198252347202, 
                "p99": 0.0, 
                "min": 0.0, 
                "max": 1.0, 
                "average": 0.0011826322013853692, 
                "median": 0.0
            }, 
            "missing_impute_with_value": 0.0011826322013853692
        }, 
        "feature 24_sum": {
            "stats": {
                "std": 0.012997978971392496, 
                "p99": 0.0, 
                "min": 0.0, 
                "max": 1.0, 
                "average": 0.00016894745734076703, 
                "median": 0.0
            }, 
            "missing_impute_with_value": 0.00016894745734076703
        }, 
        "feature 270_sum": {
            "stats": {
                "std": 0.0, 
                "p99": 0.0, 
                "min": 0.0, 
                "max": 0.0, 
                "average": 0.0, 
                "median": 0.0
            }, 
            "missing_impute_with_value": 0.0
        }
    }, 
    "feature_order": [
        "feature 302_sum", 
        "feature 269_sum", 
        "event_type 8_sum", 
        "feature 55_sum", 
        "feature 83_sum", 
        "feature 108_sum", 
        "feature 51_sum", 
        "event_type 7_sum", 
        "feature 310_sum", 
        "feature 230_sum", 
        "feature 235_sum", 
        "feature 319_sum", 
        "feature 219_sum", 
        "feature 118_sum", 
        "severity_type 2_sum", 
        "feature 331_sum", 
        "resource_type 10_sum", 
        "feature 384_sum", 
        "feature 268_sum", 
        "event_type 27_sum", 
        "feature 314_sum", 
        "feature 205_sum", 
        "location", 
        "feature 133_sum", 
        "resource_type 7_sum", 
        "feature 56_sum", 
        "feature 260_sum", 
        "feature 44_sum", 
        "feature 132_sum", 
        "feature 30_sum", 
        "feature 74_sum", 
        "event_type 3_sum", 
        "feature 68_sum", 
        "feature 207_sum", 
        "feature 173_sum", 
        "feature 87_sum", 
        "feature 229_sum", 
        "feature 179_sum", 
        "feature 360_sum", 
        "event_type 15_sum", 
        "feature 81_sum", 
        "feature 299_sum", 
        "feature 233_sum", 
        "event_type 31_sum", 
        "event_type 23_sum", 
        "event_type 29_sum", 
        "feature 80_sum", 
        "feature 174_sum", 
        "feature 191_sum", 
        "feature 169_sum", 
        "volume_sum", 
        "feature 313_sum", 
        "feature 178_sum", 
        "feature 26_sum", 
        "event_type 20_sum", 
        "feature 157_sum", 
        "feature 267_sum", 
        "event_type 24_sum", 
        "feature 246_sum", 
        "feature 181_sum", 
        "feature 136_sum", 
        "feature 53_sum", 
        "event_type 2_sum", 
        "feature 304_sum", 
        "event_type 39_sum", 
        "feature 8_sum", 
        "feature 164_sum", 
        "feature 161_sum", 
        "resource_type 4_sum", 
        "feature 149_sum", 
        "feature 317_sum", 
        "feature 217_sum", 
        "feature 57_sum", 
        "event_type 10_sum", 
        "feature 345_sum", 
        "feature 251_sum", 
        "feature 238_sum", 
        "feature 266_sum", 
        "event_type 13_sum", 
        "feature 109_sum", 
        "feature 223_sum", 
        "event_type 32_sum", 
        "feature 328_sum", 
        "event_type 12_sum", 
        "feature 15_sum", 
        "feature 10_sum", 
        "feature 159_sum", 
        "resource_type 5_sum", 
        "feature 340_sum", 
        "feature 111_sum", 
        "feature 158_sum", 
        "feature 70_sum", 
        "feature 234_sum", 
        "feature 221_sum", 
        "feature 46_sum", 
        "feature 153_sum", 
        "feature 206_sum", 
        "feature 300_sum", 
        "feature 329_sum", 
        "feature 193_sum", 
        "feature 301_sum", 
        "feature 265_sum", 
        "event_type 5_sum", 
        "event_type 30_sum", 
        "feature 306_sum", 
        "feature 255_sum", 
        "feature 239_sum", 
        "feature 307_sum", 
        "feature 177_sum", 
        "feature 187_sum", 
        "feature 64_sum", 
        "event_type 21_sum", 
        "feature 65_sum", 
        "feature 237_sum", 
        "severity_type 3_sum", 
        "feature 45_sum", 
        "feature 134_sum", 
        "feature 362_sum", 
        "feature 308_sum", 
        "feature 333_sum", 
        "feature 385_sum", 
        "feature 22_sum", 
        "event_type 6_sum", 
        "feature 127_sum", 
        "feature 279_sum", 
        "feature 77_sum", 
        "feature 226_sum", 
        "feature 318_sum", 
        "feature 143_sum", 
        "feature 227_sum", 
        "feature 218_sum", 
        "feature 196_sum", 
        "resource_type 6_sum", 
        "feature 222_sum", 
        "event_type 19_sum", 
        "feature 197_sum", 
        "feature 211_sum", 
        "feature 326_sum", 
        "feature 280_sum", 
        "feature 113_sum", 
        "feature 315_sum", 
        "feature 73_sum", 
        "feature 76_sum", 
        "feature 39_sum", 
        "event_type 1_sum", 
        "resource_type 3_sum", 
        "feature 386_sum", 
        "feature 249_sum", 
        "feature 103_sum", 
        "feature 188_sum", 
        "feature 137_sum", 
        "feature 66_sum", 
        "event_type 54_sum", 
        "feature 160_sum", 
        "feature 203_sum", 
        "feature 86_sum", 
        "feature 172_sum", 
        "event_type 22_sum", 
        "feature 220_sum", 
        "feature 82_sum", 
        "feature 240_sum", 
        "fault_severity", 
        "event_type 14_sum", 
        "feature 228_sum", 
        "feature 201_sum", 
        "feature 204_sum", 
        "feature 303_sum", 
        "feature 167_sum", 
        "count", 
        "feature 273_sum", 
        "feature 29_sum", 
        "event_type 40_sum", 
        "feature 58_sum", 
        "event_type 28_sum", 
        "feature 84_sum", 
        "severity_type 5_sum", 
        "event_type 9_sum", 
        "feature 94_sum", 
        "feature 171_sum", 
        "feature 232_sum", 
        "event_type 18_sum", 
        "feature 75_sum", 
        "feature 63_sum", 
        "feature 62_sum", 
        "feature 1_sum", 
        "feature 43_sum", 
        "feature 209_sum", 
        "feature 5_sum", 
        "feature 165_sum", 
        "feature 141_sum", 
        "feature 105_sum", 
        "feature 212_sum", 
        "feature 312_sum", 
        "resource_type 8_sum", 
        "id", 
        "resource_type 1_sum", 
        "event_type 35_sum", 
        "feature 170_sum", 
        "feature 309_sum", 
        "feature 182_sum", 
        "feature 341_sum", 
        "feature 145_sum", 
        "severity_type 1_sum", 
        "severity_type 4_sum", 
        "feature 135_sum", 
        "feature 20_sum", 
        "resource_type 9_sum", 
        "event_type 38_sum", 
        "feature 195_sum", 
        "feature 48_sum", 
        "feature 42_sum", 
        "feature 49_sum", 
        "feature 71_sum", 
        "feature 139_sum", 
        "feature 54_sum", 
        "feature 198_sum", 
        "feature 305_sum", 
        "feature 2_sum", 
        "feature 162_sum", 
        "feature 155_sum", 
        "feature 244_sum", 
        "feature 342_sum", 
        "feature 47_sum", 
        "feature 252_sum", 
        "feature 183_sum", 
        "event_type 34_sum", 
        "feature 202_sum", 
        "feature 142_sum", 
        "feature 85_sum", 
        "feature 60_sum", 
        "event_type 36_sum", 
        "event_type 11_sum", 
        "resource_type 2_sum", 
        "feature 163_sum", 
        "feature 117_sum", 
        "feature 24_sum", 
        "feature 270_sum"
    ]
}