{
    "trainingTime": 2778, 
    "state": "DONE", 
    "startTime": 1493405275828, 
    "preprocessingTime": 102, 
    "progress": {
        "top_level_todo": [], 
        "stack": [], 
        "top_level_done": [
            {
                "name": "Loading train set", 
                "time": 19
            }, 
            {
                "name": "Loading test set", 
                "time": 3
            }, 
            {
                "name": "Collecting statistics", 
                "time": 25
            }, 
            {
                "name": "Preprocessing train set", 
                "time": 36
            }, 
            {
                "name": "Preprocessing test set", 
                "time": 8
            }, 
            {
                "name": "Fitting model", 
                "time": 2124
            }, 
            {
                "name": "Saving model", 
                "time": 91
            }, 
            {
                "name": "Scoring model", 
                "time": 563
            }
        ]
    }, 
    "endTime": 1493405278708, 
    "modelId": "NA"
}