{
    "usedGridSearch": true, 
    "probaAware": true, 
    "gridSize": 12, 
    "rawImportance": {
        "variables": [
            "event_type_avg", 
            "event_type_count", 
            "event_type_distinct", 
            "event_type_max", 
            "event_type_min", 
            "event_type_sum", 
            "event_types_0", 
            "event_types_1", 
            "event_types_2", 
            "fault_severity_lag1", 
            "fault_severity_lag2", 
            "fault_severity_lag3", 
            "fault_severity_lag4", 
            "fault_severity_lag5", 
            "fault_severity_lag6", 
            "fault_severity_lag7", 
            "fault_severity_lag8", 
            "fault_severity_lag9", 
            "fault_severity_lag_diff1", 
            "fault_severity_lag_diff2", 
            "fault_severity_lag_diff3", 
            "fault_severity_lag_diff4", 
            "fault_severity_lag_diff5", 
            "fault_severity_lag_diff6", 
            "fault_severity_lag_diff7", 
            "fault_severity_lag_diff8", 
            "fault_severity_lag_diff9", 
            "fault_severity_lead1", 
            "fault_severity_lead2", 
            "fault_severity_lead3", 
            "fault_severity_lead4", 
            "fault_severity_lead5", 
            "fault_severity_lead6", 
            "fault_severity_lead7", 
            "fault_severity_lead8", 
            "fault_severity_lead9", 
            "fault_severity_lead_diff1", 
            "fault_severity_lead_diff2", 
            "fault_severity_lead_diff3", 
            "fault_severity_lead_diff4", 
            "fault_severity_lead_diff5", 
            "fault_severity_lead_diff6", 
            "fault_severity_lead_diff7", 
            "fault_severity_lead_diff8", 
            "fault_severity_lead_diff9", 
            "location", 
            "log_feature_avg", 
            "log_feature_count", 
            "log_feature_distinct", 
            "log_feature_max", 
            "log_feature_min", 
            "log_feature_sum", 
            "log_features_0", 
            "log_features_1", 
            "log_features_2", 
            "log_features_3", 
            "log_features_4", 
            "log_features_5", 
            "log_features_6", 
            "log_features_7", 
            "rank", 
            "resource_type_avg", 
            "resource_type_count", 
            "resource_type_distinct", 
            "resource_type_max", 
            "resource_type_min", 
            "resource_type_sum", 
            "resource_types_0", 
            "resource_types_1", 
            "severity_type", 
            "volume_avg", 
            "volume_count", 
            "volume_distinct", 
            "volume_max", 
            "volume_min", 
            "volume_sum", 
            "volumes_0", 
            "volumes_1", 
            "volumes_2", 
            "volumes_3", 
            "volumes_4", 
            "volumes_5", 
            "volumes_6", 
            "volumes_7"
        ], 
        "importances": [
            0.0039753223973609557, 
            0.00086107448359849803, 
            0.00078925608450120357, 
            0.0024012618797645243, 
            0.0055733334197919119, 
            0.0021634169433995647, 
            0.0036902371621991103, 
            0.0019835478500801157, 
            0.00099877193624019526, 
            0.0061881698098296134, 
            0.0041706859887343647, 
            0.0070576817702809871, 
            0.0070875546339821708, 
            0.0068164964768241253, 
            0.0050043771099651845, 
            0.0057763292432752656, 
            0.0064502576697562201, 
            0.0053744586016503627, 
            0.029321823683701096, 
            0.021376201167714676, 
            0.040759601054129888, 
            0.04362879831435143, 
            0.040782052795104794, 
            0.040900501627848272, 
            0.041576683235289111, 
            0.056486423569073047, 
            0.042001657231346343, 
            0.0060975226000695394, 
            0.0045035192679247753, 
            0.0055394941099719316, 
            0.0051808900455669986, 
            0.0068253813251102843, 
            0.0082114182380139972, 
            0.0051775270769783789, 
            0.0046610215133767148, 
            0.0036809303478690545, 
            0.025460412515056215, 
            0.020955434514362076, 
            0.023082937179572813, 
            0.032277286625166789, 
            0.036603939564099901, 
            0.052825904242556891, 
            0.041178123509810129, 
            0.038910816513049583, 
            0.041272626108364623, 
            0.0089324401609718, 
            0.011072771042964315, 
            0.0012251301056291082, 
            0.0018713010712374533, 
            0.01691541559779362, 
            0.0054429419648706389, 
            0.0078683461214536579, 
            0.0039664887421299285, 
            0.0033827432368122184, 
            0.0046548140024531056, 
            0.0028400565158355293, 
            0.0019194268340733845, 
            0.0011728051448677951, 
            0.00051747467997427857, 
            0.00028654049152173402, 
            0.015314008996047004, 
            0.0044096901426964622, 
            0.00071561574110952028, 
            0.00061136065470768696, 
            0.0033121663969040778, 
            0.0017523884046697418, 
            0.0061213363600781832, 
            0.0024118826161390206, 
            0.0010790663799714988, 
            0.0012202909309732301, 
            0.020456728371805656, 
            0.0018855677480674184, 
            0.0045764080734756489, 
            0.013485205774834683, 
            0.0089174445663932692, 
            0.019070726054900254, 
            0.010364205477460644, 
            0.0096029797260227309, 
            0.002923179047000647, 
            0.0019669779023180605, 
            0.00090082525964345751, 
            0.0007502540250513011, 
            0.00027698480651538001, 
            0.00016484939391213577
        ]
    }, 
    "modelInputNRows": 5919, 
    "modelInputNCols": 84, 
    "modelInputMemory": 3977568, 
    "gridCells": [
        {
            "score": 0.9552009063643879, 
            "params": {
                "max_features": "auto", 
                "min_samples_split": 3, 
                "n_estimators": 100, 
                "max_depth": 5, 
                "min_samples_leaf": 1
            }
        }, 
        {
            "score": 0.984097319296192, 
            "params": {
                "max_features": "auto", 
                "min_samples_split": 3, 
                "n_estimators": 100, 
                "max_depth": 10, 
                "min_samples_leaf": 1
            }
        }, 
        {
            "score": 0.989795095044143, 
            "params": {
                "max_features": "auto", 
                "min_samples_split": 3, 
                "n_estimators": 100, 
                "max_depth": 15, 
                "min_samples_leaf": 1
            }
        }, 
        {
            "score": 0.991834629689004, 
            "params": {
                "max_features": "auto", 
                "min_samples_split": 3, 
                "n_estimators": 100, 
                "max_depth": 20, 
                "min_samples_leaf": 1
            }
        }, 
        {
            "score": 0.9430029367814835, 
            "params": {
                "max_features": "auto", 
                "min_samples_split": 30, 
                "n_estimators": 100, 
                "max_depth": 5, 
                "min_samples_leaf": 10
            }
        }, 
        {
            "score": 0.9622104250031696, 
            "params": {
                "max_features": "auto", 
                "min_samples_split": 30, 
                "n_estimators": 100, 
                "max_depth": 10, 
                "min_samples_leaf": 10
            }
        }, 
        {
            "score": 0.9675652840352884, 
            "params": {
                "max_features": "auto", 
                "min_samples_split": 30, 
                "n_estimators": 100, 
                "max_depth": 15, 
                "min_samples_leaf": 10
            }
        }, 
        {
            "score": 0.9672787805144459, 
            "params": {
                "max_features": "auto", 
                "min_samples_split": 30, 
                "n_estimators": 100, 
                "max_depth": 20, 
                "min_samples_leaf": 10
            }
        }, 
        {
            "score": 0.8393380534048538, 
            "params": {
                "max_features": "auto", 
                "min_samples_split": 300, 
                "n_estimators": 100, 
                "max_depth": 5, 
                "min_samples_leaf": 100
            }
        }, 
        {
            "score": 0.8492746524540306, 
            "params": {
                "max_features": "auto", 
                "min_samples_split": 300, 
                "n_estimators": 100, 
                "max_depth": 10, 
                "min_samples_leaf": 100
            }
        }, 
        {
            "score": 0.8493159575845092, 
            "params": {
                "max_features": "auto", 
                "min_samples_split": 300, 
                "n_estimators": 100, 
                "max_depth": 15, 
                "min_samples_leaf": 100
            }
        }, 
        {
            "score": 0.8493159575845092, 
            "params": {
                "max_features": "auto", 
                "min_samples_split": 300, 
                "n_estimators": 100, 
                "max_depth": 20, 
                "min_samples_leaf": 100
            }
        }
    ], 
    "gridBestScore": 0.991834629689004, 
    "modelInputIsSparse": false
}