{
  "state": "DONE",
  "preSearchDescription": {
    "gridLength": 12,
    "importantParams": [
      {
        "name": "trees",
        "vals": [
          "100"
        ]
      },
      {
        "name": "depth",
        "vals": [
          "5",
          "10",
          "15",
          "20"
        ]
      },
      {
        "name": "min_samples",
        "vals": [
          "1",
          "10",
          "100"
        ]
      }
    ]
  },
  "postSearchDescription": {
    "importantParams": [
      {
        "name": "trees",
        "val": "100"
      },
      {
        "name": "depth",
        "val": "20"
      },
      {
        "name": "min_samples",
        "val": "1"
      }
    ]
  },
  "modelId": "m1",
  "progress": {
    "top_level_todo": [],
    "stack": [],
    "top_level_done": [
      {
        "name": "Loading train set",
        "time": 187
      },
      {
        "name": "Loading test set",
        "time": 52
      },
      {
        "name": "Collecting statistics",
        "time": 117
      },
      {
        "name": "Preprocessing train set",
        "time": 192
      },
      {
        "name": "Preprocessing test set",
        "time": 139
      },
      {
        "name": "Fitting model",
        "time": 34664
      },
      {
        "name": "Saving model",
        "time": 21
      },
      {
        "name": "Scoring model",
        "time": 1292
      }
    ]
  },
  "startTime": 1496724581383,
  "endTime": 1496724618059,
  "preprocessingTime": 698,
  "trainingTime": 35978
}