{
  "trainedWithDSSVersion": "4.0.1",
  "isValid": true,
  "type": "MULTICLASS_PROBABILISTIC",
  "algorithm_name": "GRADIENT_BOOSTING_CLASSIFIER",
  "columns": [
    "id",
    "volume",
    "dummy:log_feature:feature 312",
    "dummy:log_feature:feature 232",
    "dummy:log_feature:feature 313",
    "dummy:log_feature:feature 233",
    "dummy:log_feature:feature 134",
    "dummy:log_feature:feature 307",
    "dummy:log_feature:feature 219",
    "dummy:log_feature:feature 315",
    "dummy:log_feature:feature 82",
    "dummy:log_feature:feature 54",
    "dummy:log_feature:feature 170",
    "dummy:log_feature:feature 235",
    "dummy:log_feature:feature 68",
    "dummy:log_feature:feature 306",
    "dummy:log_feature:feature 203",
    "dummy:log_feature:feature 273",
    "dummy:log_feature:feature 314",
    "dummy:log_feature:feature 227",
    "dummy:log_feature:feature 234",
    "dummy:log_feature:feature 345",
    "dummy:log_feature:feature 71",
    "dummy:log_feature:feature 309",
    "dummy:log_feature:feature 193",
    "dummy:log_feature:feature 229",
    "dummy:log_feature:feature 80",
    "dummy:log_feature:feature 301",
    "dummy:log_feature:feature 222",
    "dummy:log_feature:feature 308",
    "dummy:log_feature:feature 201",
    "dummy:log_feature:feature 228",
    "dummy:log_feature:feature 160",
    "dummy:log_feature:feature 376",
    "dummy:log_feature:feature 368",
    "dummy:log_feature:feature 223",
    "dummy:log_feature:feature 310",
    "dummy:log_feature:feature 230",
    "dummy:log_feature:feature 283",
    "dummy:log_feature:feature 291",
    "dummy:log_feature:feature 44",
    "dummy:log_feature:feature 375",
    "dummy:log_feature:feature 94",
    "dummy:log_feature:feature 179",
    "dummy:log_feature:feature 75",
    "dummy:log_feature:feature 211",
    "dummy:log_feature:feature 55",
    "dummy:log_feature:feature 304",
    "dummy:log_feature:feature 316",
    "dummy:log_feature:feature 163",
    "dummy:log_feature:feature 290",
    "dummy:log_feature:feature 181",
    "dummy:log_feature:feature 171",
    "dummy:log_feature:feature 305",
    "dummy:log_feature:feature 47",
    "dummy:log_feature:feature 39",
    "dummy:log_feature:feature 209",
    "dummy:log_feature:feature 221",
    "dummy:log_feature:feature 56",
    "dummy:log_feature:feature 236",
    "dummy:log_feature:feature 172",
    "dummy:log_feature:feature 118",
    "dummy:log_feature:feature 311",
    "dummy:log_feature:feature 197",
    "dummy:log_feature:feature 303",
    "dummy:log_feature:feature 154",
    "dummy:log_feature:feature 135",
    "dummy:log_feature:feature 141",
    "dummy:log_feature:feature 87",
    "dummy:log_feature:feature 374",
    "dummy:log_feature:feature 30",
    "dummy:log_feature:feature 8",
    "dummy:log_feature:feature 153",
    "dummy:log_feature:feature 289",
    "dummy:log_feature:feature 378",
    "dummy:log_feature:feature 240",
    "dummy:log_feature:feature 38",
    "dummy:log_feature:feature 73",
    "dummy:log_feature:feature 48",
    "dummy:log_feature:feature 212",
    "dummy:log_feature:feature 195",
    "dummy:log_feature:feature 35",
    "dummy:log_feature:feature 353",
    "dummy:log_feature:feature 196",
    "dummy:log_feature:feature 277",
    "dummy:log_feature:feature 237",
    "dummy:log_feature:feature 95",
    "dummy:log_feature:feature 220",
    "dummy:log_feature:feature 370",
    "dummy:log_feature:feature 198",
    "dummy:log_feature:feature 74",
    "dummy:log_feature:feature 133",
    "dummy:log_feature:feature 278",
    "dummy:log_feature:feature 285",
    "dummy:log_feature:feature 70",
    "dummy:log_feature:feature 150",
    "dummy:log_feature:feature 354",
    "dummy:log_feature:feature 117",
    "dummy:log_feature:feature 318",
    "dummy:log_feature:feature 29",
    "dummy:log_feature:feature 231",
    "dummy:log_feature:feature 132",
    "dummy:log_feature:feature 191",
    "dummy:log_feature:feature 293",
    "dummy:log_feature:feature 81",
    "dummy:log_feature:feature 218",
    "dummy:log_feature:feature 127",
    "dummy:log_feature:feature 207",
    "dummy:log_feature:feature 182",
    "dummy:log_feature:feature 276",
    "dummy:log_feature:feature 288",
    "dummy:log_feature:feature 349",
    "dummy:log_feature:feature 298",
    "dummy:log_feature:N/A",
    "dummy:log_feature:__Others__",
    "dummy:event_type:event_type 35",
    "dummy:event_type:event_type 34",
    "dummy:event_type:event_type 11",
    "dummy:event_type:event_type 20",
    "dummy:event_type:event_type 15",
    "dummy:event_type:event_type 13",
    "dummy:event_type:event_type 23",
    "dummy:event_type:event_type 14",
    "dummy:event_type:event_type 22",
    "dummy:event_type:event_type 42",
    "dummy:event_type:event_type 44",
    "dummy:event_type:event_type 54",
    "dummy:event_type:event_type 43",
    "dummy:event_type:event_type 10",
    "dummy:event_type:event_type 18",
    "dummy:event_type:event_type 21",
    "dummy:event_type:event_type 5",
    "dummy:event_type:event_type 50",
    "dummy:event_type:event_type 36",
    "dummy:event_type:event_type 6",
    "dummy:event_type:N/A",
    "dummy:event_type:__Others__",
    "dummy:severity_type:severity_type 1",
    "dummy:severity_type:severity_type 2",
    "dummy:severity_type:N/A",
    "dummy:severity_type:__Others__",
    "dummy:location:location 794",
    "dummy:location:location 126",
    "dummy:location:location 495",
    "dummy:location:location 13",
    "dummy:location:location 821",
    "dummy:location:location 102",
    "dummy:location:location 471",
    "dummy:location:location 1095",
    "dummy:location:location 744",
    "dummy:location:location 802",
    "dummy:location:location 734",
    "dummy:location:location 124",
    "dummy:location:location 122",
    "dummy:location:location 476",
    "dummy:location:location 893",
    "dummy:location:location 497",
    "dummy:location:location 242",
    "dummy:location:location 496",
    "dummy:location:location 661",
    "dummy:location:location 745",
    "dummy:location:location 32",
    "dummy:location:location 816",
    "dummy:location:location 478",
    "dummy:location:location 1107",
    "dummy:location:location 73",
    "dummy:location:location 897",
    "dummy:location:location 469",
    "dummy:location:location 494",
    "dummy:location:location 505",
    "dummy:location:location 895",
    "dummy:location:location 691",
    "dummy:location:location 894",
    "dummy:location:location 856",
    "dummy:location:location 627",
    "dummy:location:location 504",
    "dummy:location:location 892",
    "dummy:location:location 899",
    "dummy:location:location 960",
    "dummy:location:location 91",
    "dummy:location:location 477",
    "dummy:location:location 995",
    "dummy:location:location 472",
    "dummy:location:location 984",
    "dummy:location:location 149",
    "dummy:location:location 931",
    "dummy:location:location 648",
    "dummy:location:location 810",
    "dummy:location:location 837",
    "dummy:location:location 532",
    "dummy:location:location 506",
    "dummy:location:location 1050",
    "dummy:location:location 135",
    "dummy:location:location 1100",
    "dummy:location:location 484",
    "dummy:location:location 391",
    "dummy:location:location 465",
    "dummy:location:location 655",
    "dummy:location:location 704",
    "dummy:location:location 79",
    "dummy:location:location 518",
    "dummy:location:location 1097",
    "dummy:location:location 826",
    "dummy:location:location 491",
    "dummy:location:location 159",
    "dummy:location:location 1019",
    "dummy:location:location 363",
    "dummy:location:location 707",
    "dummy:location:location 95",
    "dummy:location:location 714",
    "dummy:location:location 488",
    "dummy:location:location 369",
    "dummy:location:location 1052",
    "dummy:location:location 644",
    "dummy:location:location 466",
    "dummy:location:location 902",
    "dummy:location:location 479",
    "dummy:location:location 924",
    "dummy:location:location 1014",
    "dummy:location:location 257",
    "dummy:location:location 498",
    "dummy:location:location 421",
    "dummy:location:location 653",
    "dummy:location:location 1008",
    "dummy:location:location 395",
    "dummy:location:location 457",
    "dummy:location:location 288",
    "dummy:location:location 280",
    "dummy:location:location 181",
    "dummy:location:location 229",
    "dummy:location:location 172",
    "dummy:location:location 249",
    "dummy:location:location 509",
    "dummy:location:location 643",
    "dummy:location:location 851",
    "dummy:location:location 896",
    "dummy:location:location 388",
    "dummy:location:location 474",
    "dummy:location:location 638",
    "dummy:location:location 33",
    "dummy:location:location 508",
    "dummy:location:location 128",
    "dummy:location:location 240",
    "dummy:location:location 613",
    "dummy:location:location 120",
    "dummy:location:location 441",
    "dummy:location:location 1037",
    "dummy:location:location 460",
    "dummy:location:location 684",
    "dummy:location:location 1103",
    "dummy:location:location 686",
    "dummy:location:location 493",
    "dummy:location:location 507",
    "dummy:location:location 459",
    "dummy:location:location 2",
    "dummy:location:location 642",
    "dummy:location:location 481",
    "dummy:location:location 976",
    "dummy:location:location 221",
    "dummy:location:location 609",
    "dummy:location:location 118",
    "dummy:location:location 500",
    "dummy:location:location 417",
    "dummy:location:location 909",
    "dummy:location:location 601",
    "dummy:location:location 228",
    "dummy:location:location 742",
    "dummy:location:location 808",
    "dummy:location:location 1026",
    "dummy:location:location 485",
    "dummy:location:location 1066",
    "dummy:location:location 1056",
    "dummy:location:location 324",
    "dummy:location:location 103",
    "dummy:location:location 834",
    "dummy:location:location 230",
    "dummy:location:location 1",
    "dummy:location:location 462",
    "dummy:location:location 790",
    "dummy:location:location 618",
    "dummy:location:location 300",
    "dummy:location:location 147",
    "dummy:location:location 313",
    "dummy:location:location 480",
    "dummy:location:location 490",
    "dummy:location:location 314",
    "dummy:location:location 603",
    "dummy:location:location 499",
    "dummy:location:location 278",
    "dummy:location:location 133",
    "dummy:location:location 475",
    "dummy:location:location 226",
    "dummy:location:location 1046",
    "dummy:location:location 942",
    "dummy:location:location 446",
    "dummy:location:location 936",
    "dummy:location:location 763",
    "dummy:location:location 885",
    "dummy:location:location 607",
    "dummy:location:N/A",
    "dummy:location:__Others__",
    "dummy:resource_type:resource_type 2",
    "dummy:resource_type:resource_type 8",
    "dummy:resource_type:resource_type 7",
    "dummy:resource_type:resource_type 6",
    "dummy:resource_type:resource_type 4",
    "dummy:resource_type:resource_type 1",
    "dummy:resource_type:N/A",
    "dummy:resource_type:__Others__"
  ],
  "classes": [
    "0",
    "2",
    "1"
  ]
}