{
  "state": "DONE",
  "preSearchDescription": {
    "gridLength": 1,
    "importantParams": [
      {
        "name": "trees",
        "vals": [
          "100"
        ]
      },
      {
        "name": "learning_rate",
        "vals": [
          "0.1"
        ]
      },
      {
        "name": "max_depth",
        "vals": [
          "3"
        ]
      }
    ]
  },
  "postSearchDescription": {
    "importantParams": [
      {
        "name": "trees",
        "val": "100"
      },
      {
        "name": "learning_rate",
        "val": "0.1"
      },
      {
        "name": "max_depth",
        "val": "3"
      }
    ]
  },
  "modelId": "m1",
  "progress": {
    "top_level_todo": [],
    "stack": [],
    "top_level_done": [
      {
        "name": "Loading train set",
        "time": 182
      },
      {
        "name": "Loading test set",
        "time": 57
      },
      {
        "name": "Collecting statistics",
        "time": 120
      },
      {
        "name": "Preprocessing train set",
        "time": 584
      },
      {
        "name": "Preprocessing test set",
        "time": 188
      },
      {
        "name": "Fitting model",
        "time": 540454
      },
      {
        "name": "Saving model",
        "time": 16
      },
      {
        "name": "Scoring model",
        "time": 70672
      }
    ]
  },
  "startTime": 1493379908413,
  "endTime": 1493380520690,
  "preprocessingTime": 1132,
  "trainingTime": 611145
}