{
  "state": "BROKEN",
  "error": {
    "errorType": "java.lang.IllegalArgumentException",
    "message": "All values of the target are equal. Try refreshing the sample.",
    "detailedMessage": "All values of the target are equal. Try refreshing the sample.",
    "stackTraceStr": "java.lang.IllegalArgumentException: All values of the target are equal. Try refreshing the sample.\n\tat com.dataiku.dip.analysis.ml.prediction.guess.PredictionGuesser.guessPredictionType(PredictionGuesser.java:176)\n\tat com.dataiku.dip.analysis.ml.prediction.guess.PredictionGuesser.initialGuess(PredictionGuesser.java:95)\n\tat com.dataiku.dip.analysis.coreservices.PredictionService$InitialGuessWorkThread.execute(PredictionService.java:353)\n\tat com.dataiku.dip.futures.FutureThread.run(FutureThread.java:89)\n",
    "stackTrace": [
      {
        "file": "PredictionGuesser.java",
        "line": 176,
        "function": "com.dataiku.dip.analysis.ml.prediction.guess.PredictionGuesser.guessPredictionType"
      },
      {
        "file": "PredictionGuesser.java",
        "line": 95,
        "function": "com.dataiku.dip.analysis.ml.prediction.guess.PredictionGuesser.initialGuess"
      },
      {
        "file": "PredictionService.java",
        "line": 353,
        "function": "com.dataiku.dip.analysis.coreservices.PredictionService$InitialGuessWorkThread.execute"
      },
      {
        "file": "FutureThread.java",
        "line": 89,
        "function": "com.dataiku.dip.futures.FutureThread.run"
      }
    ]
  }
}