{
    "rawImportance": {
        "variables": [
            "dummy:location:location 1107", 
            "dummy:location:location 810", 
            "dummy:location:location 1100", 
            "dummy:location:location 995", 
            "dummy:location:__Others__"
        ], 
        "importances": [
            0.14119204532639698, 
            0.11616419363572739, 
            0.26069740259243007, 
            0.15318761262239136, 
            0.32875874582305425
        ]
    }, 
    "probaAware": true, 
    "modelInputNRows": 5919, 
    "modelInputNCols": 170, 
    "modelInputMemory": 8049840, 
    "modelInputIsSparse": false
}