{
    "trainingTime": 128, 
    "state": "DONE", 
    "startTime": 1493415054298, 
    "preprocessingTime": 51, 
    "progress": {
        "top_level_todo": [], 
        "stack": [], 
        "top_level_done": [
            {
                "name": "Loading train set", 
                "time": 18
            }, 
            {
                "name": "Loading test set", 
                "time": 3
            }, 
            {
                "name": "Collecting statistics", 
                "time": 3
            }, 
            {
                "name": "Preprocessing train set", 
                "time": 16
            }, 
            {
                "name": "Preprocessing test set", 
                "time": 10
            }, 
            {
                "name": "Fitting model", 
                "time": 30
            }, 
            {
                "name": "Saving model", 
                "time": 2
            }, 
            {
                "name": "Scoring model", 
                "time": 96
            }
        ]
    }, 
    "endTime": 1493415054477, 
    "modelId": "NA"
}