[
    {
        "parameters": {
            "max_features": "auto", 
            "min_samples_split": 3, 
            "n_estimators": 100, 
            "max_depth": 6, 
            "min_samples_leaf": 1
        }, 
        "score_time": 172, 
        "test_score": 0.8025025745744797, 
        "fit_time": 890, 
        "num_samples": 1974, 
        "best_iteration": null, 
        "train_score": 0.8453753856735765, 
        "parameter_id": 0, 
        "time": 1062, 
        "done_at": 1525436301785, 
        "grid_point_id": "{\"max_features\": \"auto\", \"min_samples_split\": 3, \"n_estimators\": 100, \"max_depth\": 6, \"min_samples_leaf\": 1}@0"
    }, 
    {
        "parameters": {
            "max_features": "auto", 
            "min_samples_split": 3, 
            "n_estimators": 100, 
            "max_depth": 6, 
            "min_samples_leaf": 1
        }, 
        "score_time": 174, 
        "test_score": 0.8199776624879834, 
        "fit_time": 962, 
        "num_samples": 1973, 
        "best_iteration": null, 
        "train_score": 0.8360585086599027, 
        "parameter_id": 0, 
        "time": 1136, 
        "done_at": 1525436303090, 
        "grid_point_id": "{\"max_features\": \"auto\", \"min_samples_split\": 3, \"n_estimators\": 100, \"max_depth\": 6, \"min_samples_leaf\": 1}@1"
    }, 
    {
        "parameters": {
            "max_features": "auto", 
            "min_samples_split": 3, 
            "n_estimators": 100, 
            "max_depth": 6, 
            "min_samples_leaf": 1
        }, 
        "score_time": 224, 
        "test_score": 0.81267985415616, 
        "fit_time": 859, 
        "num_samples": 1972, 
        "best_iteration": null, 
        "train_score": 0.8324377759935492, 
        "parameter_id": 0, 
        "time": 1083, 
        "done_at": 1525436304353, 
        "grid_point_id": "{\"max_features\": \"auto\", \"min_samples_split\": 3, \"n_estimators\": 100, \"max_depth\": 6, \"min_samples_leaf\": 1}@2"
    }, 
    {
        "parameters": {
            "max_features": "auto", 
            "min_samples_split": 3, 
            "n_estimators": 100, 
            "max_depth": 25, 
            "min_samples_leaf": 1
        }, 
        "score_time": 318, 
        "test_score": 0.8444420904576575, 
        "fit_time": 1520, 
        "num_samples": 1974, 
        "best_iteration": null, 
        "train_score": 0.9801227501269906, 
        "parameter_id": 1, 
        "time": 1838, 
        "done_at": 1525436306501, 
        "grid_point_id": "{\"max_features\": \"auto\", \"min_samples_split\": 3, \"n_estimators\": 100, \"max_depth\": 25, \"min_samples_leaf\": 1}@0"
    }, 
    {
        "parameters": {
            "max_features": "auto", 
            "min_samples_split": 3, 
            "n_estimators": 100, 
            "max_depth": 25, 
            "min_samples_leaf": 1
        }, 
        "score_time": 170, 
        "test_score": 0.8720953795677945, 
        "fit_time": 1342, 
        "num_samples": 1973, 
        "best_iteration": null, 
        "train_score": 0.9787454476835629, 
        "parameter_id": 1, 
        "time": 1512, 
        "done_at": 1525436308352, 
        "grid_point_id": "{\"max_features\": \"auto\", \"min_samples_split\": 3, \"n_estimators\": 100, \"max_depth\": 25, \"min_samples_leaf\": 1}@1"
    }, 
    {
        "parameters": {
            "max_features": "auto", 
            "min_samples_split": 3, 
            "n_estimators": 100, 
            "max_depth": 25, 
            "min_samples_leaf": 1
        }, 
        "score_time": 166, 
        "test_score": 0.868420352644077, 
        "fit_time": 1350, 
        "num_samples": 1972, 
        "best_iteration": null, 
        "train_score": 0.9772001689190926, 
        "parameter_id": 1, 
        "time": 1516, 
        "done_at": 1525436310185, 
        "grid_point_id": "{\"max_features\": \"auto\", \"min_samples_split\": 3, \"n_estimators\": 100, \"max_depth\": 25, \"min_samples_leaf\": 1}@2"
    }
]