{
  "state": "DONE",
  "preSearchDescription": {
    "gridLength": 2,
    "importantParams": [
      {
        "name": "trees",
        "vals": [
          "100"
        ]
      },
      {
        "name": "depth",
        "vals": [
          "6",
          "25"
        ]
      },
      {
        "name": "min_samples",
        "vals": [
          "1"
        ]
      }
    ]
  },
  "postSearchDescription": {
    "importantParams": [
      {
        "name": "trees",
        "val": "100"
      },
      {
        "name": "depth",
        "val": "25"
      },
      {
        "name": "min_samples",
        "val": "1"
      }
    ]
  },
  "modelId": "m1",
  "progress": {
    "top_level_todo": [],
    "stack": [],
    "top_level_done": [
      {
        "name": "Loading train set",
        "time": 434
      },
      {
        "name": "Loading test set",
        "time": 147
      },
      {
        "name": "Collecting statistics",
        "time": 425
      },
      {
        "name": "Preprocessing train set",
        "time": 1063
      },
      {
        "name": "Preprocessing test set",
        "time": 653
      },
      {
        "name": "Grid searching",
        "time": 10410
      },
      {
        "name": "Fitting model",
        "time": 1903
      },
      {
        "name": "Saving model",
        "time": 112
      },
      {
        "name": "Scoring model",
        "time": 4354
      }
    ]
  },
  "startTime": 1525436297756,
  "endTime": 1525436317274,
  "preprocessingTime": 2739,
  "trainingTime": 16779
}