{
  "state": "DONE",
  "preSearchDescription": {
    "gridLength": 1,
    "importantParams": []
  },
  "postSearchDescription": {
    "importantParams": [
      {
        "name": "layer_sizes",
        "val": "[10]"
      },
      {
        "name": "activation",
        "val": "relu"
      },
      {
        "name": "alpha",
        "val": "0.001"
      },
      {
        "name": "solver",
        "val": "adam"
      }
    ]
  },
  "modelId": "m1",
  "progress": {
    "top_level_todo": [],
    "stack": [],
    "top_level_done": [
      {
        "name": "Loading train set",
        "time": 113
      },
      {
        "name": "Loading test set",
        "time": 52
      },
      {
        "name": "Collecting statistics",
        "time": 335
      },
      {
        "name": "Preprocessing train set",
        "time": 550
      },
      {
        "name": "Preprocessing test set",
        "time": 476
      },
      {
        "name": "Fitting model",
        "time": 2221
      },
      {
        "name": "Saving model",
        "time": 9
      },
      {
        "name": "Scoring model",
        "time": 164
      }
    ]
  },
  "startTime": 1525435576217,
  "endTime": 1525435580152,
  "preprocessingTime": 1541,
  "trainingTime": 2394
}