{
  "state": "DONE",
  "preSearchDescription": {
    "gridLength": 1,
    "importantParams": [
      {
        "name": "trees",
        "val": "300"
      },
      {
        "name": "max_depth",
        "vals": [
          "3"
        ]
      }
    ]
  },
  "postSearchDescription": {
    "importantParams": [
      {
        "name": "trees",
        "val": "300"
      },
      {
        "name": "max_depth",
        "val": "3"
      }
    ]
  },
  "modelId": "m1",
  "progress": {
    "top_level_todo": [],
    "stack": [],
    "top_level_done": [
      {
        "name": "Loading train set",
        "time": 268
      },
      {
        "name": "Loading test set",
        "time": 76
      },
      {
        "name": "Collecting statistics",
        "time": 367
      },
      {
        "name": "Preprocessing train set",
        "time": 538
      },
      {
        "name": "Preprocessing test set",
        "time": 453
      },
      {
        "name": "Fitting model",
        "time": 31121
      },
      {
        "name": "Saving model",
        "time": 10
      },
      {
        "name": "Scoring model",
        "time": 348
      }
    ]
  },
  "startTime": 1525434687929,
  "endTime": 1525434721124,
  "preprocessingTime": 1714,
  "trainingTime": 31481
}