{
  "inputDatasetSmartName": "event_type",
  "script": {
    "steps": [
      {
        "type": "ColumnSplitter",
        "params": {
          "inCol": "event_type",
          "separator": "e ",
          "outColPrefix": "event_type_",
          "keepEmptyChunks": false,
          "target": "COLUMNS",
          "limitOutput": true,
          "limit": 1,
          "startFrom": "end"
        },
        "metaType": "PROCESSOR",
        "preview": false,
        "disabled": false,
        "alwaysShowComment": false
      },
      {
        "type": "ColumnsSelector",
        "params": {
          "keep": false,
          "appliesTo": "SINGLE_COLUMN",
          "columns": [
            "event_type"
          ]
        },
        "metaType": "PROCESSOR",
        "preview": false,
        "disabled": false,
        "alwaysShowComment": false
      }
    ],
    "tags": [],
    "columnsSelection": {
      "mode": "ALL"
    },
    "coloring": {
      "scheme": "MEANING_AND_STATUS",
      "individualColumns": [],
      "valueColoringMode": "HASH"
    },
    "analysisColumnData": {},
    "explorationSampling": {
      "selection": {
        "samplingMethod": "HEAD_SEQUENTIAL",
        "partitionSelectionMethod": "ALL",
        "maxRecords": 10000,
        "targetRatio": 0.02
      },
      "autoRefreshSample": false,
      "_refreshTrigger": 0
    },
    "vizSampling": {
      "autoRefreshSample": false,
      "_refreshTrigger": 0
    },
    "exploreUIParams": {
      "autoRefresh": true
    },
    "globalSearchQuery": "",
    "explorationFilters": [],
    "previewMode": "ALL_ROWS",
    "charts": [],
    "chartsEngine": "LINO"
  },
  "versionTag": {
    "versionNumber": 1,
    "lastModifiedBy": {
      "login": "admin",
      "displayName": "Lamia Khan"
    },
    "lastModifiedOn": 1493388054373
  },
  "creationTag": {
    "versionNumber": 0,
    "lastModifiedBy": {
      "login": "admin",
      "displayName": "Lamia Khan"
    },
    "lastModifiedOn": 1493388008441
  },
  "name": "Analyze event_type",
  "tags": [],
  "checklists": {
    "checklists": []
  }
}