[
    {
        "parameters": {
            "penalty": "l2", 
            "C": 0.01
        }, 
        "score_time": 53, 
        "test_score": 0.8060725796455968, 
        "fit_time": 1922, 
        "num_samples": 1974, 
        "best_iteration": null, 
        "train_score": 0.8643781640475992, 
        "parameter_id": 0, 
        "time": 1975, 
        "done_at": 1525434612459, 
        "grid_point_id": "{\"penalty\": \"l2\", \"C\": 0.01}@0"
    }, 
    {
        "parameters": {
            "penalty": "l2", 
            "C": 0.01
        }, 
        "score_time": 228, 
        "test_score": 0.8241154083284266, 
        "fit_time": 2061, 
        "num_samples": 1972, 
        "best_iteration": null, 
        "train_score": 0.8534125268997612, 
        "parameter_id": 0, 
        "time": 2289, 
        "done_at": 1525434612887, 
        "grid_point_id": "{\"penalty\": \"l2\", \"C\": 0.01}@2"
    }, 
    {
        "parameters": {
            "penalty": "l2", 
            "C": 0.01
        }, 
        "score_time": 63, 
        "test_score": 0.8260965138735608, 
        "fit_time": 1977, 
        "num_samples": 1973, 
        "best_iteration": null, 
        "train_score": 0.8501842183575714, 
        "parameter_id": 0, 
        "time": 2040, 
        "done_at": 1525434612639, 
        "grid_point_id": "{\"penalty\": \"l2\", \"C\": 0.01}@1"
    }, 
    {
        "parameters": {
            "penalty": "l2", 
            "C": 0.1
        }, 
        "score_time": 67, 
        "test_score": 0.8094532626037445, 
        "fit_time": 3888, 
        "num_samples": 1974, 
        "best_iteration": null, 
        "train_score": 0.8830281941153764, 
        "parameter_id": 1, 
        "time": 3955, 
        "done_at": 1525434614491, 
        "grid_point_id": "{\"penalty\": \"l2\", \"C\": 0.1}@0"
    }, 
    {
        "parameters": {
            "penalty": "l2", 
            "C": 0.1
        }, 
        "score_time": 43, 
        "test_score": 0.8317424285968464, 
        "fit_time": 4377, 
        "num_samples": 1973, 
        "best_iteration": null, 
        "train_score": 0.8689939639112532, 
        "parameter_id": 1, 
        "time": 4420, 
        "done_at": 1525434616942, 
        "grid_point_id": "{\"penalty\": \"l2\", \"C\": 0.1}@1"
    }, 
    {
        "parameters": {
            "penalty": "l2", 
            "C": 1.0
        }, 
        "score_time": 80, 
        "test_score": 0.8091318258108473, 
        "fit_time": 4531, 
        "num_samples": 1974, 
        "best_iteration": null, 
        "train_score": 0.8944288687492757, 
        "parameter_id": 2, 
        "time": 4611, 
        "done_at": 1525434617669, 
        "grid_point_id": "{\"penalty\": \"l2\", \"C\": 1.0}@0"
    }, 
    {
        "parameters": {
            "penalty": "l2", 
            "C": 0.1
        }, 
        "score_time": 67, 
        "test_score": 0.8293641002731957, 
        "fit_time": 4700, 
        "num_samples": 1972, 
        "best_iteration": null, 
        "train_score": 0.8727233946975571, 
        "parameter_id": 1, 
        "time": 4767, 
        "done_at": 1525434617619, 
        "grid_point_id": "{\"penalty\": \"l2\", \"C\": 0.1}@2"
    }, 
    {
        "parameters": {
            "penalty": "l2", 
            "C": 1.0
        }, 
        "score_time": 23, 
        "test_score": 0.8340689274936405, 
        "fit_time": 4706, 
        "num_samples": 1973, 
        "best_iteration": null, 
        "train_score": 0.88079602445571, 
        "parameter_id": 2, 
        "time": 4729, 
        "done_at": 1525434619343, 
        "grid_point_id": "{\"penalty\": \"l2\", \"C\": 1.0}@1"
    }, 
    {
        "parameters": {
            "penalty": "l2", 
            "C": 1.0
        }, 
        "score_time": 100, 
        "test_score": 0.831586218161983, 
        "fit_time": 4352, 
        "num_samples": 1972, 
        "best_iteration": null, 
        "train_score": 0.884587362029549, 
        "parameter_id": 2, 
        "time": 4452, 
        "done_at": 1525434621497, 
        "grid_point_id": "{\"penalty\": \"l2\", \"C\": 1.0}@2"
    }, 
    {
        "parameters": {
            "penalty": "l2", 
            "C": 10.0
        }, 
        "score_time": 55, 
        "test_score": 0.8287798590401924, 
        "fit_time": 4405, 
        "num_samples": 1973, 
        "best_iteration": null, 
        "train_score": 0.8816261580636598, 
        "parameter_id": 3, 
        "time": 4460, 
        "done_at": 1525434622266, 
        "grid_point_id": "{\"penalty\": \"l2\", \"C\": 10.0}@1"
    }, 
    {
        "parameters": {
            "penalty": "l2", 
            "C": 10.0
        }, 
        "score_time": 43, 
        "test_score": 0.8044481724244511, 
        "fit_time": 4240, 
        "num_samples": 1974, 
        "best_iteration": null, 
        "train_score": 0.8966906132482918, 
        "parameter_id": 3, 
        "time": 4283, 
        "done_at": 1525434621979, 
        "grid_point_id": "{\"penalty\": \"l2\", \"C\": 10.0}@0"
    }, 
    {
        "parameters": {
            "penalty": "l2", 
            "C": 10.0
        }, 
        "score_time": 66, 
        "test_score": 0.8289059330115537, 
        "fit_time": 3986, 
        "num_samples": 1972, 
        "best_iteration": null, 
        "train_score": 0.8865622356952139, 
        "parameter_id": 3, 
        "time": 4052, 
        "done_at": 1525434623461, 
        "grid_point_id": "{\"penalty\": \"l2\", \"C\": 10.0}@2"
    }, 
    {
        "parameters": {
            "penalty": "l2", 
            "C": 100.0
        }, 
        "score_time": 30, 
        "test_score": 0.8037837227978073, 
        "fit_time": 3399, 
        "num_samples": 1974, 
        "best_iteration": null, 
        "train_score": 0.8965539452341666, 
        "parameter_id": 4, 
        "time": 3429, 
        "done_at": 1525434624974, 
        "grid_point_id": "{\"penalty\": \"l2\", \"C\": 100.0}@0"
    }, 
    {
        "parameters": {
            "penalty": "l2", 
            "C": 100.0
        }, 
        "score_time": 26, 
        "test_score": 0.8280100221530542, 
        "fit_time": 2941, 
        "num_samples": 1973, 
        "best_iteration": null, 
        "train_score": 0.8813533035226513, 
        "parameter_id": 4, 
        "time": 2967, 
        "done_at": 1525434624985, 
        "grid_point_id": "{\"penalty\": \"l2\", \"C\": 100.0}@1"
    }, 
    {
        "parameters": {
            "penalty": "l2", 
            "C": 100.0
        }, 
        "score_time": 21, 
        "test_score": 0.8299505564034251, 
        "fit_time": 2621, 
        "num_samples": 1972, 
        "best_iteration": null, 
        "train_score": 0.8874655949758182, 
        "parameter_id": 4, 
        "time": 2642, 
        "done_at": 1525434624946, 
        "grid_point_id": "{\"penalty\": \"l2\", \"C\": 100.0}@2"
    }
]