{
    "gridSize": 5, 
    "nThreads": 4, 
    "metric": "ROC_AUC", 
    "gridPoints": [
        {
            "index": 0, 
            "finishedAt": 1525434612887.0, 
            "score": 0.81875845232583211, 
            "parameters": {
                "penalty": "l2", 
                "C": 0.01
            }, 
            "time": 6304.0
        }, 
        {
            "index": 1, 
            "finishedAt": 1525434617619.0, 
            "score": 0.82351616479334155, 
            "parameters": {
                "penalty": "l2", 
                "C": 0.1
            }, 
            "time": 13142.0
        }, 
        {
            "index": 2, 
            "finishedAt": 1525434621497.0, 
            "score": 0.82492477742890091, 
            "parameters": {
                "penalty": "l2", 
                "C": 1.0
            }, 
            "time": 13792.0
        }, 
        {
            "index": 3, 
            "finishedAt": 1525434623461.0, 
            "score": 0.82071543226865218, 
            "parameters": {
                "penalty": "l2", 
                "C": 10.0
            }, 
            "time": 12795.0
        }, 
        {
            "index": 4, 
            "finishedAt": 1525434624985.0, 
            "score": 0.82057734081308542, 
            "parameters": {
                "penalty": "l2", 
                "C": 100.0
            }, 
            "time": 9038.0
        }
    ], 
    "startedAt": 1525434610406, 
    "nSplits": 3
}