{
    "usedGridSearch": true, 
    "probaAware": true, 
    "gridSize": 5, 
    "modelInputNRows": 5919, 
    "modelInputNCols": 336, 
    "modelInputMemory": 15910272, 
    "gridCells": [
        {
            "scoreTimeStd": 0.08024268744807149, 
            "scoreTime": 0.11466666666666665, 
            "fitTime": 1.9866666666666666, 
            "score": 0.81875845232583211, 
            "params": {
                "penalty": "l2", 
                "C": 0.01
            }, 
            "fitTimeStd": 0.057156704671358451, 
            "scoreStd": 0.0090100409274325357
        }, 
        {
            "scoreTimeStd": 0.011313708498984764, 
            "scoreTime": 0.058999999999999997, 
            "fitTime": 4.3216666666666663, 
            "score": 0.82351656660586448, 
            "params": {
                "penalty": "l2", 
                "C": 0.1
            }, 
            "fitTimeStd": 0.3337986751854411, 
            "scoreStd": 0.0099952969885988546
        }, 
        {
            "scoreTimeStd": 0.032622419012424908, 
            "scoreTime": 0.067666666666666667, 
            "fitTime": 4.5296666666666665, 
            "score": 0.8249251968763297, 
            "params": {
                "penalty": "l2", 
                "C": 1.0
            }, 
            "fitTimeStd": 0.14452297010817658, 
            "scoreStd": 0.011217716903341756
        }, 
        {
            "scoreTimeStd": 0.0093926685357369165, 
            "scoreTime": 0.054666666666666669, 
            "fitTime": 4.2103333333333337, 
            "score": 0.82070718941560228, 
            "params": {
                "penalty": "l2", 
                "C": 10.0
            }, 
            "fitTimeStd": 0.17233752412699396, 
            "scoreStd": 0.011501346905709664
        }, 
        {
            "scoreTimeStd": 0.0036817870057290858, 
            "scoreTime": 0.025666666666666667, 
            "fitTime": 2.9870000000000001, 
            "score": 0.82057701296475782, 
            "params": {
                "penalty": "l2", 
                "C": 100.0
            }, 
            "fitTimeStd": 0.3192783529565803, 
            "scoreStd": 0.011905544099502098
        }
    ], 
    "gridBestScore": 0.8249251968763297, 
    "modelInputIsSparse": false
}