{
    "trainingTime": 2873, 
    "state": "DONE", 
    "startTime": 1493415005853, 
    "preprocessingTime": 53, 
    "progress": {
        "top_level_todo": [], 
        "stack": [], 
        "top_level_done": [
            {
                "name": "Loading train set", 
                "time": 25
            }, 
            {
                "name": "Loading test set", 
                "time": 2
            }, 
            {
                "name": "Collecting statistics", 
                "time": 3
            }, 
            {
                "name": "Preprocessing train set", 
                "time": 13
            }, 
            {
                "name": "Preprocessing test set", 
                "time": 8
            }, 
            {
                "name": "Fitting model", 
                "time": 2129
            }, 
            {
                "name": "Saving model", 
                "time": 34
            }, 
            {
                "name": "Scoring model", 
                "time": 710
            }
        ]
    }, 
    "endTime": 1493415008779, 
    "modelId": "NA"
}