{
    "per_feature": {
        "feature 302_sum": {
            "stats": {
                "std": 0.0, 
                "p99": 0.0, 
                "min": 0.0, 
                "max": 0.0, 
                "average": 0.0, 
                "median": 0.0
            }, 
            "missing_impute_with_value": 0.0
        }, 
        "feature 269_sum": {
            "stats": {}
        }, 
        "event_type 8_sum": {
            "stats": {
                "std": 0.05778295667954993, 
                "p99": 0.0, 
                "min": 0.0, 
                "max": 1.0, 
                "average": 0.0033472803347280333, 
                "median": 0.0
            }, 
            "missing_impute_with_value": 0.0033472803347280333
        }, 
        "feature 55_sum": {
            "stats": {
                "std": 0.17100422960364225, 
                "p99": 1.0, 
                "min": 0.0, 
                "max": 1.0, 
                "average": 0.0301255230125523, 
                "median": 0.0
            }, 
            "missing_impute_with_value": 0.0301255230125523
        }, 
        "feature 83_sum": {
            "stats": {
                "std": 0.07070993474646009, 
                "p99": 0.0, 
                "min": 0.0, 
                "max": 1.0, 
                "average": 0.00502092050209205, 
                "median": 0.0
            }, 
            "missing_impute_with_value": 0.00502092050209205
        }, 
        "feature 108_sum": {
            "stats": {
                "std": 0.02892784270701906, 
                "p99": 0.0, 
                "min": 0.0, 
                "max": 1.0, 
                "average": 0.0008368200836820083, 
                "median": 0.0
            }, 
            "missing_impute_with_value": 0.0008368200836820083
        }, 
        "feature 51_sum": {
            "stats": {
                "std": 0.0911324527602002, 
                "p99": 0.0, 
                "min": 0.0, 
                "max": 1.0, 
                "average": 0.008368200836820083, 
                "median": 0.0
            }, 
            "missing_impute_with_value": 0.008368200836820083
        }, 
        "event_type 7_sum": {
            "stats": {
                "std": 0.04089301234540119, 
                "p99": 0.0, 
                "min": 0.0, 
                "max": 1.0, 
                "average": 0.0016736401673640166, 
                "median": 0.0
            }, 
            "missing_impute_with_value": 0.0016736401673640166
        }, 
        "feature 310_sum": {
            "stats": {
                "std": 0.1403453255790585, 
                "p99": 1.0, 
                "min": 0.0, 
                "max": 1.0, 
                "average": 0.0200836820083682, 
                "median": 0.0
            }, 
            "missing_impute_with_value": 0.0200836820083682
        }, 
        "feature 230_sum": {
            "stats": {
                "std": 0.14595124820910071, 
                "p99": 1.0, 
                "min": 0.0, 
                "max": 1.0, 
                "average": 0.021757322175732216, 
                "median": 0.0
            }, 
            "missing_impute_with_value": 0.021757322175732216
        }, 
        "feature 235_sum": {
            "stats": {
                "std": 0.2680070111714361, 
                "p99": 1.0, 
                "min": 0.0, 
                "max": 1.0, 
                "average": 0.07782426778242678, 
                "median": 0.0
            }, 
            "missing_impute_with_value": 0.07782426778242678
        }, 
        "feature 319_sum": {
            "stats": {
                "std": 0.028927842707018654, 
                "p99": 0.0, 
                "min": 0.0, 
                "max": 1.0, 
                "average": 0.0008368200836820083, 
                "median": 0.0
            }, 
            "missing_impute_with_value": 0.0008368200836820083
        }, 
        "feature 219_sum": {
            "stats": {
                "std": 0.2333499029440806, 
                "p99": 1.0, 
                "min": 0.0, 
                "max": 1.0, 
                "average": 0.05774058577405858, 
                "median": 0.0
            }, 
            "missing_impute_with_value": 0.05774058577405858
        }, 
        "feature 118_sum": {
            "stats": {
                "std": 0.0, 
                "p99": 0.0, 
                "min": 0.0, 
                "max": 0.0, 
                "average": 0.0, 
                "median": 0.0
            }, 
            "missing_impute_with_value": 0.0
        }, 
        "feature 170_sum": {
            "stats": {
                "std": 0.28803286585714566, 
                "p99": 1.0, 
                "min": 0.0, 
                "max": 1.0, 
                "average": 0.09121338912133892, 
                "median": 0.0
            }, 
            "missing_impute_with_value": 0.09121338912133892
        }, 
        "feature 331_sum": {
            "stats": {
                "std": 0.028927842707018862, 
                "p99": 0.0, 
                "min": 0.0, 
                "max": 1.0, 
                "average": 0.0008368200836820083, 
                "median": 0.0
            }, 
            "missing_impute_with_value": 0.0008368200836820083
        }, 
        "resource_type 10_sum": {
            "stats": {
                "std": 0.06457618238624181, 
                "p99": 0.0, 
                "min": 0.0, 
                "max": 1.0, 
                "average": 0.0041841004184100415, 
                "median": 0.0
            }, 
            "missing_impute_with_value": 0.0041841004184100415
        }, 
        "feature 384_sum": {
            "stats": {
                "std": 0.0, 
                "p99": 0.0, 
                "min": 0.0, 
                "max": 0.0, 
                "average": 0.0, 
                "median": 0.0
            }, 
            "missing_impute_with_value": 0.0
        }, 
        "feature 268_sum": {
            "stats": {
                "std": 0.028927842707018765, 
                "p99": 0.0, 
                "min": 0.0, 
                "max": 1.0, 
                "average": 0.0008368200836820083, 
                "median": 0.0
            }, 
            "missing_impute_with_value": 0.0008368200836820083
        }, 
        "feature 237_sum": {
            "stats": {
                "std": 0.028927842707019088, 
                "p99": 0.0, 
                "min": 0.0, 
                "max": 1.0, 
                "average": 0.0008368200836820083, 
                "median": 0.0
            }, 
            "missing_impute_with_value": 0.0008368200836820083
        }, 
        "feature 314_sum": {
            "stats": {
                "std": 0.22852452909529167, 
                "p99": 1.0, 
                "min": 0.0, 
                "max": 1.0, 
                "average": 0.055230125523012555, 
                "median": 0.0
            }, 
            "missing_impute_with_value": 0.055230125523012555
        }, 
        "feature 205_sum": {
            "stats": {
                "std": 0.05006251217225671, 
                "p99": 0.0, 
                "min": 0.0, 
                "max": 1.0, 
                "average": 0.002510460251046025, 
                "median": 0.0
            }, 
            "missing_impute_with_value": 0.002510460251046025
        }, 
        "location": {
            "stats": {
                "mostFrequentValue": "location 834", 
                "leastFrequentValue": "location 441"
            }, 
            "category_possible_counts": [
                17, 
                15, 
                13, 
                12, 
                12, 
                11, 
                11, 
                11, 
                10, 
                10, 
                10, 
                10, 
                10, 
                9, 
                9, 
                9, 
                9, 
                8, 
                8, 
                7, 
                7, 
                7, 
                7, 
                7, 
                7, 
                7, 
                7, 
                7, 
                7, 
                6, 
                6, 
                6, 
                6, 
                6, 
                6, 
                6, 
                6, 
                6, 
                6, 
                6, 
                6, 
                6, 
                6, 
                5, 
                5, 
                5, 
                5, 
                5, 
                5, 
                5, 
                5, 
                5, 
                5, 
                5, 
                5, 
                5, 
                5, 
                5, 
                5, 
                5, 
                5, 
                5, 
                5, 
                5, 
                5, 
                4, 
                4, 
                4, 
                4, 
                4, 
                4, 
                4, 
                4, 
                4, 
                4, 
                4, 
                4, 
                4, 
                4, 
                4, 
                4, 
                4, 
                4, 
                4, 
                4, 
                4, 
                4, 
                4, 
                4, 
                4, 
                4, 
                4, 
                4, 
                4, 
                4, 
                4, 
                4, 
                4, 
                4, 
                4, 
                4
            ], 
            "category_possible_values": [
                "location 834", 
                "location 1107", 
                "location 124", 
                "location 1019", 
                "location 798", 
                "location 1008", 
                "location 1052", 
                "location 242", 
                "location 810", 
                "location 496", 
                "location 821", 
                "location 126", 
                "location 793", 
                "location 734", 
                "location 763", 
                "location 704", 
                "location 653", 
                "location 505", 
                "location 600", 
                "location 91", 
                "location 921", 
                "location 846", 
                "location 684", 
                "location 962", 
                "location 471", 
                "location 494", 
                "location 891", 
                "location 899", 
                "location 479", 
                "location 122", 
                "location 696", 
                "location 1100", 
                "location 584", 
                "location 957", 
                "location 155", 
                "location 976", 
                "location 878", 
                "location 707", 
                "location 995", 
                "location 465", 
                "location 102", 
                "location 480", 
                "location 149", 
                "location 794", 
                "location 1024", 
                "location 744", 
                "location 1026", 
                "location 638", 
                "location 1086", 
                "location 893", 
                "location 445", 
                "location 380", 
                "location 760", 
                "location 157", 
                "location 244", 
                "location 845", 
                "location 814", 
                "location 314", 
                "location 468", 
                "location 963", 
                "location 147", 
                "location 477", 
                "location 1066", 
                "location 181", 
                "location 466", 
                "location 1075", 
                "location 300", 
                "location 369", 
                "location 984", 
                "location 255", 
                "location 903", 
                "location 944", 
                "location 497", 
                "location 812", 
                "location 326", 
                "location 491", 
                "location 228", 
                "location 504", 
                "location 699", 
                "location 805", 
                "location 272", 
                "location 738", 
                "location 135", 
                "location 378", 
                "location 902", 
                "location 100", 
                "location 1018", 
                "location 613", 
                "location 344", 
                "location 603", 
                "location 1115", 
                "location 1111", 
                "location 9", 
                "location 288", 
                "location 1061", 
                "location 467", 
                "location 460", 
                "location 644", 
                "location 645", 
                "location 618", 
                "location 1042"
            ]
        }, 
        "feature 133_sum": {
            "stats": {
                "std": 0.06457618238624173, 
                "p99": 0.0, 
                "min": 0.0, 
                "max": 1.0, 
                "average": 0.0041841004184100415, 
                "median": 0.0
            }, 
            "missing_impute_with_value": 0.0041841004184100415
        }, 
        "resource_type 7_sum": {
            "stats": {
                "std": 0.15394378422504323, 
                "p99": 1.0, 
                "min": 0.0, 
                "max": 1.0, 
                "average": 0.024267782426778243, 
                "median": 0.0
            }, 
            "missing_impute_with_value": 0.024267782426778243
        }, 
        "feature 56_sum": {
            "stats": {
                "std": 0.09113245276020017, 
                "p99": 0.0, 
                "min": 0.0, 
                "max": 1.0, 
                "average": 0.008368200836820083, 
                "median": 0.0
            }, 
            "missing_impute_with_value": 0.008368200836820083
        }, 
        "feature 260_sum": {
            "stats": {
                "std": 0.0, 
                "p99": 0.0, 
                "min": 0.0, 
                "max": 0.0, 
                "average": 0.0, 
                "median": 0.0
            }, 
            "missing_impute_with_value": 0.0
        }, 
        "resource_type 4_sum": {
            "stats": {
                "std": 0.1251394798022792, 
                "p99": 1.0, 
                "min": 0.0, 
                "max": 1.0, 
                "average": 0.015899581589958158, 
                "median": 0.0
            }, 
            "missing_impute_with_value": 0.015899581589958158
        }, 
        "feature 132_sum": {
            "stats": {
                "std": 0.07070993474646091, 
                "p99": 0.0, 
                "min": 0.0, 
                "max": 1.0, 
                "average": 0.00502092050209205, 
                "median": 0.0
            }, 
            "missing_impute_with_value": 0.00502092050209205
        }, 
        "feature 30_sum": {
            "stats": {
                "std": 0.0, 
                "p99": 0.0, 
                "min": 0.0, 
                "max": 0.0, 
                "average": 0.0, 
                "median": 0.0
            }, 
            "missing_impute_with_value": 0.0
        }, 
        "feature 74_sum": {
            "stats": {
                "std": 0.09554018496393694, 
                "p99": 0.0, 
                "min": 0.0, 
                "max": 1.0, 
                "average": 0.009205020920502092, 
                "median": 0.0
            }, 
            "missing_impute_with_value": 0.009205020920502092
        }, 
        "feature 44_sum": {
            "stats": {
                "std": 0.09974631938630057, 
                "p99": 0.05999999999994543, 
                "min": 0.0, 
                "max": 1.0, 
                "average": 0.0100418410041841, 
                "median": 0.0
            }, 
            "missing_impute_with_value": 0.0100418410041841
        }, 
        "event_type 3_sum": {
            "stats": {
                "std": 0.0, 
                "p99": 0.0, 
                "min": 0.0, 
                "max": 0.0, 
                "average": 0.0, 
                "median": 0.0
            }, 
            "missing_impute_with_value": 0.0
        }, 
        "feature 68_sum": {
            "stats": {
                "std": 0.23493037136260853, 
                "p99": 1.0, 
                "min": 0.0, 
                "max": 1.0, 
                "average": 0.058577405857740586, 
                "median": 0.0
            }, 
            "missing_impute_with_value": 0.058577405857740586
        }, 
        "feature 207_sum": {
            "stats": {
                "std": 0.09554018496393624, 
                "p99": 0.0, 
                "min": 0.0, 
                "max": 1.0, 
                "average": 0.009205020920502092, 
                "median": 0.0
            }, 
            "missing_impute_with_value": 0.009205020920502092
        }, 
        "feature 173_sum": {
            "stats": {
                "std": 0.0, 
                "p99": 0.0, 
                "min": 0.0, 
                "max": 0.0, 
                "average": 0.0, 
                "median": 0.0
            }, 
            "missing_impute_with_value": 0.0
        }, 
        "feature 87_sum": {
            "stats": {
                "std": 0.09554018496393685, 
                "p99": 0.0, 
                "min": 0.0, 
                "max": 1.0, 
                "average": 0.009205020920502092, 
                "median": 0.0
            }, 
            "missing_impute_with_value": 0.009205020920502092
        }, 
        "feature 229_sum": {
            "stats": {
                "std": 0.17328821400612943, 
                "p99": 1.0, 
                "min": 0.0, 
                "max": 1.0, 
                "average": 0.03096234309623431, 
                "median": 0.0
            }, 
            "missing_impute_with_value": 0.03096234309623431
        }, 
        "feature 179_sum": {
            "stats": {
                "std": 0.08649230740681015, 
                "p99": 0.0, 
                "min": 0.0, 
                "max": 1.0, 
                "average": 0.007531380753138075, 
                "median": 0.0
            }, 
            "missing_impute_with_value": 0.007531380753138075
        }, 
        "feature 360_sum": {
            "stats": {
                "std": 0.05778295667954985, 
                "p99": 0.0, 
                "min": 0.0, 
                "max": 1.0, 
                "average": 0.0033472803347280333, 
                "median": 0.0
            }, 
            "missing_impute_with_value": 0.0033472803347280333
        }, 
        "event_type 15_sum": {
            "stats": {
                "std": 0.4156026376822417, 
                "p99": 1.0, 
                "min": 0.0, 
                "max": 1.0, 
                "average": 0.2217573221757322, 
                "median": 0.0
            }, 
            "missing_impute_with_value": 0.2217573221757322
        }, 
        "feature 299_sum": {
            "stats": {
                "std": 0.0, 
                "p99": 0.0, 
                "min": 0.0, 
                "max": 0.0, 
                "average": 0.0, 
                "median": 0.0
            }, 
            "missing_impute_with_value": 0.0
        }, 
        "feature 81_sum": {
            "stats": {
                "std": 0.11137828263861485, 
                "p99": 1.0, 
                "min": 0.0, 
                "max": 1.0, 
                "average": 0.012552301255230125, 
                "median": 0.0
            }, 
            "missing_impute_with_value": 0.012552301255230125
        }, 
        "event_type 31_sum": {
            "stats": {
                "std": 0.0, 
                "p99": 0.0, 
                "min": 0.0, 
                "max": 0.0, 
                "average": 0.0, 
                "median": 0.0
            }, 
            "missing_impute_with_value": 0.0
        }, 
        "feature 233_sum": {
            "stats": {
                "std": 0.3237220200395553, 
                "p99": 1.0, 
                "min": 0.0, 
                "max": 1.0, 
                "average": 0.11882845188284519, 
                "median": 0.0
            }, 
            "missing_impute_with_value": 0.11882845188284519
        }, 
        "event_type 29_sum": {
            "stats": {
                "std": 0.07070993474646091, 
                "p99": 0.0, 
                "min": 0.0, 
                "max": 1.0, 
                "average": 0.00502092050209205, 
                "median": 0.0
            }, 
            "missing_impute_with_value": 0.00502092050209205
        }, 
        "feature 80_sum": {
            "stats": {
                "std": 0.2500324124121643, 
                "p99": 1.0, 
                "min": 0.0, 
                "max": 1.0, 
                "average": 0.06694560669456066, 
                "median": 0.0
            }, 
            "missing_impute_with_value": 0.06694560669456066
        }, 
        "feature 174_sum": {
            "stats": {
                "std": 0.0, 
                "p99": 0.0, 
                "min": 0.0, 
                "max": 0.0, 
                "average": 0.0, 
                "median": 0.0
            }, 
            "missing_impute_with_value": 0.0
        }, 
        "feature 191_sum": {
            "stats": {
                "std": 0.0955401849639372, 
                "p99": 0.0, 
                "min": 0.0, 
                "max": 1.0, 
                "average": 0.009205020920502092, 
                "median": 0.0
            }, 
            "missing_impute_with_value": 0.009205020920502092
        }, 
        "feature 169_sum": {
            "stats": {
                "std": 0.028927842707018987, 
                "p99": 0.0, 
                "min": 0.0, 
                "max": 1.0, 
                "average": 0.0008368200836820083, 
                "median": 0.0
            }, 
            "missing_impute_with_value": 0.0008368200836820083
        }, 
        "feature 313_sum": {
            "stats": {
                "std": 0.33144972170914466, 
                "p99": 1.0, 
                "min": 0.0, 
                "max": 1.0, 
                "average": 0.12552301255230125, 
                "median": 0.0
            }, 
            "missing_impute_with_value": 0.12552301255230125
        }, 
        "feature 178_sum": {
            "stats": {
                "std": 0.0, 
                "p99": 0.0, 
                "min": 0.0, 
                "max": 0.0, 
                "average": 0.0, 
                "median": 0.0
            }, 
            "missing_impute_with_value": 0.0
        }, 
        "feature 26_sum": {
            "stats": {
                "std": 0.0, 
                "p99": 0.0, 
                "min": 0.0, 
                "max": 0.0, 
                "average": 0.0, 
                "median": 0.0
            }, 
            "missing_impute_with_value": 0.0
        }, 
        "event_type 20_sum": {
            "stats": {
                "std": 0.2612937552371569, 
                "p99": 1.0, 
                "min": 0.0, 
                "max": 1.0, 
                "average": 0.07364016736401674, 
                "median": 0.0
            }, 
            "missing_impute_with_value": 0.07364016736401674
        }, 
        "feature 157_sum": {
            "stats": {
                "std": 0.0, 
                "p99": 0.0, 
                "min": 0.0, 
                "max": 0.0, 
                "average": 0.0, 
                "median": 0.0
            }, 
            "missing_impute_with_value": 0.0
        }, 
        "feature 267_sum": {
            "stats": {
                "std": 0.0, 
                "p99": 0.0, 
                "min": 0.0, 
                "max": 0.0, 
                "average": 0.0, 
                "median": 0.0
            }, 
            "missing_impute_with_value": 0.0
        }, 
        "event_type 24_sum": {
            "stats": {
                "std": 0.05778295667954994, 
                "p99": 0.0, 
                "min": 0.0, 
                "max": 1.0, 
                "average": 0.0033472803347280333, 
                "median": 0.0
            }, 
            "missing_impute_with_value": 0.0033472803347280333
        }, 
        "feature 181_sum": {
            "stats": {
                "std": 0.10377537188852295, 
                "p99": 1.0, 
                "min": 0.0, 
                "max": 1.0, 
                "average": 0.010878661087866108, 
                "median": 0.0
            }, 
            "missing_impute_with_value": 0.010878661087866108
        }, 
        "feature 136_sum": {
            "stats": {
                "std": 0.028927842707018724, 
                "p99": 0.0, 
                "min": 0.0, 
                "max": 1.0, 
                "average": 0.0008368200836820083, 
                "median": 0.0
            }, 
            "missing_impute_with_value": 0.0008368200836820083
        }, 
        "feature 53_sum": {
            "stats": {
                "std": 0.04089301234540121, 
                "p99": 0.0, 
                "min": 0.0, 
                "max": 1.0, 
                "average": 0.0016736401673640166, 
                "median": 0.0
            }, 
            "missing_impute_with_value": 0.0016736401673640166
        }, 
        "event_type 2_sum": {
            "stats": {
                "std": 0.05006251217225646, 
                "p99": 0.0, 
                "min": 0.0, 
                "max": 1.0, 
                "average": 0.002510460251046025, 
                "median": 0.0
            }, 
            "missing_impute_with_value": 0.002510460251046025
        }, 
        "feature 304_sum": {
            "stats": {
                "std": 0.04089301234540013, 
                "p99": 0.0, 
                "min": 0.0, 
                "max": 1.0, 
                "average": 0.0016736401673640166, 
                "median": 0.0
            }, 
            "missing_impute_with_value": 0.0016736401673640166
        }, 
        "event_type 39_sum": {
            "stats": {
                "std": 0.0, 
                "p99": 0.0, 
                "min": 0.0, 
                "max": 0.0, 
                "average": 0.0, 
                "median": 0.0
            }, 
            "missing_impute_with_value": 0.0
        }, 
        "feature 8_sum": {
            "stats": {
                "std": 0.040893012345401145, 
                "p99": 0.0, 
                "min": 0.0, 
                "max": 1.0, 
                "average": 0.0016736401673640166, 
                "median": 0.0
            }, 
            "missing_impute_with_value": 0.0016736401673640166
        }, 
        "feature 164_sum": {
            "stats": {
                "std": 0.0, 
                "p99": 0.0, 
                "min": 0.0, 
                "max": 0.0, 
                "average": 0.0, 
                "median": 0.0
            }, 
            "missing_impute_with_value": 0.0
        }, 
        "feature 161_sum": {
            "stats": {
                "std": 0.0, 
                "p99": 0.0, 
                "min": 0.0, 
                "max": 0.0, 
                "average": 0.0, 
                "median": 0.0
            }, 
            "missing_impute_with_value": 0.0
        }, 
        "feature 149_sum": {
            "stats": {
                "std": 0.0, 
                "p99": 0.0, 
                "min": 0.0, 
                "max": 0.0, 
                "average": 0.0, 
                "median": 0.0
            }, 
            "missing_impute_with_value": 0.0
        }, 
        "feature 317_sum": {
            "stats": {
                "std": 0.040893012345401165, 
                "p99": 0.0, 
                "min": 0.0, 
                "max": 1.0, 
                "average": 0.0016736401673640166, 
                "median": 0.0
            }, 
            "missing_impute_with_value": 0.0016736401673640166
        }, 
        "feature 217_sum": {
            "stats": {
                "std": 0.04089301234540101, 
                "p99": 0.0, 
                "min": 0.0, 
                "max": 1.0, 
                "average": 0.0016736401673640166, 
                "median": 0.0
            }, 
            "missing_impute_with_value": 0.0016736401673640166
        }, 
        "feature 57_sum": {
            "stats": {
                "std": 0.0, 
                "p99": 0.0, 
                "min": 0.0, 
                "max": 0.0, 
                "average": 0.0, 
                "median": 0.0
            }, 
            "missing_impute_with_value": 0.0
        }, 
        "event_type 10_sum": {
            "stats": {
                "std": 0.10377537188852234, 
                "p99": 1.0, 
                "min": 0.0, 
                "max": 1.0, 
                "average": 0.010878661087866108, 
                "median": 0.0
            }, 
            "missing_impute_with_value": 0.010878661087866108
        }, 
        "feature 345_sum": {
            "stats": {
                "std": 0.1251394798022795, 
                "p99": 1.0, 
                "min": 0.0, 
                "max": 1.0, 
                "average": 0.015899581589958158, 
                "median": 0.0
            }, 
            "missing_impute_with_value": 0.015899581589958158
        }, 
        "feature 251_sum": {
            "stats": {
                "std": 0.028927842707018862, 
                "p99": 0.0, 
                "min": 0.0, 
                "max": 1.0, 
                "average": 0.0008368200836820083, 
                "median": 0.0
            }, 
            "missing_impute_with_value": 0.0008368200836820083
        }, 
        "feature 238_sum": {
            "stats": {
                "std": 0.0, 
                "p99": 0.0, 
                "min": 0.0, 
                "max": 0.0, 
                "average": 0.0, 
                "median": 0.0
            }, 
            "missing_impute_with_value": 0.0
        }, 
        "feature 266_sum": {
            "stats": {
                "std": 0.0, 
                "p99": 0.0, 
                "min": 0.0, 
                "max": 0.0, 
                "average": 0.0, 
                "median": 0.0
            }, 
            "missing_impute_with_value": 0.0
        }, 
        "event_type 13_sum": {
            "stats": {
                "std": 0.16393584286831214, 
                "p99": 1.0, 
                "min": 0.0, 
                "max": 1.0, 
                "average": 0.027615062761506277, 
                "median": 0.0
            }, 
            "missing_impute_with_value": 0.027615062761506277
        }, 
        "feature 109_sum": {
            "stats": {
                "std": 0.07070993474646126, 
                "p99": 0.0, 
                "min": 0.0, 
                "max": 1.0, 
                "average": 0.00502092050209205, 
                "median": 0.0
            }, 
            "missing_impute_with_value": 0.00502092050209205
        }, 
        "feature 223_sum": {
            "stats": {
                "std": 0.09113245276020027, 
                "p99": 0.0, 
                "min": 0.0, 
                "max": 1.0, 
                "average": 0.008368200836820083, 
                "median": 0.0
            }, 
            "missing_impute_with_value": 0.008368200836820083
        }, 
        "event_type 32_sum": {
            "stats": {
                "std": 0.07070993474646063, 
                "p99": 0.0, 
                "min": 0.0, 
                "max": 1.0, 
                "average": 0.00502092050209205, 
                "median": 0.0
            }, 
            "missing_impute_with_value": 0.00502092050209205
        }, 
        "feature 328_sum": {
            "stats": {
                "std": 0.0, 
                "p99": 0.0, 
                "min": 0.0, 
                "max": 0.0, 
                "average": 0.0, 
                "median": 0.0
            }, 
            "missing_impute_with_value": 0.0
        }, 
        "event_type 12_sum": {
            "stats": {
                "std": 0.0, 
                "p99": 0.0, 
                "min": 0.0, 
                "max": 0.0, 
                "average": 0.0, 
                "median": 0.0
            }, 
            "missing_impute_with_value": 0.0
        }, 
        "feature 15_sum": {
            "stats": {
                "std": 0.0, 
                "p99": 0.0, 
                "min": 0.0, 
                "max": 0.0, 
                "average": 0.0, 
                "median": 0.0
            }, 
            "missing_impute_with_value": 0.0
        }, 
        "feature 10_sum": {
            "stats": {
                "std": 0.028927842707018727, 
                "p99": 0.0, 
                "min": 0.0, 
                "max": 1.0, 
                "average": 0.0008368200836820083, 
                "median": 0.0
            }, 
            "missing_impute_with_value": 0.0008368200836820083
        }, 
        "feature 159_sum": {
            "stats": {
                "std": 0.0, 
                "p99": 0.0, 
                "min": 0.0, 
                "max": 0.0, 
                "average": 0.0, 
                "median": 0.0
            }, 
            "missing_impute_with_value": 0.0
        }, 
        "resource_type 5_sum": {
            "stats": {
                "std": 0.028927842707018835, 
                "p99": 0.0, 
                "min": 0.0, 
                "max": 1.0, 
                "average": 0.0008368200836820083, 
                "median": 0.0
            }, 
            "missing_impute_with_value": 0.0008368200836820083
        }, 
        "feature 340_sum": {
            "stats": {
                "std": 0.0, 
                "p99": 0.0, 
                "min": 0.0, 
                "max": 0.0, 
                "average": 0.0, 
                "median": 0.0
            }, 
            "missing_impute_with_value": 0.0
        }, 
        "feature 111_sum": {
            "stats": {
                "std": 0.02892784270701893, 
                "p99": 0.0, 
                "min": 0.0, 
                "max": 1.0, 
                "average": 0.0008368200836820083, 
                "median": 0.0
            }, 
            "missing_impute_with_value": 0.0008368200836820083
        }, 
        "feature 158_sum": {
            "stats": {
                "std": 0.0, 
                "p99": 0.0, 
                "min": 0.0, 
                "max": 0.0, 
                "average": 0.0, 
                "median": 0.0
            }, 
            "missing_impute_with_value": 0.0
        }, 
        "feature 70_sum": {
            "stats": {
                "std": 0.10764722793182309, 
                "p99": 1.0, 
                "min": 0.0, 
                "max": 1.0, 
                "average": 0.011715481171548118, 
                "median": 0.0
            }, 
            "missing_impute_with_value": 0.011715481171548118
        }, 
        "feature 234_sum": {
            "stats": {
                "std": 0.223566831650615, 
                "p99": 1.0, 
                "min": 0.0, 
                "max": 1.0, 
                "average": 0.052719665271966525, 
                "median": 0.0
            }, 
            "missing_impute_with_value": 0.052719665271966525
        }, 
        "feature 221_sum": {
            "stats": {
                "std": 0.10764722793182237, 
                "p99": 1.0, 
                "min": 0.0, 
                "max": 1.0, 
                "average": 0.011715481171548118, 
                "median": 0.0
            }, 
            "missing_impute_with_value": 0.011715481171548118
        }, 
        "feature 46_sum": {
            "stats": {
                "std": 0.04089301234540111, 
                "p99": 0.0, 
                "min": 0.0, 
                "max": 1.0, 
                "average": 0.0016736401673640166, 
                "median": 0.0
            }, 
            "missing_impute_with_value": 0.0016736401673640166
        }, 
        "feature 153_sum": {
            "stats": {
                "std": 0.05006251217225685, 
                "p99": 0.0, 
                "min": 0.0, 
                "max": 1.0, 
                "average": 0.002510460251046025, 
                "median": 0.0
            }, 
            "missing_impute_with_value": 0.002510460251046025
        }, 
        "feature 206_sum": {
            "stats": {
                "std": 0.07070993474645991, 
                "p99": 0.0, 
                "min": 0.0, 
                "max": 1.0, 
                "average": 0.00502092050209205, 
                "median": 0.0
            }, 
            "missing_impute_with_value": 0.00502092050209205
        }, 
        "feature 300_sum": {
            "stats": {}
        }, 
        "feature 329_sum": {
            "stats": {
                "std": 0.0, 
                "p99": 0.0, 
                "min": 0.0, 
                "max": 0.0, 
                "average": 0.0, 
                "median": 0.0
            }, 
            "missing_impute_with_value": 0.0
        }, 
        "feature 193_sum": {
            "stats": {
                "std": 0.21846780232385438, 
                "p99": 1.0, 
                "min": 0.0, 
                "max": 1.0, 
                "average": 0.0502092050209205, 
                "median": 0.0
            }, 
            "missing_impute_with_value": 0.0502092050209205
        }, 
        "feature 301_sum": {
            "stats": {
                "std": 0.20221435581358702, 
                "p99": 1.0, 
                "min": 0.0, 
                "max": 1.0, 
                "average": 0.042677824267782424, 
                "median": 0.0
            }, 
            "missing_impute_with_value": 0.042677824267782424
        }, 
        "feature 265_sum": {
            "stats": {
                "std": 0.0, 
                "p99": 0.0, 
                "min": 0.0, 
                "max": 0.0, 
                "average": 0.0, 
                "median": 0.0
            }, 
            "missing_impute_with_value": 0.0
        }, 
        "event_type 30_sum": {
            "stats": {
                "std": 0.06457618238624173, 
                "p99": 0.0, 
                "min": 0.0, 
                "max": 1.0, 
                "average": 0.0041841004184100415, 
                "median": 0.0
            }, 
            "missing_impute_with_value": 0.0041841004184100415
        }, 
        "feature 306_sum": {
            "stats": {
                "std": 0.14317817392041668, 
                "p99": 1.0, 
                "min": 0.0, 
                "max": 1.0, 
                "average": 0.02092050209205021, 
                "median": 0.0
            }, 
            "missing_impute_with_value": 0.02092050209205021
        }, 
        "feature 255_sum": {
            "stats": {
                "std": 0.028927842707018744, 
                "p99": 0.0, 
                "min": 0.0, 
                "max": 1.0, 
                "average": 0.0008368200836820083, 
                "median": 0.0
            }, 
            "missing_impute_with_value": 0.0008368200836820083
        }, 
        "feature 239_sum": {
            "stats": {
                "std": 0.05778295667954994, 
                "p99": 0.0, 
                "min": 0.0, 
                "max": 1.0, 
                "average": 0.0033472803347280333, 
                "median": 0.0
            }, 
            "missing_impute_with_value": 0.0033472803347280333
        }, 
        "feature 307_sum": {
            "stats": {
                "std": 0.30179268561013967, 
                "p99": 1.0, 
                "min": 0.0, 
                "max": 1.0, 
                "average": 0.10125523012552301, 
                "median": 0.0
            }, 
            "missing_impute_with_value": 0.10125523012552301
        }, 
        "feature 177_sum": {
            "stats": {
                "std": 0.028927842707019053, 
                "p99": 0.0, 
                "min": 0.0, 
                "max": 1.0, 
                "average": 0.0008368200836820083, 
                "median": 0.0
            }, 
            "missing_impute_with_value": 0.0008368200836820083
        }, 
        "feature 187_sum": {
            "stats": {
                "std": 0.0, 
                "p99": 0.0, 
                "min": 0.0, 
                "max": 0.0, 
                "average": 0.0, 
                "median": 0.0
            }, 
            "missing_impute_with_value": 0.0
        }, 
        "feature 64_sum": {
            "stats": {
                "std": 0.0, 
                "p99": 0.0, 
                "min": 0.0, 
                "max": 0.0, 
                "average": 0.0, 
                "median": 0.0
            }, 
            "missing_impute_with_value": 0.0
        }, 
        "event_type 21_sum": {
            "stats": {
                "std": 0.1251394798022793, 
                "p99": 1.0, 
                "min": 0.0, 
                "max": 1.0, 
                "average": 0.015899581589958158, 
                "median": 0.0
            }, 
            "missing_impute_with_value": 0.015899581589958158
        }, 
        "feature 65_sum": {
            "stats": {
                "std": 0.02892784270701866, 
                "p99": 0.0, 
                "min": 0.0, 
                "max": 1.0, 
                "average": 0.0008368200836820083, 
                "median": 0.0
            }, 
            "missing_impute_with_value": 0.0008368200836820083
        }, 
        "event_type 27_sum": {
            "stats": {
                "std": 0.06457618238624173, 
                "p99": 0.0, 
                "min": 0.0, 
                "max": 1.0, 
                "average": 0.0041841004184100415, 
                "median": 0.0
            }, 
            "missing_impute_with_value": 0.0041841004184100415
        }, 
        "severity_type 5": {
            "stats": {
                "std": 0.06457618238624173, 
                "p99": 0.0, 
                "min": 0.0, 
                "max": 1.0, 
                "average": 0.0041841004184100415, 
                "median": 0.0
            }, 
            "missing_impute_with_value": 0.0041841004184100415
        }, 
        "severity_type 4": {
            "stats": {
                "std": 0.20030953808435334, 
                "p99": 1.0, 
                "min": 0.0, 
                "max": 1.0, 
                "average": 0.04184100418410042, 
                "median": 0.0
            }, 
            "missing_impute_with_value": 0.04184100418410042
        }, 
        "severity_type 3": {
            "stats": {
                "std": 0.028927842707018727, 
                "p99": 0.0, 
                "min": 0.0, 
                "max": 1.0, 
                "average": 0.0008368200836820083, 
                "median": 0.0
            }, 
            "missing_impute_with_value": 0.0008368200836820083
        }, 
        "severity_type 2": {
            "stats": {
                "std": 0.5001797368332529, 
                "p99": 1.0, 
                "min": 0.0, 
                "max": 1.0, 
                "average": 0.49456066945606697, 
                "median": 0.0
            }, 
            "missing_impute_with_value": 0.49456066945606697
        }, 
        "severity_type 1": {
            "stats": {
                "std": 0.49848983127481167, 
                "p99": 1.0, 
                "min": 0.0, 
                "max": 1.0, 
                "average": 0.4585774058577406, 
                "median": 0.0
            }, 
            "missing_impute_with_value": 0.4585774058577406
        }, 
        "feature 134_sum": {
            "stats": {
                "std": 0.2585406775745568, 
                "p99": 1.0, 
                "min": 0.0, 
                "max": 1.0, 
                "average": 0.07196652719665272, 
                "median": 0.0
            }, 
            "missing_impute_with_value": 0.07196652719665272
        }, 
        "feature 362_sum": {
            "stats": {
                "std": 0.05006251217225683, 
                "p99": 0.0, 
                "min": 0.0, 
                "max": 1.0, 
                "average": 0.002510460251046025, 
                "median": 0.0
            }, 
            "missing_impute_with_value": 0.002510460251046025
        }, 
        "feature 308_sum": {
            "stats": {
                "std": 0.15902712993889195, 
                "p99": 1.0, 
                "min": 0.0, 
                "max": 1.0, 
                "average": 0.02594142259414226, 
                "median": 0.0
            }, 
            "missing_impute_with_value": 0.02594142259414226
        }, 
        "feature 333_sum": {
            "stats": {
                "std": 0.0, 
                "p99": 0.0, 
                "min": 0.0, 
                "max": 0.0, 
                "average": 0.0, 
                "median": 0.0
            }, 
            "missing_impute_with_value": 0.0
        }, 
        "feature 385_sum": {
            "stats": {}
        }, 
        "feature 22_sum": {
            "stats": {
                "std": 0.0, 
                "p99": 0.0, 
                "min": 0.0, 
                "max": 0.0, 
                "average": 0.0, 
                "median": 0.0
            }, 
            "missing_impute_with_value": 0.0
        }, 
        "event_type 6_sum": {
            "stats": {
                "std": 0.050062512172256685, 
                "p99": 0.0, 
                "min": 0.0, 
                "max": 1.0, 
                "average": 0.002510460251046025, 
                "median": 0.0
            }, 
            "missing_impute_with_value": 0.002510460251046025
        }, 
        "feature 127_sum": {
            "stats": {
                "std": 0.028927842707018838, 
                "p99": 0.0, 
                "min": 0.0, 
                "max": 1.0, 
                "average": 0.0008368200836820083, 
                "median": 0.0
            }, 
            "missing_impute_with_value": 0.0008368200836820083
        }, 
        "feature 279_sum": {
            "stats": {
                "std": 0.0, 
                "p99": 0.0, 
                "min": 0.0, 
                "max": 0.0, 
                "average": 0.0, 
                "median": 0.0
            }, 
            "missing_impute_with_value": 0.0
        }, 
        "feature 77_sum": {
            "stats": {
                "std": 0.0, 
                "p99": 0.0, 
                "min": 0.0, 
                "max": 0.0, 
                "average": 0.0, 
                "median": 0.0
            }, 
            "missing_impute_with_value": 0.0
        }, 
        "feature 226_sum": {
            "stats": {
                "std": 0.0, 
                "p99": 0.0, 
                "min": 0.0, 
                "max": 0.0, 
                "average": 0.0, 
                "median": 0.0
            }, 
            "missing_impute_with_value": 0.0
        }, 
        "feature 318_sum": {
            "stats": {
                "std": 0.05006251217225684, 
                "p99": 0.0, 
                "min": 0.0, 
                "max": 1.0, 
                "average": 0.002510460251046025, 
                "median": 0.0
            }, 
            "missing_impute_with_value": 0.002510460251046025
        }, 
        "feature 143_sum": {
            "stats": {
                "std": 0.0, 
                "p99": 0.0, 
                "min": 0.0, 
                "max": 0.0, 
                "average": 0.0, 
                "median": 0.0
            }, 
            "missing_impute_with_value": 0.0
        }, 
        "feature 227_sum": {
            "stats": {
                "std": 0.23959168535274156, 
                "p99": 1.0, 
                "min": 0.0, 
                "max": 1.0, 
                "average": 0.06108786610878661, 
                "median": 0.0
            }, 
            "missing_impute_with_value": 0.06108786610878661
        }, 
        "feature 218_sum": {
            "stats": {
                "std": 0.05778295667954992, 
                "p99": 0.0, 
                "min": 0.0, 
                "max": 1.0, 
                "average": 0.0033472803347280333, 
                "median": 0.0
            }, 
            "missing_impute_with_value": 0.0033472803347280333
        }, 
        "feature 196_sum": {
            "stats": {
                "std": 0.09554018496393694, 
                "p99": 0.0, 
                "min": 0.0, 
                "max": 1.0, 
                "average": 0.009205020920502092, 
                "median": 0.0
            }, 
            "missing_impute_with_value": 0.009205020920502092
        }, 
        "resource_type 6_sum": {
            "stats": {
                "std": 0.16393584286831214, 
                "p99": 1.0, 
                "min": 0.0, 
                "max": 1.0, 
                "average": 0.027615062761506277, 
                "median": 0.0
            }, 
            "missing_impute_with_value": 0.027615062761506277
        }, 
        "event_type 19_sum": {
            "stats": {
                "std": 0.028927842707018835, 
                "p99": 0.0, 
                "min": 0.0, 
                "max": 1.0, 
                "average": 0.0008368200836820083, 
                "median": 0.0
            }, 
            "missing_impute_with_value": 0.0008368200836820083
        }, 
        "feature 197_sum": {
            "stats": {
                "std": 0.07634333437460956, 
                "p99": 0.0, 
                "min": 0.0, 
                "max": 1.0, 
                "average": 0.005857740585774059, 
                "median": 0.0
            }, 
            "missing_impute_with_value": 0.005857740585774059
        }, 
        "feature 211_sum": {
            "stats": {
                "std": 0.0864923074068099, 
                "p99": 0.0, 
                "min": 0.0, 
                "max": 1.0, 
                "average": 0.007531380753138075, 
                "median": 0.0
            }, 
            "missing_impute_with_value": 0.007531380753138075
        }, 
        "feature 326_sum": {
            "stats": {}
        }, 
        "feature 280_sum": {
            "stats": {
                "std": 0.07070993474646063, 
                "p99": 0.0, 
                "min": 0.0, 
                "max": 1.0, 
                "average": 0.00502092050209205, 
                "median": 0.0
            }, 
            "missing_impute_with_value": 0.00502092050209205
        }, 
        "feature 113_sum": {
            "stats": {
                "std": 0.0, 
                "p99": 0.0, 
                "min": 0.0, 
                "max": 0.0, 
                "average": 0.0, 
                "median": 0.0
            }, 
            "missing_impute_with_value": 0.0
        }, 
        "feature 315_sum": {
            "stats": {
                "std": 0.278280792731581, 
                "p99": 1.0, 
                "min": 0.0, 
                "max": 1.0, 
                "average": 0.08451882845188284, 
                "median": 0.0
            }, 
            "missing_impute_with_value": 0.08451882845188284
        }, 
        "feature 73_sum": {
            "stats": {
                "std": 0.23014727395482332, 
                "p99": 1.0, 
                "min": 0.0, 
                "max": 1.0, 
                "average": 0.05606694560669456, 
                "median": 0.0
            }, 
            "missing_impute_with_value": 0.05606694560669456
        }, 
        "feature 76_sum": {
            "stats": {
                "std": 0.0645761823862417, 
                "p99": 0.0, 
                "min": 0.0, 
                "max": 1.0, 
                "average": 0.0041841004184100415, 
                "median": 0.0
            }, 
            "missing_impute_with_value": 0.0041841004184100415
        }, 
        "feature 39_sum": {
            "stats": {
                "std": 0.07634333437460944, 
                "p99": 0.0, 
                "min": 0.0, 
                "max": 1.0, 
                "average": 0.005857740585774059, 
                "median": 0.0
            }, 
            "missing_impute_with_value": 0.005857740585774059
        }, 
        "event_type 1_sum": {
            "stats": {
                "std": 0.0, 
                "p99": 0.0, 
                "min": 0.0, 
                "max": 0.0, 
                "average": 0.0, 
                "median": 0.0
            }, 
            "missing_impute_with_value": 0.0
        }, 
        "resource_type 3_sum": {
            "stats": {
                "std": 0.10377537188852234, 
                "p99": 1.0, 
                "min": 0.0, 
                "max": 1.0, 
                "average": 0.010878661087866108, 
                "median": 0.0
            }, 
            "missing_impute_with_value": 0.010878661087866108
        }, 
        "feature 386_sum": {
            "stats": {}
        }, 
        "feature 249_sum": {
            "stats": {
                "std": 0.0, 
                "p99": 0.0, 
                "min": 0.0, 
                "max": 0.0, 
                "average": 0.0, 
                "median": 0.0
            }, 
            "missing_impute_with_value": 0.0
        }, 
        "feature 103_sum": {
            "stats": {
                "std": 0.04089301234540097, 
                "p99": 0.0, 
                "min": 0.0, 
                "max": 1.0, 
                "average": 0.0016736401673640166, 
                "median": 0.0
            }, 
            "missing_impute_with_value": 0.0016736401673640166
        }, 
        "feature 188_sum": {
            "stats": {
                "std": 0.028927842707018855, 
                "p99": 0.0, 
                "min": 0.0, 
                "max": 1.0, 
                "average": 0.0008368200836820083, 
                "median": 0.0
            }, 
            "missing_impute_with_value": 0.0008368200836820083
        }, 
        "feature 137_sum": {
            "stats": {
                "std": 0.0, 
                "p99": 0.0, 
                "min": 0.0, 
                "max": 0.0, 
                "average": 0.0, 
                "median": 0.0
            }, 
            "missing_impute_with_value": 0.0
        }, 
        "feature 66_sum": {
            "stats": {
                "std": 0.028927842707018855, 
                "p99": 0.0, 
                "min": 0.0, 
                "max": 1.0, 
                "average": 0.0008368200836820083, 
                "median": 0.0
            }, 
            "missing_impute_with_value": 0.0008368200836820083
        }, 
        "event_type 54_sum": {
            "stats": {
                "std": 0.18209948465329842, 
                "p99": 1.0, 
                "min": 0.0, 
                "max": 1.0, 
                "average": 0.03430962343096234, 
                "median": 0.0
            }, 
            "missing_impute_with_value": 0.03430962343096234
        }, 
        "feature 160_sum": {
            "stats": {
                "std": 0.10764722793182357, 
                "p99": 1.0, 
                "min": 0.0, 
                "max": 1.0, 
                "average": 0.011715481171548118, 
                "median": 0.0
            }, 
            "missing_impute_with_value": 0.011715481171548118
        }, 
        "feature 203_sum": {
            "stats": {
                "std": 0.3681513515853812, 
                "p99": 1.0, 
                "min": 0.0, 
                "max": 1.0, 
                "average": 0.16150627615062763, 
                "median": 0.0
            }, 
            "missing_impute_with_value": 0.16150627615062763
        }, 
        "feature 86_sum": {
            "stats": {
                "std": 0.07070993474646056, 
                "p99": 0.0, 
                "min": 0.0, 
                "max": 1.0, 
                "average": 0.00502092050209205, 
                "median": 0.0
            }, 
            "missing_impute_with_value": 0.00502092050209205
        }, 
        "feature 172_sum": {
            "stats": {
                "std": 0.08649230740680994, 
                "p99": 0.0, 
                "min": 0.0, 
                "max": 1.0, 
                "average": 0.007531380753138075, 
                "median": 0.0
            }, 
            "missing_impute_with_value": 0.007531380753138075
        }, 
        "event_type 22_sum": {
            "stats": {
                "std": 0.11137828263861478, 
                "p99": 1.0, 
                "min": 0.0, 
                "max": 1.0, 
                "average": 0.012552301255230125, 
                "median": 0.0
            }, 
            "missing_impute_with_value": 0.012552301255230125
        }, 
        "feature 220_sum": {
            "stats": {
                "std": 0.11137828263861482, 
                "p99": 1.0, 
                "min": 0.0, 
                "max": 1.0, 
                "average": 0.012552301255230125, 
                "median": 0.0
            }, 
            "missing_impute_with_value": 0.012552301255230125
        }, 
        "feature 82_sum": {
            "stats": {
                "std": 0.3856676204543456, 
                "p99": 1.0, 
                "min": 0.0, 
                "max": 1.0, 
                "average": 0.1815899581589958, 
                "median": 0.0
            }, 
            "missing_impute_with_value": 0.1815899581589958
        }, 
        "feature 240_sum": {
            "stats": {
                "std": 0.05778295667954991, 
                "p99": 0.0, 
                "min": 0.0, 
                "max": 1.0, 
                "average": 0.0033472803347280333, 
                "median": 0.0
            }, 
            "missing_impute_with_value": 0.0033472803347280333
        }, 
        "fault_severity": {
            "stats": {}
        }, 
        "event_type 14_sum": {
            "stats": {
                "std": 0.1251394798022792, 
                "p99": 1.0, 
                "min": 0.0, 
                "max": 1.0, 
                "average": 0.015899581589958158, 
                "median": 0.0
            }, 
            "missing_impute_with_value": 0.015899581589958158
        }, 
        "feature 228_sum": {
            "stats": {
                "std": 0.15902712993889195, 
                "p99": 1.0, 
                "min": 0.0, 
                "max": 1.0, 
                "average": 0.02594142259414226, 
                "median": 0.0
            }, 
            "missing_impute_with_value": 0.02594142259414226
        }, 
        "feature 201_sum": {
            "stats": {
                "std": 0.2096272100859678, 
                "p99": 1.0, 
                "min": 0.0, 
                "max": 1.0, 
                "average": 0.04602510460251046, 
                "median": 0.0
            }, 
            "missing_impute_with_value": 0.04602510460251046
        }, 
        "feature 204_sum": {
            "stats": {
                "std": 0.08158010067617817, 
                "p99": 0.0, 
                "min": 0.0, 
                "max": 1.0, 
                "average": 0.0066945606694560665, 
                "median": 0.0
            }, 
            "missing_impute_with_value": 0.0066945606694560665
        }, 
        "feature 303_sum": {
            "stats": {
                "std": 0.02892784270701872, 
                "p99": 0.0, 
                "min": 0.0, 
                "max": 1.0, 
                "average": 0.0008368200836820083, 
                "median": 0.0
            }, 
            "missing_impute_with_value": 0.0008368200836820083
        }, 
        "feature 167_sum": {
            "stats": {
                "std": 0.07070993474646027, 
                "p99": 0.0, 
                "min": 0.0, 
                "max": 1.0, 
                "average": 0.00502092050209205, 
                "median": 0.0
            }, 
            "missing_impute_with_value": 0.00502092050209205
        }, 
        "feature 273_sum": {
            "stats": {
                "std": 0.15394378422504282, 
                "p99": 1.0, 
                "min": 0.0, 
                "max": 1.0, 
                "average": 0.024267782426778243, 
                "median": 0.0
            }, 
            "missing_impute_with_value": 0.024267782426778243
        }, 
        "feature 29_sum": {
            "stats": {
                "std": 0.028927842707019088, 
                "p99": 0.0, 
                "min": 0.0, 
                "max": 1.0, 
                "average": 0.0008368200836820083, 
                "median": 0.0
            }, 
            "missing_impute_with_value": 0.0008368200836820083
        }, 
        "event_type 40_sum": {
            "stats": {
                "std": 0.040893012345400895, 
                "p99": 0.0, 
                "min": 0.0, 
                "max": 1.0, 
                "average": 0.0016736401673640166, 
                "median": 0.0
            }, 
            "missing_impute_with_value": 0.0016736401673640166
        }, 
        "feature 58_sum": {
            "stats": {
                "std": 0.02892784270701906, 
                "p99": 0.0, 
                "min": 0.0, 
                "max": 1.0, 
                "average": 0.0008368200836820083, 
                "median": 0.0
            }, 
            "missing_impute_with_value": 0.0008368200836820083
        }, 
        "event_type 28_sum": {
            "stats": {
                "std": 0.040893012345400534, 
                "p99": 0.0, 
                "min": 0.0, 
                "max": 1.0, 
                "average": 0.0016736401673640166, 
                "median": 0.0
            }, 
            "missing_impute_with_value": 0.0016736401673640166
        }, 
        "feature 84_sum": {
            "stats": {
                "std": 0.028927842707019057, 
                "p99": 0.0, 
                "min": 0.0, 
                "max": 1.0, 
                "average": 0.0008368200836820083, 
                "median": 0.0
            }, 
            "missing_impute_with_value": 0.0008368200836820083
        }, 
        "event_type 23_sum": {
            "stats": {
                "std": 0.1459512482091006, 
                "p99": 1.0, 
                "min": 0.0, 
                "max": 1.0, 
                "average": 0.021757322175732216, 
                "median": 0.0
            }, 
            "missing_impute_with_value": 0.021757322175732216
        }, 
        "event_type 5_sum": {
            "stats": {
                "std": 0.040893012345401145, 
                "p99": 0.0, 
                "min": 0.0, 
                "max": 1.0, 
                "average": 0.0016736401673640166, 
                "median": 0.0
            }, 
            "missing_impute_with_value": 0.0016736401673640166
        }, 
        "event_type 9_sum": {
            "stats": {
                "std": 0.0, 
                "p99": 0.0, 
                "min": 0.0, 
                "max": 0.0, 
                "average": 0.0, 
                "median": 0.0
            }, 
            "missing_impute_with_value": 0.0
        }, 
        "feature 94_sum": {
            "stats": {
                "std": 0.0864923074068099, 
                "p99": 0.0, 
                "min": 0.0, 
                "max": 1.0, 
                "average": 0.007531380753138075, 
                "median": 0.0
            }, 
            "missing_impute_with_value": 0.007531380753138075
        }, 
        "feature 171_sum": {
            "stats": {
                "std": 0.15394378422504332, 
                "p99": 1.0, 
                "min": 0.0, 
                "max": 1.0, 
                "average": 0.024267782426778243, 
                "median": 0.0
            }, 
            "missing_impute_with_value": 0.024267782426778243
        }, 
        "feature 232_sum": {
            "stats": {
                "std": 0.44076844652014346, 
                "p99": 1.0, 
                "min": 0.0, 
                "max": 1.0, 
                "average": 0.26359832635983266, 
                "median": 0.0
            }, 
            "missing_impute_with_value": 0.26359832635983266
        }, 
        "event_type 18_sum": {
            "stats": {
                "std": 0.06457618238624181, 
                "p99": 0.0, 
                "min": 0.0, 
                "max": 1.0, 
                "average": 0.0041841004184100415, 
                "median": 0.0
            }, 
            "missing_impute_with_value": 0.0041841004184100415
        }, 
        "feature 75_sum": {
            "stats": {
                "std": 0.0997463193863006, 
                "p99": 0.05999999999994543, 
                "min": 0.0, 
                "max": 1.0, 
                "average": 0.0100418410041841, 
                "median": 0.0
            }, 
            "missing_impute_with_value": 0.0100418410041841
        }, 
        "feature 63_sum": {
            "stats": {
                "std": 0.0, 
                "p99": 0.0, 
                "min": 0.0, 
                "max": 0.0, 
                "average": 0.0, 
                "median": 0.0
            }, 
            "missing_impute_with_value": 0.0
        }, 
        "feature 62_sum": {
            "stats": {
                "std": 0.07634333437460938, 
                "p99": 0.0, 
                "min": 0.0, 
                "max": 1.0, 
                "average": 0.005857740585774059, 
                "median": 0.0
            }, 
            "missing_impute_with_value": 0.005857740585774059
        }, 
        "feature 1_sum": {
            "stats": {
                "std": 0.05006251217225646, 
                "p99": 0.0, 
                "min": 0.0, 
                "max": 1.0, 
                "average": 0.002510460251046025, 
                "median": 0.0
            }, 
            "missing_impute_with_value": 0.002510460251046025
        }, 
        "feature 43_sum": {
            "stats": {
                "std": 0.0, 
                "p99": 0.0, 
                "min": 0.0, 
                "max": 0.0, 
                "average": 0.0, 
                "median": 0.0
            }, 
            "missing_impute_with_value": 0.0
        }, 
        "feature 209_sum": {
            "stats": {
                "std": 0.10764722793182338, 
                "p99": 1.0, 
                "min": 0.0, 
                "max": 1.0, 
                "average": 0.011715481171548118, 
                "median": 0.0
            }, 
            "missing_impute_with_value": 0.011715481171548118
        }, 
        "feature 5_sum": {
            "stats": {
                "std": 0.0, 
                "p99": 0.0, 
                "min": 0.0, 
                "max": 0.0, 
                "average": 0.0, 
                "median": 0.0
            }, 
            "missing_impute_with_value": 0.0
        }, 
        "feature 165_sum": {
            "stats": {
                "std": 0.0, 
                "p99": 0.0, 
                "min": 0.0, 
                "max": 0.0, 
                "average": 0.0, 
                "median": 0.0
            }, 
            "missing_impute_with_value": 0.0
        }, 
        "feature 141_sum": {
            "stats": {
                "std": 0.040893012345401145, 
                "p99": 0.0, 
                "min": 0.0, 
                "max": 1.0, 
                "average": 0.0016736401673640166, 
                "median": 0.0
            }, 
            "missing_impute_with_value": 0.0016736401673640166
        }, 
        "feature 105_sum": {
            "stats": {
                "std": 0.028927842707018973, 
                "p99": 0.0, 
                "min": 0.0, 
                "max": 1.0, 
                "average": 0.0008368200836820083, 
                "median": 0.0
            }, 
            "missing_impute_with_value": 0.0008368200836820083
        }, 
        "feature 212_sum": {
            "stats": {
                "std": 0.040893012345400534, 
                "p99": 0.0, 
                "min": 0.0, 
                "max": 1.0, 
                "average": 0.0016736401673640166, 
                "median": 0.0
            }, 
            "missing_impute_with_value": 0.0016736401673640166
        }, 
        "feature 312_sum": {
            "stats": {
                "std": 0.45489564487713047, 
                "p99": 1.0, 
                "min": 0.0, 
                "max": 1.0, 
                "average": 0.2920502092050209, 
                "median": 0.0
            }, 
            "missing_impute_with_value": 0.2920502092050209
        }, 
        "resource_type 8_sum": {
            "stats": {
                "std": 0.497722995904563, 
                "p99": 1.0, 
                "min": 0.0, 
                "max": 1.0, 
                "average": 0.5497907949790795, 
                "median": 1.0
            }, 
            "missing_impute_with_value": 0.5497907949790795
        }, 
        "id": {
            "stats": {}
        }, 
        "resource_type 1_sum": {
            "stats": {
                "std": 0.0645761823862417, 
                "p99": 0.0, 
                "min": 0.0, 
                "max": 1.0, 
                "average": 0.0041841004184100415, 
                "median": 0.0
            }, 
            "missing_impute_with_value": 0.0041841004184100415
        }, 
        "feature 162_sum": {
            "stats": {
                "std": 0.028927842707018692, 
                "p99": 0.0, 
                "min": 0.0, 
                "max": 1.0, 
                "average": 0.0008368200836820083, 
                "median": 0.0
            }, 
            "missing_impute_with_value": 0.0008368200836820083
        }, 
        "feature 246_sum": {
            "stats": {}
        }, 
        "feature 309_sum": {
            "stats": {
                "std": 0.186326382076403, 
                "p99": 1.0, 
                "min": 0.0, 
                "max": 1.0, 
                "average": 0.03598326359832636, 
                "median": 0.0
            }, 
            "missing_impute_with_value": 0.03598326359832636
        }, 
        "feature 182_sum": {
            "stats": {
                "std": 0.09554018496393657, 
                "p99": 0.0, 
                "min": 0.0, 
                "max": 1.0, 
                "average": 0.009205020920502092, 
                "median": 0.0
            }, 
            "missing_impute_with_value": 0.009205020920502092
        }, 
        "feature 341_sum": {
            "stats": {
                "std": 0.0, 
                "p99": 0.0, 
                "min": 0.0, 
                "max": 0.0, 
                "average": 0.0, 
                "median": 0.0
            }, 
            "missing_impute_with_value": 0.0
        }, 
        "feature 145_sum": {
            "stats": {
                "std": 0.0, 
                "p99": 0.0, 
                "min": 0.0, 
                "max": 0.0, 
                "average": 0.0, 
                "median": 0.0
            }, 
            "missing_impute_with_value": 0.0
        }, 
        "feature 135_sum": {
            "stats": {
                "std": 0.12185360100462529, 
                "p99": 1.0, 
                "min": 0.0, 
                "max": 1.0, 
                "average": 0.01506276150627615, 
                "median": 0.0
            }, 
            "missing_impute_with_value": 0.01506276150627615
        }, 
        "feature 20_sum": {
            "stats": {
                "std": 0.0, 
                "p99": 0.0, 
                "min": 0.0, 
                "max": 0.0, 
                "average": 0.0, 
                "median": 0.0
            }, 
            "missing_impute_with_value": 0.0
        }, 
        "resource_type 9_sum": {
            "stats": {
                "std": 0.10377537188852255, 
                "p99": 1.0, 
                "min": 0.0, 
                "max": 1.0, 
                "average": 0.010878661087866108, 
                "median": 0.0
            }, 
            "missing_impute_with_value": 0.010878661087866108
        }, 
        "event_type 38_sum": {
            "stats": {
                "std": 0.040893012345401165, 
                "p99": 0.0, 
                "min": 0.0, 
                "max": 1.0, 
                "average": 0.0016736401673640166, 
                "median": 0.0
            }, 
            "missing_impute_with_value": 0.0016736401673640166
        }, 
        "feature 195_sum": {
            "stats": {
                "std": 0.2149849771513086, 
                "p99": 1.0, 
                "min": 0.0, 
                "max": 1.0, 
                "average": 0.048535564853556486, 
                "median": 0.0
            }, 
            "missing_impute_with_value": 0.048535564853556486
        }, 
        "feature 48_sum": {
            "stats": {
                "std": 0.02892784270701872, 
                "p99": 0.0, 
                "min": 0.0, 
                "max": 1.0, 
                "average": 0.0008368200836820083, 
                "median": 0.0
            }, 
            "missing_impute_with_value": 0.0008368200836820083
        }, 
        "feature 42_sum": {
            "stats": {
                "std": 0.0, 
                "p99": 0.0, 
                "min": 0.0, 
                "max": 0.0, 
                "average": 0.0, 
                "median": 0.0
            }, 
            "missing_impute_with_value": 0.0
        }, 
        "feature 49_sum": {
            "stats": {
                "std": 0.0, 
                "p99": 0.0, 
                "min": 0.0, 
                "max": 0.0, 
                "average": 0.0, 
                "median": 0.0
            }, 
            "missing_impute_with_value": 0.0
        }, 
        "feature 71_sum": {
            "stats": {
                "std": 0.25714899788852374, 
                "p99": 1.0, 
                "min": 0.0, 
                "max": 1.0, 
                "average": 0.07112970711297072, 
                "median": 0.0
            }, 
            "missing_impute_with_value": 0.07112970711297072
        }, 
        "feature 139_sum": {
            "stats": {
                "std": 0.0, 
                "p99": 0.0, 
                "min": 0.0, 
                "max": 0.0, 
                "average": 0.0, 
                "median": 0.0
            }, 
            "missing_impute_with_value": 0.0
        }, 
        "feature 54_sum": {
            "stats": {
                "std": 0.28684054153475197, 
                "p99": 1.0, 
                "min": 0.0, 
                "max": 1.0, 
                "average": 0.09037656903765691, 
                "median": 0.0
            }, 
            "missing_impute_with_value": 0.09037656903765691
        }, 
        "feature 198_sum": {
            "stats": {
                "std": 0.05778295667954993, 
                "p99": 0.0, 
                "min": 0.0, 
                "max": 1.0, 
                "average": 0.0033472803347280333, 
                "median": 0.0
            }, 
            "missing_impute_with_value": 0.0033472803347280333
        }, 
        "feature 305_sum": {
            "stats": {
                "std": 0.07634333437460963, 
                "p99": 0.0, 
                "min": 0.0, 
                "max": 1.0, 
                "average": 0.005857740585774059, 
                "median": 0.0
            }, 
            "missing_impute_with_value": 0.005857740585774059
        }, 
        "feature 2_sum": {
            "stats": {
                "std": 0.0, 
                "p99": 0.0, 
                "min": 0.0, 
                "max": 0.0, 
                "average": 0.0, 
                "median": 0.0
            }, 
            "missing_impute_with_value": 0.0
        }, 
        "event_type 35_sum": {
            "stats": {
                "std": 0.4791614311799541, 
                "p99": 1.0, 
                "min": 0.0, 
                "max": 1.0, 
                "average": 0.35648535564853556, 
                "median": 0.0
            }, 
            "missing_impute_with_value": 0.35648535564853556
        }, 
        "feature 155_sum": {
            "stats": {
                "std": 0.05778295667954989, 
                "p99": 0.0, 
                "min": 0.0, 
                "max": 1.0, 
                "average": 0.0033472803347280333, 
                "median": 0.0
            }, 
            "missing_impute_with_value": 0.0033472803347280333
        }, 
        "feature 222_sum": {
            "stats": {
                "std": 0.08158010067617821, 
                "p99": 0.0, 
                "min": 0.0, 
                "max": 1.0, 
                "average": 0.0066945606694560665, 
                "median": 0.0
            }, 
            "missing_impute_with_value": 0.0066945606694560665
        }, 
        "feature 342_sum": {
            "stats": {}
        }, 
        "feature 47_sum": {
            "stats": {
                "std": 0.0707099347464613, 
                "p99": 0.0, 
                "min": 0.0, 
                "max": 1.0, 
                "average": 0.00502092050209205, 
                "median": 0.0
            }, 
            "missing_impute_with_value": 0.00502092050209205
        }, 
        "feature 252_sum": {
            "stats": {}
        }, 
        "feature 244_sum": {
            "stats": {
                "std": 0.0, 
                "p99": 0.0, 
                "min": 0.0, 
                "max": 0.0, 
                "average": 0.0, 
                "median": 0.0
            }, 
            "missing_impute_with_value": 0.0
        }, 
        "feature 183_sum": {
            "stats": {
                "std": 0.040893012345400596, 
                "p99": 0.0, 
                "min": 0.0, 
                "max": 1.0, 
                "average": 0.0016736401673640166, 
                "median": 0.0
            }, 
            "missing_impute_with_value": 0.0016736401673640166
        }, 
        "event_type 34_sum": {
            "stats": {
                "std": 0.4681392412003232, 
                "p99": 1.0, 
                "min": 0.0, 
                "max": 1.0, 
                "average": 0.3238493723849372, 
                "median": 0.0
            }, 
            "missing_impute_with_value": 0.3238493723849372
        }, 
        "feature 202_sum": {
            "stats": {
                "std": 0.09974631938630117, 
                "p99": 0.05999999999994543, 
                "min": 0.0, 
                "max": 1.0, 
                "average": 0.0100418410041841, 
                "median": 0.0
            }, 
            "missing_impute_with_value": 0.0100418410041841
        }, 
        "feature 142_sum": {
            "stats": {
                "std": 0.0, 
                "p99": 0.0, 
                "min": 0.0, 
                "max": 0.0, 
                "average": 0.0, 
                "median": 0.0
            }, 
            "missing_impute_with_value": 0.0
        }, 
        "feature 45_sum": {
            "stats": {
                "std": 0.0, 
                "p99": 0.0, 
                "min": 0.0, 
                "max": 0.0, 
                "average": 0.0, 
                "median": 0.0
            }, 
            "missing_impute_with_value": 0.0
        }, 
        "feature 85_sum": {
            "stats": {
                "std": 0.05006251217225645, 
                "p99": 0.0, 
                "min": 0.0, 
                "max": 1.0, 
                "average": 0.002510460251046025, 
                "median": 0.0
            }, 
            "missing_impute_with_value": 0.002510460251046025
        }, 
        "feature 60_sum": {
            "stats": {
                "std": 0.0, 
                "p99": 0.0, 
                "min": 0.0, 
                "max": 0.0, 
                "average": 0.0, 
                "median": 0.0
            }, 
            "missing_impute_with_value": 0.0
        }, 
        "event_type 36_sum": {
            "stats": {
                "std": 0.028927842707019088, 
                "p99": 0.0, 
                "min": 0.0, 
                "max": 1.0, 
                "average": 0.0008368200836820083, 
                "median": 0.0
            }, 
            "missing_impute_with_value": 0.0008368200836820083
        }, 
        "event_type 11_sum": {
            "stats": {
                "std": 0.4924996199108903, 
                "p99": 1.0, 
                "min": 0.0, 
                "max": 1.0, 
                "average": 0.4125523012552301, 
                "median": 0.0
            }, 
            "missing_impute_with_value": 0.4125523012552301
        }, 
        "resource_type 2_sum": {
            "stats": {
                "std": 0.4999695119066247, 
                "p99": 1.0, 
                "min": 0.0, 
                "max": 1.0, 
                "average": 0.4845188284518828, 
                "median": 0.0
            }, 
            "missing_impute_with_value": 0.4845188284518828
        }, 
        "feature 163_sum": {
            "stats": {
                "std": 0.07634333437460962, 
                "p99": 0.0, 
                "min": 0.0, 
                "max": 1.0, 
                "average": 0.005857740585774059, 
                "median": 0.0
            }, 
            "missing_impute_with_value": 0.005857740585774059
        }, 
        "feature 117_sum": {
            "stats": {
                "std": 0.028927842707019088, 
                "p99": 0.0, 
                "min": 0.0, 
                "max": 1.0, 
                "average": 0.0008368200836820083, 
                "median": 0.0
            }, 
            "missing_impute_with_value": 0.0008368200836820083
        }, 
        "feature 24_sum": {
            "stats": {
                "std": 0.0, 
                "p99": 0.0, 
                "min": 0.0, 
                "max": 0.0, 
                "average": 0.0, 
                "median": 0.0
            }, 
            "missing_impute_with_value": 0.0
        }, 
        "feature 270_sum": {
            "stats": {}
        }
    }, 
    "feature_order": [
        "feature 302_sum", 
        "feature 269_sum", 
        "event_type 8_sum", 
        "feature 55_sum", 
        "feature 83_sum", 
        "feature 108_sum", 
        "feature 51_sum", 
        "event_type 7_sum", 
        "feature 310_sum", 
        "feature 230_sum", 
        "feature 235_sum", 
        "feature 319_sum", 
        "feature 219_sum", 
        "feature 118_sum", 
        "feature 331_sum", 
        "resource_type 10_sum", 
        "feature 384_sum", 
        "feature 268_sum", 
        "event_type 27_sum", 
        "feature 314_sum", 
        "feature 205_sum", 
        "location", 
        "feature 133_sum", 
        "resource_type 7_sum", 
        "feature 56_sum", 
        "feature 260_sum", 
        "feature 44_sum", 
        "feature 132_sum", 
        "feature 30_sum", 
        "feature 74_sum", 
        "event_type 3_sum", 
        "feature 68_sum", 
        "feature 207_sum", 
        "feature 173_sum", 
        "feature 87_sum", 
        "feature 229_sum", 
        "feature 179_sum", 
        "feature 360_sum", 
        "event_type 15_sum", 
        "feature 81_sum", 
        "feature 299_sum", 
        "feature 233_sum", 
        "event_type 31_sum", 
        "event_type 23_sum", 
        "event_type 29_sum", 
        "feature 80_sum", 
        "feature 174_sum", 
        "feature 191_sum", 
        "feature 169_sum", 
        "feature 313_sum", 
        "feature 178_sum", 
        "feature 26_sum", 
        "event_type 20_sum", 
        "feature 157_sum", 
        "feature 267_sum", 
        "event_type 24_sum", 
        "feature 246_sum", 
        "feature 181_sum", 
        "feature 136_sum", 
        "feature 53_sum", 
        "event_type 2_sum", 
        "feature 304_sum", 
        "event_type 39_sum", 
        "feature 8_sum", 
        "feature 164_sum", 
        "feature 161_sum", 
        "resource_type 4_sum", 
        "feature 149_sum", 
        "feature 317_sum", 
        "feature 217_sum", 
        "feature 57_sum", 
        "event_type 10_sum", 
        "feature 345_sum", 
        "feature 251_sum", 
        "feature 238_sum", 
        "feature 266_sum", 
        "event_type 13_sum", 
        "feature 109_sum", 
        "feature 223_sum", 
        "event_type 32_sum", 
        "feature 328_sum", 
        "event_type 12_sum", 
        "feature 15_sum", 
        "feature 10_sum", 
        "feature 159_sum", 
        "resource_type 5_sum", 
        "feature 340_sum", 
        "feature 111_sum", 
        "feature 158_sum", 
        "feature 70_sum", 
        "feature 234_sum", 
        "feature 221_sum", 
        "feature 46_sum", 
        "feature 153_sum", 
        "feature 206_sum", 
        "feature 300_sum", 
        "feature 329_sum", 
        "feature 193_sum", 
        "feature 301_sum", 
        "feature 265_sum", 
        "event_type 30_sum", 
        "feature 306_sum", 
        "feature 255_sum", 
        "feature 239_sum", 
        "feature 307_sum", 
        "feature 177_sum", 
        "feature 187_sum", 
        "feature 64_sum", 
        "event_type 21_sum", 
        "feature 65_sum", 
        "feature 237_sum", 
        "severity_type 5", 
        "severity_type 4", 
        "severity_type 3", 
        "severity_type 2", 
        "severity_type 1", 
        "feature 134_sum", 
        "feature 362_sum", 
        "feature 308_sum", 
        "feature 333_sum", 
        "feature 385_sum", 
        "feature 22_sum", 
        "event_type 6_sum", 
        "feature 127_sum", 
        "feature 279_sum", 
        "feature 77_sum", 
        "feature 226_sum", 
        "feature 318_sum", 
        "feature 143_sum", 
        "feature 227_sum", 
        "feature 218_sum", 
        "feature 196_sum", 
        "resource_type 6_sum", 
        "feature 222_sum", 
        "event_type 19_sum", 
        "feature 197_sum", 
        "feature 211_sum", 
        "feature 326_sum", 
        "feature 280_sum", 
        "feature 113_sum", 
        "feature 315_sum", 
        "feature 73_sum", 
        "feature 76_sum", 
        "feature 39_sum", 
        "event_type 1_sum", 
        "resource_type 3_sum", 
        "feature 386_sum", 
        "feature 249_sum", 
        "feature 103_sum", 
        "feature 188_sum", 
        "feature 137_sum", 
        "feature 66_sum", 
        "event_type 54_sum", 
        "feature 160_sum", 
        "feature 203_sum", 
        "feature 86_sum", 
        "feature 172_sum", 
        "event_type 22_sum", 
        "feature 220_sum", 
        "feature 82_sum", 
        "feature 240_sum", 
        "fault_severity", 
        "event_type 14_sum", 
        "feature 228_sum", 
        "feature 201_sum", 
        "feature 204_sum", 
        "feature 303_sum", 
        "feature 167_sum", 
        "feature 273_sum", 
        "feature 29_sum", 
        "event_type 40_sum", 
        "feature 58_sum", 
        "event_type 28_sum", 
        "feature 84_sum", 
        "event_type 5_sum", 
        "event_type 9_sum", 
        "feature 94_sum", 
        "feature 171_sum", 
        "feature 232_sum", 
        "event_type 18_sum", 
        "feature 75_sum", 
        "feature 63_sum", 
        "feature 62_sum", 
        "feature 1_sum", 
        "feature 43_sum", 
        "feature 209_sum", 
        "feature 5_sum", 
        "feature 165_sum", 
        "feature 141_sum", 
        "feature 105_sum", 
        "feature 212_sum", 
        "feature 312_sum", 
        "resource_type 8_sum", 
        "id", 
        "resource_type 1_sum", 
        "event_type 35_sum", 
        "feature 170_sum", 
        "feature 309_sum", 
        "feature 182_sum", 
        "feature 341_sum", 
        "feature 145_sum", 
        "feature 135_sum", 
        "feature 20_sum", 
        "resource_type 9_sum", 
        "event_type 38_sum", 
        "feature 195_sum", 
        "feature 48_sum", 
        "feature 42_sum", 
        "feature 49_sum", 
        "feature 71_sum", 
        "feature 139_sum", 
        "feature 54_sum", 
        "feature 198_sum", 
        "feature 305_sum", 
        "feature 2_sum", 
        "feature 162_sum", 
        "feature 155_sum", 
        "feature 244_sum", 
        "feature 342_sum", 
        "feature 47_sum", 
        "feature 252_sum", 
        "feature 183_sum", 
        "event_type 34_sum", 
        "feature 202_sum", 
        "feature 142_sum", 
        "feature 45_sum", 
        "feature 85_sum", 
        "feature 60_sum", 
        "event_type 36_sum", 
        "event_type 11_sum", 
        "resource_type 2_sum", 
        "feature 163_sum", 
        "feature 117_sum", 
        "feature 24_sum", 
        "feature 270_sum"
    ]
}