[
    {
        "parameters": {
            "penalty": "l2", 
            "C": 0.01
        }, 
        "score_time": 35, 
        "test_score": 0.7059539754229298, 
        "fit_time": 369, 
        "num_samples": 1972, 
        "best_iteration": null, 
        "train_score": 0.7010832247561092, 
        "parameter_id": 0, 
        "time": 404, 
        "done_at": 1525454969265, 
        "grid_point_id": "{\"penalty\": \"l2\", \"C\": 0.01}@2"
    }, 
    {
        "parameters": {
            "penalty": "l2", 
            "C": 0.01
        }, 
        "score_time": 57, 
        "test_score": 0.6744442870091497, 
        "fit_time": 506, 
        "num_samples": 1974, 
        "best_iteration": null, 
        "train_score": 0.7050244289698293, 
        "parameter_id": 0, 
        "time": 563, 
        "done_at": 1525454969417, 
        "grid_point_id": "{\"penalty\": \"l2\", \"C\": 0.01}@0"
    }, 
    {
        "parameters": {
            "penalty": "l2", 
            "C": 0.01
        }, 
        "score_time": 50, 
        "test_score": 0.7029885816769599, 
        "fit_time": 376, 
        "num_samples": 1973, 
        "best_iteration": null, 
        "train_score": 0.7002991458960033, 
        "parameter_id": 0, 
        "time": 426, 
        "done_at": 1525454969288, 
        "grid_point_id": "{\"penalty\": \"l2\", \"C\": 0.01}@1"
    }, 
    {
        "parameters": {
            "penalty": "l2", 
            "C": 0.1
        }, 
        "score_time": 56, 
        "test_score": 0.7740629794020493, 
        "fit_time": 1047, 
        "num_samples": 1972, 
        "best_iteration": null, 
        "train_score": 0.7854897361854355, 
        "parameter_id": 1, 
        "time": 1103, 
        "done_at": 1525454970479, 
        "grid_point_id": "{\"penalty\": \"l2\", \"C\": 0.1}@2"
    }, 
    {
        "parameters": {
            "penalty": "l2", 
            "C": 0.1
        }, 
        "score_time": 55, 
        "test_score": 0.7684550249849759, 
        "fit_time": 1079, 
        "num_samples": 1973, 
        "best_iteration": null, 
        "train_score": 0.774512169166959, 
        "parameter_id": 1, 
        "time": 1134, 
        "done_at": 1525454970518, 
        "grid_point_id": "{\"penalty\": \"l2\", \"C\": 0.1}@1"
    }, 
    {
        "parameters": {
            "penalty": "l2", 
            "C": 0.1
        }, 
        "score_time": 50, 
        "test_score": 0.753619540276323, 
        "fit_time": 921, 
        "num_samples": 1974, 
        "best_iteration": null, 
        "train_score": 0.7864973206555188, 
        "parameter_id": 1, 
        "time": 971, 
        "done_at": 1525454969861, 
        "grid_point_id": "{\"penalty\": \"l2\", \"C\": 0.1}@0"
    }, 
    {
        "parameters": {
            "penalty": "l2", 
            "C": 1.0
        }, 
        "score_time": 117, 
        "test_score": 0.7847707628285834, 
        "fit_time": 2279, 
        "num_samples": 1974, 
        "best_iteration": null, 
        "train_score": 0.8149213236344899, 
        "parameter_id": 2, 
        "time": 2396, 
        "done_at": 1525454971926, 
        "grid_point_id": "{\"penalty\": \"l2\", \"C\": 1.0}@0"
    }, 
    {
        "parameters": {
            "penalty": "l2", 
            "C": 1.0
        }, 
        "score_time": 66, 
        "test_score": 0.794279322218542, 
        "fit_time": 2533, 
        "num_samples": 1973, 
        "best_iteration": null, 
        "train_score": 0.8036857065501974, 
        "parameter_id": 2, 
        "time": 2599, 
        "done_at": 1525454972599, 
        "grid_point_id": "{\"penalty\": \"l2\", \"C\": 1.0}@1"
    }, 
    {
        "parameters": {
            "penalty": "l2", 
            "C": 10.0
        }, 
        "score_time": 66, 
        "test_score": 0.7877971889461883, 
        "fit_time": 2646, 
        "num_samples": 1974, 
        "best_iteration": null, 
        "train_score": 0.8188747024167947, 
        "parameter_id": 3, 
        "time": 2712, 
        "done_at": 1525454973286, 
        "grid_point_id": "{\"penalty\": \"l2\", \"C\": 10.0}@0"
    }, 
    {
        "parameters": {
            "penalty": "l2", 
            "C": 1.0
        }, 
        "score_time": 52, 
        "test_score": 0.7949072966257136, 
        "fit_time": 2655, 
        "num_samples": 1972, 
        "best_iteration": null, 
        "train_score": 0.8138125153852318, 
        "parameter_id": 2, 
        "time": 2707, 
        "done_at": 1525454973325, 
        "grid_point_id": "{\"penalty\": \"l2\", \"C\": 1.0}@2"
    }, 
    {
        "parameters": {
            "penalty": "l2", 
            "C": 10.0
        }, 
        "score_time": 66, 
        "test_score": 0.795877599777816, 
        "fit_time": 2067, 
        "num_samples": 1973, 
        "best_iteration": null, 
        "train_score": 0.8076826084354414, 
        "parameter_id": 3, 
        "time": 2133, 
        "done_at": 1525454974171, 
        "grid_point_id": "{\"penalty\": \"l2\", \"C\": 10.0}@1"
    }, 
    {
        "parameters": {
            "penalty": "l2", 
            "C": 100.0
        }, 
        "score_time": 31, 
        "test_score": 0.7959574807168842, 
        "fit_time": 1850, 
        "num_samples": 1973, 
        "best_iteration": null, 
        "train_score": 0.8075956577229194, 
        "parameter_id": 4, 
        "time": 1881, 
        "done_at": 1525454975249, 
        "grid_point_id": "{\"penalty\": \"l2\", \"C\": 100.0}@1"
    }, 
    {
        "parameters": {
            "penalty": "l2", 
            "C": 10.0
        }, 
        "score_time": 45, 
        "test_score": 0.794875626660717, 
        "fit_time": 2199, 
        "num_samples": 1972, 
        "best_iteration": null, 
        "train_score": 0.8179149628785045, 
        "parameter_id": 3, 
        "time": 2244, 
        "done_at": 1525454974909, 
        "grid_point_id": "{\"penalty\": \"l2\", \"C\": 10.0}@2"
    }, 
    {
        "parameters": {
            "penalty": "l2", 
            "C": 100.0
        }, 
        "score_time": 32, 
        "test_score": 0.7870129554710725, 
        "fit_time": 1898, 
        "num_samples": 1974, 
        "best_iteration": null, 
        "train_score": 0.8188991498303736, 
        "parameter_id": 4, 
        "time": 1930, 
        "done_at": 1525454975252, 
        "grid_point_id": "{\"penalty\": \"l2\", \"C\": 100.0}@0"
    }, 
    {
        "parameters": {
            "penalty": "l2", 
            "C": 100.0
        }, 
        "score_time": 13, 
        "test_score": 0.7945445339474959, 
        "fit_time": 1284, 
        "num_samples": 1972, 
        "best_iteration": null, 
        "train_score": 0.8183565679915537, 
        "parameter_id": 4, 
        "time": 1297, 
        "done_at": 1525454975490, 
        "grid_point_id": "{\"penalty\": \"l2\", \"C\": 100.0}@2"
    }
]