{
    "gridSize": 5, 
    "nThreads": 4, 
    "metric": "ROC_AUC", 
    "gridPoints": [
        {
            "index": 0, 
            "finishedAt": 1525454969417.0, 
            "score": 0.69445695788794071, 
            "parameters": {
                "penalty": "l2", 
                "C": 0.01
            }, 
            "time": 1393.0
        }, 
        {
            "index": 1, 
            "finishedAt": 1525454970518.0, 
            "score": 0.76537823410480976, 
            "parameters": {
                "penalty": "l2", 
                "C": 0.1
            }, 
            "time": 3208.0
        }, 
        {
            "index": 2, 
            "finishedAt": 1525454973325.0, 
            "score": 0.79132073367121158, 
            "parameters": {
                "penalty": "l2", 
                "C": 1.0
            }, 
            "time": 7702.0
        }, 
        {
            "index": 3, 
            "finishedAt": 1525454974909.0, 
            "score": 0.79285150362643808, 
            "parameters": {
                "penalty": "l2", 
                "C": 10.0
            }, 
            "time": 7089.0
        }, 
        {
            "index": 4, 
            "finishedAt": 1525454975490.0, 
            "score": 0.79250347889035355, 
            "parameters": {
                "penalty": "l2", 
                "C": 100.0
            }, 
            "time": 5108.0
        }
    ], 
    "startedAt": 1525454968788, 
    "nSplits": 3
}