{
    "usedGridSearch": true, 
    "probaAware": true, 
    "gridSize": 5, 
    "modelInputNRows": 5919, 
    "modelInputNCols": 111, 
    "modelInputMemory": 5256072, 
    "gridCells": [
        {
            "scoreTimeStd": 0.0091772665986241363, 
            "scoreTime": 0.047333333333333338, 
            "fitTime": 0.41699999999999998, 
            "score": 0.69445695788794071, 
            "params": {
                "penalty": "l2", 
                "C": 0.01
            }, 
            "fitTimeStd": 0.062997354441807055, 
            "scoreStd": 0.014208131605471928
        }, 
        {
            "scoreTimeStd": 0.0026246692913372695, 
            "scoreTime": 0.053666666666666668, 
            "fitTime": 1.0156666666666665, 
            "score": 0.76537572768738982, 
            "params": {
                "penalty": "l2", 
                "C": 0.1
            }, 
            "fitTimeStd": 0.0682023134179153, 
            "scoreStd": 0.0086253532436383635
        }, 
        {
            "scoreTimeStd": 0.027932458220182171, 
            "scoreTime": 0.078333333333333324, 
            "fitTime": 2.4889999999999994, 
            "score": 0.79131741468266836, 
            "params": {
                "penalty": "l2", 
                "C": 1.0
            }, 
            "fitTimeStd": 0.15662268886296984, 
            "scoreStd": 0.0046380308281706688
        }, 
        {
            "scoreTimeStd": 0.0098994949366116684, 
            "scoreTime": 0.058999999999999997, 
            "fitTime": 2.3039999999999998, 
            "score": 0.79284894257751981, 
            "params": {
                "penalty": "l2", 
                "C": 10.0
            }, 
            "fitTimeStd": 0.2477619825558392, 
            "scoreStd": 0.0035968171327329821
        }, 
        {
            "scoreTimeStd": 0.0087305339024725294, 
            "scoreTime": 0.025333333333333333, 
            "fitTime": 1.6773333333333333, 
            "score": 0.79250371760411753, 
            "params": {
                "penalty": "l2", 
                "C": 100.0
            }, 
            "fitTimeStd": 0.27881814065005806, 
            "scoreStd": 0.0039266206567456913
        }
    ], 
    "gridBestScore": 0.79284894257751981, 
    "modelInputIsSparse": false
}