{
    "rawImportance": {
        "variables": [
            "id", 
            "volume", 
            "dummy:log_feature:feature 273", 
            "dummy:log_feature:feature 132", 
            "dummy:event_type:event_type 15", 
            "dummy:severity_type:severity_type 1", 
            "dummy:location:location 13", 
            "dummy:location:location 744", 
            "dummy:location:location 745", 
            "dummy:location:location 32", 
            "dummy:location:location 707", 
            "dummy:location:location 280", 
            "dummy:location:location 460", 
            "dummy:location:__Others__", 
            "dummy:resource_type:resource_type 2", 
            "dummy:resource_type:resource_type 7"
        ], 
        "importances": [
            0.091744306814882132, 
            0.014093218080309422, 
            0.00078884982278742781, 
            0.00019920081841403139, 
            0.011588514937209641, 
            0.46568197844048992, 
            0.064107487196683119, 
            0.052381464634234119, 
            0.050188935620149221, 
            0.048481009739921359, 
            0.0059951220757946521, 
            0.012484302832020764, 
            0.0096533540698357789, 
            0.049361100032709389, 
            0.11876080277037539, 
            0.0044903521141836447
        ]
    }, 
    "probaAware": true, 
    "modelInputNRows": 79912, 
    "modelInputNCols": 309, 
    "modelInputMemory": 197542464, 
    "modelInputIsSparse": false
}