{
  "type": "shaker",
  "neverRecomputeExistingPartitions": false,
  "optionalDependencies": false,
  "params": {
    "engineParams": {
      "spark": {
        "pipelineAllowStart": true,
        "pipelineAllowMerge": true,
        "sparkConfig": {
          "inheritConf": "default",
          "conf": []
        },
        "readParams": {
          "map": {
            "severity_type": {
              "repartition": 10,
              "cache": false
            }
          }
        }
      },
      "hadoopConfigKeys": [],
      "maxThreads": 8
    }
  },
  "customMeta": {
    "kv": {}
  },
  "redispatchPartitioning": false,
  "inputs": {
    "main": {
      "items": [
        {
          "ref": "severity_type",
          "deps": []
        }
      ]
    }
  },
  "outputs": {
    "main": {
      "items": [
        {
          "ref": "severity_type_prepared",
          "appendMode": false
        }
      ]
    }
  },
  "versionTag": {
    "versionNumber": 1,
    "lastModifiedBy": {
      "login": "admin"
    },
    "lastModifiedOn": 1496691963459
  },
  "creationTag": {
    "versionNumber": 0,
    "lastModifiedBy": {
      "login": "admin"
    },
    "lastModifiedOn": 1496691940151
  },
  "tags": [],
  "checklists": {
    "checklists": []
  }
}