{
  "type": "sql_query",
  "neverRecomputeExistingPartitions": false,
  "optionalDependencies": false,
  "params": {
    "allowMultipleConnections": false,
    "displayExecutionPlan": true,
    "skipPrerunValidate": false
  },
  "customMeta": {
    "kv": {}
  },
  "redispatchPartitioning": false,
  "inputs": {
    "main": {
      "items": [
        {
          "ref": "all_datasets_joined_prepared",
          "deps": []
        },
        {
          "ref": "ranked_by_location",
          "deps": []
        }
      ]
    }
  },
  "outputs": {
    "main": {
      "items": [
        {
          "ref": "all_datasets_ranked_by_location",
          "appendMode": false
        }
      ]
    }
  },
  "versionTag": {
    "versionNumber": 4,
    "lastModifiedBy": {
      "login": "admin"
    },
    "lastModifiedOn": 1496719547140
  },
  "creationTag": {
    "versionNumber": 0,
    "lastModifiedBy": {
      "login": "admin"
    },
    "lastModifiedOn": 1496718906751
  },
  "tags": [],
  "checklists": {
    "checklists": []
  }
}