{
    "per_feature": {
        "log_feature": {
            "stats": {
                "mostFrequentValue": "feature 312", 
                "leastFrequentValue": "feature 177"
            }, 
            "category_possible_values": [
                "feature 312", 
                "feature 232", 
                "feature 313", 
                "feature 233", 
                "feature 134", 
                "feature 307", 
                "feature 219", 
                "feature 315", 
                "feature 82", 
                "feature 54", 
                "feature 170", 
                "feature 235", 
                "feature 68", 
                "feature 306", 
                "feature 203", 
                "feature 273", 
                "feature 314", 
                "feature 227", 
                "feature 234", 
                "feature 345", 
                "feature 71", 
                "feature 309", 
                "feature 193", 
                "feature 229", 
                "feature 80", 
                "feature 301", 
                "feature 222", 
                "feature 308", 
                "feature 201", 
                "feature 228", 
                "feature 160", 
                "feature 376", 
                "feature 368", 
                "feature 223", 
                "feature 310", 
                "feature 230", 
                "feature 283", 
                "feature 291", 
                "feature 44", 
                "feature 375", 
                "feature 94", 
                "feature 179", 
                "feature 75", 
                "feature 211", 
                "feature 55", 
                "feature 304", 
                "feature 316", 
                "feature 163", 
                "feature 290", 
                "feature 181", 
                "feature 171", 
                "feature 305", 
                "feature 47", 
                "feature 39", 
                "feature 209", 
                "feature 221", 
                "feature 56", 
                "feature 236", 
                "feature 172", 
                "feature 118", 
                "feature 311", 
                "feature 197", 
                "feature 303", 
                "feature 154", 
                "feature 135", 
                "feature 141", 
                "feature 87", 
                "feature 374", 
                "feature 30", 
                "feature 8", 
                "feature 153", 
                "feature 289", 
                "feature 378", 
                "feature 240", 
                "feature 38", 
                "feature 73", 
                "feature 48", 
                "feature 212", 
                "feature 195", 
                "feature 35", 
                "feature 353", 
                "feature 196", 
                "feature 277", 
                "feature 237", 
                "feature 95", 
                "feature 220", 
                "feature 370", 
                "feature 198", 
                "feature 74", 
                "feature 133", 
                "feature 278", 
                "feature 285", 
                "feature 70", 
                "feature 150", 
                "feature 354", 
                "feature 117", 
                "feature 318", 
                "feature 29", 
                "feature 231", 
                "feature 132", 
                "feature 191", 
                "feature 293", 
                "feature 81", 
                "feature 218", 
                "feature 127", 
                "feature 207", 
                "feature 182", 
                "feature 276", 
                "feature 288", 
                "feature 349", 
                "feature 298"
            ]
        }, 
        "event_type": {
            "stats": {
                "mostFrequentValue": "event_type 35", 
                "leastFrequentValue": "event_type 25"
            }, 
            "category_possible_values": [
                "event_type 35", 
                "event_type 34", 
                "event_type 11", 
                "event_type 20", 
                "event_type 15", 
                "event_type 13", 
                "event_type 23", 
                "event_type 14", 
                "event_type 22", 
                "event_type 42", 
                "event_type 44", 
                "event_type 54", 
                "event_type 43", 
                "event_type 10", 
                "event_type 18", 
                "event_type 21", 
                "event_type 5", 
                "event_type 50", 
                "event_type 36", 
                "event_type 6"
            ]
        }, 
        "severity_type": {
            "stats": {
                "mostFrequentValue": "severity_type 1", 
                "leastFrequentValue": "severity_type 5"
            }, 
            "category_possible_values": [
                "severity_type 1", 
                "severity_type 2"
            ]
        }, 
        "volume": {
            "stats": {
                "std": 22.849648907274986, 
                "p99": 106.0, 
                "min": 1.0, 
                "max": 877.0, 
                "average": 9.103501351486635, 
                "median": 2.0
            }, 
            "missing_impute_with_value": 9.103501351486635
        }, 
        "fault_severity": {
            "stats": {}
        }, 
        "location": {
            "stats": {
                "mostFrequentValue": "location 794", 
                "leastFrequentValue": "location 516"
            }, 
            "category_possible_values": [
                "location 794", 
                "location 126", 
                "location 495", 
                "location 13", 
                "location 821", 
                "location 102", 
                "location 471", 
                "location 1095", 
                "location 744", 
                "location 802", 
                "location 734", 
                "location 124", 
                "location 122", 
                "location 476", 
                "location 893", 
                "location 497", 
                "location 242", 
                "location 496", 
                "location 661", 
                "location 745", 
                "location 32", 
                "location 816", 
                "location 478", 
                "location 1107", 
                "location 73", 
                "location 897", 
                "location 469", 
                "location 494", 
                "location 505", 
                "location 895", 
                "location 691", 
                "location 894", 
                "location 856", 
                "location 627", 
                "location 504", 
                "location 892", 
                "location 899", 
                "location 960", 
                "location 91", 
                "location 477", 
                "location 995", 
                "location 472", 
                "location 984", 
                "location 149", 
                "location 931", 
                "location 648", 
                "location 810", 
                "location 837", 
                "location 532", 
                "location 506", 
                "location 1050", 
                "location 135", 
                "location 1100", 
                "location 484", 
                "location 391", 
                "location 465", 
                "location 655", 
                "location 704", 
                "location 79", 
                "location 518", 
                "location 1097", 
                "location 826", 
                "location 491", 
                "location 159", 
                "location 1019", 
                "location 363", 
                "location 707", 
                "location 95", 
                "location 714", 
                "location 488", 
                "location 369", 
                "location 1052", 
                "location 644", 
                "location 466", 
                "location 902", 
                "location 479", 
                "location 924", 
                "location 1014", 
                "location 257", 
                "location 498", 
                "location 421", 
                "location 653", 
                "location 1008", 
                "location 395", 
                "location 457", 
                "location 288", 
                "location 280", 
                "location 181", 
                "location 229", 
                "location 172", 
                "location 249", 
                "location 509", 
                "location 643", 
                "location 851", 
                "location 896", 
                "location 388", 
                "location 474", 
                "location 638", 
                "location 33", 
                "location 508", 
                "location 128", 
                "location 240", 
                "location 613", 
                "location 120", 
                "location 441", 
                "location 1037", 
                "location 460", 
                "location 684", 
                "location 1103", 
                "location 686", 
                "location 493", 
                "location 507", 
                "location 459", 
                "location 2", 
                "location 642", 
                "location 481", 
                "location 976", 
                "location 221", 
                "location 609", 
                "location 118", 
                "location 500", 
                "location 417", 
                "location 909", 
                "location 601", 
                "location 228", 
                "location 742", 
                "location 808", 
                "location 1026", 
                "location 485", 
                "location 1066", 
                "location 1056", 
                "location 324", 
                "location 103", 
                "location 834", 
                "location 230", 
                "location 1", 
                "location 462", 
                "location 790", 
                "location 618", 
                "location 300", 
                "location 147", 
                "location 313", 
                "location 480", 
                "location 490", 
                "location 314", 
                "location 603", 
                "location 499", 
                "location 278", 
                "location 133", 
                "location 475", 
                "location 226", 
                "location 1046", 
                "location 942", 
                "location 446", 
                "location 936", 
                "location 763", 
                "location 885", 
                "location 607"
            ]
        }, 
        "id": {
            "stats": {
                "std": 5340.960490863078, 
                "p99": 18358.0, 
                "min": 1.0, 
                "max": 18550.0, 
                "average": 8865.862849134048, 
                "median": 8530.0
            }, 
            "missing_impute_with_value": 8865.862849134048
        }, 
        "resource_type": {
            "stats": {
                "mostFrequentValue": "resource_type 2", 
                "leastFrequentValue": "resource_type 5"
            }, 
            "category_possible_values": [
                "resource_type 2", 
                "resource_type 8", 
                "resource_type 7", 
                "resource_type 6", 
                "resource_type 4", 
                "resource_type 1"
            ]
        }
    }, 
    "feature_order": [
        "log_feature", 
        "event_type", 
        "severity_type", 
        "volume", 
        "fault_severity", 
        "location", 
        "id", 
        "resource_type"
    ]
}