[
    {
        "parameters": {
            "penalty": "l2", 
            "C": 0.01
        }, 
        "score_time": 11, 
        "test_score": 0.8060718980659678, 
        "fit_time": 943, 
        "num_samples": 1974, 
        "best_iteration": null, 
        "train_score": 0.8643786660988326, 
        "parameter_id": 0, 
        "time": 954, 
        "done_at": 1525436301452, 
        "grid_point_id": "{\"penalty\": \"l2\", \"C\": 0.01}@0"
    }, 
    {
        "parameters": {
            "penalty": "l2", 
            "C": 0.01
        }, 
        "score_time": 19, 
        "test_score": 0.8260953404254068, 
        "fit_time": 765, 
        "num_samples": 1973, 
        "best_iteration": null, 
        "train_score": 0.8501840478964399, 
        "parameter_id": 0, 
        "time": 784, 
        "done_at": 1525436302255, 
        "grid_point_id": "{\"penalty\": \"l2\", \"C\": 0.01}@1"
    }, 
    {
        "parameters": {
            "penalty": "l2", 
            "C": 0.01
        }, 
        "score_time": 31, 
        "test_score": 0.8241150163904343, 
        "fit_time": 818, 
        "num_samples": 1972, 
        "best_iteration": null, 
        "train_score": 0.8534109629103056, 
        "parameter_id": 0, 
        "time": 849, 
        "done_at": 1525436303134, 
        "grid_point_id": "{\"penalty\": \"l2\", \"C\": 0.01}@2"
    }, 
    {
        "parameters": {
            "penalty": "l2", 
            "C": 0.1
        }, 
        "score_time": 17, 
        "test_score": 0.8094532626037445, 
        "fit_time": 1741, 
        "num_samples": 1974, 
        "best_iteration": null, 
        "train_score": 0.8830275615497124, 
        "parameter_id": 1, 
        "time": 1758, 
        "done_at": 1525436305024, 
        "grid_point_id": "{\"penalty\": \"l2\", \"C\": 0.1}@0"
    }, 
    {
        "parameters": {
            "penalty": "l2", 
            "C": 0.1
        }, 
        "score_time": 7, 
        "test_score": 0.8317409943824361, 
        "fit_time": 2026, 
        "num_samples": 1973, 
        "best_iteration": null, 
        "train_score": 0.8689951380846057, 
        "parameter_id": 1, 
        "time": 2033, 
        "done_at": 1525436307162, 
        "grid_point_id": "{\"penalty\": \"l2\", \"C\": 0.1}@1"
    }, 
    {
        "parameters": {
            "penalty": "l2", 
            "C": 0.1
        }, 
        "score_time": 53, 
        "test_score": 0.8293634470432086, 
        "fit_time": 1892, 
        "num_samples": 1972, 
        "best_iteration": null, 
        "train_score": 0.8727228082015113, 
        "parameter_id": 1, 
        "time": 1945, 
        "done_at": 1525436309207, 
        "grid_point_id": "{\"penalty\": \"l2\", \"C\": 0.1}@2"
    }, 
    {
        "parameters": {
            "penalty": "l2", 
            "C": 1.0
        }, 
        "score_time": 10, 
        "test_score": 0.8091311442312183, 
        "fit_time": 1458, 
        "num_samples": 1974, 
        "best_iteration": null, 
        "train_score": 0.8944290318923138, 
        "parameter_id": 2, 
        "time": 1468, 
        "done_at": 1525436310733, 
        "grid_point_id": "{\"penalty\": \"l2\", \"C\": 1.0}@0"
    }, 
    {
        "parameters": {
            "penalty": "l2", 
            "C": 1.0
        }, 
        "score_time": 7, 
        "test_score": 0.8340684059611276, 
        "fit_time": 2233, 
        "num_samples": 1973, 
        "best_iteration": null, 
        "train_score": 0.8807963053818344, 
        "parameter_id": 2, 
        "time": 2240, 
        "done_at": 1525436312990, 
        "grid_point_id": "{\"penalty\": \"l2\", \"C\": 1.0}@1"
    }, 
    {
        "parameters": {
            "penalty": "l2", 
            "C": 1.0
        }, 
        "score_time": 23, 
        "test_score": 0.8315855649319959, 
        "fit_time": 1500, 
        "num_samples": 1972, 
        "best_iteration": null, 
        "train_score": 0.8845870361984125, 
        "parameter_id": 2, 
        "time": 1523, 
        "done_at": 1525436314536, 
        "grid_point_id": "{\"penalty\": \"l2\", \"C\": 1.0}@2"
    }, 
    {
        "parameters": {
            "penalty": "l2", 
            "C": 10.0
        }, 
        "score_time": 21, 
        "test_score": 0.8044483733327322, 
        "fit_time": 1791, 
        "num_samples": 1974, 
        "best_iteration": null, 
        "train_score": 0.8966896944095284, 
        "parameter_id": 3, 
        "time": 1812, 
        "done_at": 1525436316372, 
        "grid_point_id": "{\"penalty\": \"l2\", \"C\": 10.0}@0"
    }, 
    {
        "parameters": {
            "penalty": "l2", 
            "C": 10.0
        }, 
        "score_time": 18, 
        "test_score": 0.8287798590401924, 
        "fit_time": 1667, 
        "num_samples": 1973, 
        "best_iteration": null, 
        "train_score": 0.881626875614042, 
        "parameter_id": 3, 
        "time": 1685, 
        "done_at": 1525436318084, 
        "grid_point_id": "{\"penalty\": \"l2\", \"C\": 10.0}@1"
    }, 
    {
        "parameters": {
            "penalty": "l2", 
            "C": 10.0
        }, 
        "score_time": 8, 
        "test_score": 0.8289014910476411, 
        "fit_time": 1584, 
        "num_samples": 1972, 
        "best_iteration": null, 
        "train_score": 0.8865601177928261, 
        "parameter_id": 3, 
        "time": 1592, 
        "done_at": 1525436319709, 
        "grid_point_id": "{\"penalty\": \"l2\", \"C\": 10.0}@2"
    }, 
    {
        "parameters": {
            "penalty": "l2", 
            "C": 100.0
        }, 
        "score_time": 31, 
        "test_score": 0.8037805946627296, 
        "fit_time": 2545, 
        "num_samples": 1974, 
        "best_iteration": null, 
        "train_score": 0.8965552177498637, 
        "parameter_id": 4, 
        "time": 2576, 
        "done_at": 1525436322336, 
        "grid_point_id": "{\"penalty\": \"l2\", \"C\": 100.0}@0"
    }, 
    {
        "parameters": {
            "penalty": "l2", 
            "C": 100.0
        }, 
        "score_time": 20, 
        "test_score": 0.828008718321772, 
        "fit_time": 1970, 
        "num_samples": 1973, 
        "best_iteration": null, 
        "train_score": 0.8813531404430188, 
        "parameter_id": 4, 
        "time": 1990, 
        "done_at": 1525436324371, 
        "grid_point_id": "{\"penalty\": \"l2\", \"C\": 100.0}@1"
    }, 
    {
        "parameters": {
            "penalty": "l2", 
            "C": 100.0
        }, 
        "score_time": 9, 
        "test_score": 0.8299475515454843, 
        "fit_time": 1629, 
        "num_samples": 1972, 
        "best_iteration": null, 
        "train_score": 0.8874657253082728, 
        "parameter_id": 4, 
        "time": 1638, 
        "done_at": 1525436326047, 
        "grid_point_id": "{\"penalty\": \"l2\", \"C\": 100.0}@2"
    }
]