{
    "gridSize": 5, 
    "nThreads": 1, 
    "metric": "ROC_AUC", 
    "gridPoints": [
        {
            "index": 0, 
            "finishedAt": 1525436303134.0, 
            "score": 0.81875770328830622, 
            "parameters": {
                "penalty": "l2", 
                "C": 0.01
            }, 
            "time": 2587.0
        }, 
        {
            "index": 1, 
            "finishedAt": 1525436309207.0, 
            "score": 0.82351587090142675, 
            "parameters": {
                "penalty": "l2", 
                "C": 0.1
            }, 
            "time": 5736.0
        }, 
        {
            "index": 2, 
            "finishedAt": 1525436314536.0, 
            "score": 0.82492457809083053, 
            "parameters": {
                "penalty": "l2", 
                "C": 1.0
            }, 
            "time": 5231.0
        }, 
        {
            "index": 3, 
            "finishedAt": 1525436319709.0, 
            "score": 0.82070577651479326, 
            "parameters": {
                "penalty": "l2", 
                "C": 10.0
            }, 
            "time": 5089.0
        }, 
        {
            "index": 4, 
            "finishedAt": 1525436326047.0, 
            "score": 0.82057453400249702, 
            "parameters": {
                "penalty": "l2", 
                "C": 100.0
            }, 
            "time": 6204.0
        }
    ], 
    "startedAt": 1525436300422, 
    "nSplits": 3
}