{
    "usedGridSearch": true, 
    "probaAware": true, 
    "gridSize": 5, 
    "modelInputNRows": 5919, 
    "modelInputNCols": 327, 
    "modelInputMemory": 15484104, 
    "gridCells": [
        {
            "scoreTimeStd": 0.0082192186706253022, 
            "scoreTime": 0.020333333333333332, 
            "fitTime": 0.84199999999999997, 
            "score": 0.81875770328830622, 
            "params": {
                "penalty": "l2", 
                "C": 0.01
            }, 
            "fitTimeStd": 0.074623499426565779, 
            "scoreStd": 0.0090099647752422494
        }, 
        {
            "scoreTimeStd": 0.019754043186705404, 
            "scoreTime": 0.025666666666666667, 
            "fitTime": 1.8863333333333332, 
            "score": 0.82351587090142675, 
            "params": {
                "penalty": "l2", 
                "C": 0.1
            }, 
            "fitTimeStd": 0.11641973868530855, 
            "scoreStd": 0.0099947762307132735
        }, 
        {
            "scoreTimeStd": 0.0069442222186665518, 
            "scoreTime": 0.013333333333333334, 
            "fitTime": 1.7303333333333333, 
            "score": 0.82492457809083053, 
            "params": {
                "penalty": "l2", 
                "C": 1.0
            }, 
            "fitTimeStd": 0.35585234141268329, 
            "scoreStd": 0.011217765997504327
        }, 
        {
            "scoreTimeStd": 0.0055577773335110225, 
            "scoreTime": 0.015666666666666666, 
            "fitTime": 1.6806666666666665, 
            "score": 0.82070577651479326, 
            "params": {
                "penalty": "l2", 
                "C": 10.0
            }, 
            "fitTimeStd": 0.085058150043889849, 
            "scoreStd": 0.011500197376943071
        }, 
        {
            "scoreTimeStd": 0.0089814623902049872, 
            "scoreTime": 0.02, 
            "fitTime": 2.048, 
            "score": 0.82057453400249702, 
            "params": {
                "penalty": "l2", 
                "C": 100.0
            }, 
            "fitTimeStd": 0.37800088183318653, 
            "scoreStd": 0.011905956115101304
        }
    ], 
    "gridBestScore": 0.82492457809083053, 
    "modelInputIsSparse": false
}