{
  "state": "DONE",
  "preSearchDescription": {
    "gridLength": 5,
    "importantParams": [
      {
        "name": "penalty",
        "vals": [
          "l2"
        ]
      },
      {
        "name": "C",
        "vals": [
          "0.01",
          "0.1",
          "1.0",
          "10.0",
          "100.0"
        ]
      }
    ]
  },
  "postSearchDescription": {
    "importantParams": [
      {
        "name": "C",
        "val": "1.0"
      },
      {
        "name": "penalty",
        "val": "l2"
      }
    ]
  },
  "modelId": "m1",
  "progress": {
    "top_level_todo": [],
    "stack": [],
    "top_level_done": [
      {
        "name": "Loading train set",
        "time": 430
      },
      {
        "name": "Loading test set",
        "time": 118
      },
      {
        "name": "Collecting statistics",
        "time": 459
      },
      {
        "name": "Preprocessing train set",
        "time": 997
      },
      {
        "name": "Preprocessing test set",
        "time": 581
      },
      {
        "name": "Grid searching",
        "time": 26270
      },
      {
        "name": "Fitting model",
        "time": 2583
      },
      {
        "name": "Saving model",
        "time": 2
      },
      {
        "name": "Scoring model",
        "time": 333
      }
    ]
  },
  "startTime": 1525436297749,
  "endTime": 1525436329573,
  "preprocessingTime": 2636,
  "trainingTime": 29188
}