{
  "pages": [
    {
      "id": "cfq2YfK",
      "grid": {
        "tiles": [
          {
            "tileType": "INSIGHT",
            "box": {
              "top": 0,
              "left": 0,
              "width": 2,
              "height": 2
            },
            "clickAction": "OPEN_INSIGHT",
            "tileParams": {
              "showXAxis": false,
              "showYAxis": false,
              "showLegend": false,
              "showTooltips": false
            },
            "autoLoad": true,
            "showTitle": "YES",
            "insightId": "3brT319",
            "insightType": "chart",
            "displayMode": "INSIGHT",
            "resizeImage": false
          },
          {
            "tileType": "INSIGHT",
            "box": {
              "top": -1,
              "left": -1,
              "width": 2,
              "height": 2
            },
            "clickAction": "OPEN_INSIGHT",
            "tileParams": {
              "showXAxis": false,
              "showYAxis": false,
              "showLegend": false,
              "showTooltips": false
            },
            "autoLoad": true,
            "showTitle": "YES",
            "insightId": "AqzxxVi",
            "insightType": "chart",
            "displayMode": "INSIGHT",
            "resizeImage": false
          }
        ]
      },
      "showTitle": false
    }
  ],
  "owner": "admin",
  "listed": false,
  "name": "jena simbahan\u0027s dashboard",
  "showGrid": true,
  "versionTag": {
    "versionNumber": 5,
    "lastModifiedBy": {
      "login": "admin"
    },
    "lastModifiedOn": 1493417115580
  },
  "creationTag": {
    "versionNumber": 0,
    "lastModifiedBy": {
      "login": "admin"
    },
    "lastModifiedOn": 1493400680127
  },
  "tags": [],
  "checklists": {
    "checklists": []
  }
}