{
  "trainedWithDSSVersion": "4.1.4",
  "isValid": true,
  "type": "MULTICLASS_PROBABILISTIC",
  "algorithm_name": "FOREST_CLASSIFIER",
  "columns": [
    "event_type_distinct",
    "log_feature_distinct",
    "resource_type_distinct",
    "volume_sum",
    "dummy:severity_type:severity_type 2",
    "dummy:severity_type:severity_type 1",
    "dummy:severity_type:severity_type 4",
    "dummy:severity_type:severity_type 5",
    "dummy:severity_type:severity_type 3",
    "dummy:severity_type:N/A",
    "dummy:severity_type:__Others__",
    "dummy:location:location 821",
    "dummy:location:location 734",
    "dummy:location:location 126",
    "dummy:location:location 1008",
    "dummy:location:location 1107",
    "dummy:location:location 810",
    "dummy:location:location 600",
    "dummy:location:location 124",
    "dummy:location:location 704",
    "dummy:location:location 793",
    "dummy:location:location 242",
    "dummy:location:location 1052",
    "dummy:location:location 1019",
    "dummy:location:location 653",
    "dummy:location:location 684",
    "dummy:location:location 834",
    "dummy:location:location 122",
    "dummy:location:location 798",
    "dummy:location:location 763",
    "dummy:location:location 471",
    "dummy:location:location 1100",
    "dummy:location:location 846",
    "dummy:location:location 91",
    "dummy:location:location 102",
    "dummy:location:location 976",
    "dummy:location:location 962",
    "dummy:location:location 613",
    "dummy:location:location 707",
    "dummy:location:location 1042",
    "dummy:location:location 476",
    "dummy:location:location 244",
    "dummy:location:location 466",
    "dummy:location:location 149",
    "dummy:location:location 794",
    "dummy:location:location 931",
    "dummy:location:location 477",
    "dummy:location:location 995",
    "dummy:location:location 1086",
    "dummy:location:location 845",
    "dummy:location:location 957",
    "dummy:location:location 744",
    "dummy:location:location 497",
    "dummy:location:location 478",
    "dummy:location:location 496",
    "dummy:location:location 118",
    "dummy:location:location 1061",
    "dummy:location:location 808",
    "dummy:location:location 95",
    "dummy:location:location 135",
    "dummy:location:location 891",
    "dummy:location:location 484",
    "dummy:location:location 155",
    "dummy:location:location 638",
    "dummy:location:location 895",
    "dummy:location:location 892",
    "dummy:location:location 9",
    "dummy:location:location 373",
    "dummy:location:location 380",
    "dummy:location:location 465",
    "dummy:location:location 1026",
    "dummy:location:location 157",
    "dummy:location:location 760",
    "dummy:location:location 475",
    "dummy:location:location 505",
    "dummy:location:location 181",
    "dummy:location:location 445",
    "dummy:location:location 599",
    "dummy:location:location 1",
    "dummy:location:location 894",
    "dummy:location:location 485",
    "dummy:location:location 488",
    "dummy:location:location 495",
    "dummy:location:location 469",
    "dummy:location:location 921",
    "dummy:location:location 1099",
    "dummy:location:location 1018",
    "dummy:location:location 292",
    "dummy:location:location 823",
    "dummy:location:location 885",
    "dummy:location:location 1007",
    "dummy:location:location 468",
    "dummy:location:location 814",
    "dummy:location:location 619",
    "dummy:location:location 899",
    "dummy:location:location 756",
    "dummy:location:location 7",
    "dummy:location:location 839",
    "dummy:location:location 984",
    "dummy:location:location 504",
    "dummy:location:location 878",
    "dummy:location:location 691",
    "dummy:location:location 803",
    "dummy:location:location 1050",
    "dummy:location:location 836",
    "dummy:location:location 500",
    "dummy:location:location 481",
    "dummy:location:location 479",
    "dummy:location:location 506",
    "dummy:location:location 1024",
    "dummy:location:location 644",
    "dummy:location:location 1075",
    "dummy:location:N/A",
    "dummy:location:__Others__"
  ],
  "classes": [
    "0",
    "2",
    "1"
  ]
}