[
    {
        "parameters": {
            "max_features": "auto", 
            "min_samples_split": 3, 
            "n_estimators": 100, 
            "max_depth": 6, 
            "min_samples_leaf": 1
        }, 
        "score_time": 639, 
        "test_score": 0.7743366433692601, 
        "fit_time": 2642, 
        "num_samples": 1974, 
        "best_iteration": null, 
        "train_score": 0.8317159990262799, 
        "parameter_id": 0, 
        "time": 3281, 
        "done_at": 1525454972488, 
        "grid_point_id": "{\"max_features\": \"auto\", \"min_samples_split\": 3, \"n_estimators\": 100, \"max_depth\": 6, \"min_samples_leaf\": 1}@0"
    }, 
    {
        "parameters": {
            "max_features": "auto", 
            "min_samples_split": 3, 
            "n_estimators": 100, 
            "max_depth": 6, 
            "min_samples_leaf": 1
        }, 
        "score_time": 382, 
        "test_score": 0.7974165936699347, 
        "fit_time": 3258, 
        "num_samples": 1972, 
        "best_iteration": null, 
        "train_score": 0.8287330043735319, 
        "parameter_id": 0, 
        "time": 3640, 
        "done_at": 1525454973075, 
        "grid_point_id": "{\"max_features\": \"auto\", \"min_samples_split\": 3, \"n_estimators\": 100, \"max_depth\": 6, \"min_samples_leaf\": 1}@2"
    }, 
    {
        "parameters": {
            "max_features": "auto", 
            "min_samples_split": 3, 
            "n_estimators": 100, 
            "max_depth": 6, 
            "min_samples_leaf": 1
        }, 
        "score_time": 410, 
        "test_score": 0.7984776994344447, 
        "fit_time": 3093, 
        "num_samples": 1973, 
        "best_iteration": null, 
        "train_score": 0.8253020018495222, 
        "parameter_id": 0, 
        "time": 3503, 
        "done_at": 1525454972888, 
        "grid_point_id": "{\"max_features\": \"auto\", \"min_samples_split\": 3, \"n_estimators\": 100, \"max_depth\": 6, \"min_samples_leaf\": 1}@1"
    }, 
    {
        "parameters": {
            "max_features": "auto", 
            "min_samples_split": 3, 
            "n_estimators": 100, 
            "max_depth": 12, 
            "min_samples_leaf": 1
        }, 
        "score_time": 369, 
        "test_score": 0.8017493228019543, 
        "fit_time": 3245, 
        "num_samples": 1974, 
        "best_iteration": null, 
        "train_score": 0.898781044505888, 
        "parameter_id": 1, 
        "time": 3614, 
        "done_at": 1525454973082, 
        "grid_point_id": "{\"max_features\": \"auto\", \"min_samples_split\": 3, \"n_estimators\": 100, \"max_depth\": 12, \"min_samples_leaf\": 1}@0"
    }, 
    {
        "parameters": {
            "max_features": "auto", 
            "min_samples_split": 3, 
            "n_estimators": 100, 
            "max_depth": 12, 
            "min_samples_leaf": 1
        }, 
        "score_time": 150, 
        "test_score": 0.820151615642666, 
        "fit_time": 1880, 
        "num_samples": 1972, 
        "best_iteration": null, 
        "train_score": 0.8960223860464592, 
        "parameter_id": 1, 
        "time": 2030, 
        "done_at": 1525454975224, 
        "grid_point_id": "{\"max_features\": \"auto\", \"min_samples_split\": 3, \"n_estimators\": 100, \"max_depth\": 12, \"min_samples_leaf\": 1}@2"
    }, 
    {
        "parameters": {
            "max_features": "auto", 
            "min_samples_split": 3, 
            "n_estimators": 100, 
            "max_depth": 12, 
            "min_samples_leaf": 1
        }, 
        "score_time": 393, 
        "test_score": 0.8232368028805284, 
        "fit_time": 1855, 
        "num_samples": 1973, 
        "best_iteration": null, 
        "train_score": 0.8962906490489028, 
        "parameter_id": 1, 
        "time": 2248, 
        "done_at": 1525454975022, 
        "grid_point_id": "{\"max_features\": \"auto\", \"min_samples_split\": 3, \"n_estimators\": 100, \"max_depth\": 12, \"min_samples_leaf\": 1}@1"
    }
]