{
    "gridSize": 2, 
    "nThreads": 4, 
    "metric": "ROC_AUC", 
    "gridPoints": [
        {
            "index": 0, 
            "finishedAt": 1525454973075.0, 
            "score": 0.79007307952562766, 
            "parameters": {
                "max_features": "auto", 
                "min_samples_split": 3, 
                "n_estimators": 100, 
                "max_depth": 6, 
                "min_samples_leaf": 1
            }, 
            "time": 10424.0
        }, 
        {
            "index": 1, 
            "finishedAt": 1525454975224.0, 
            "score": 0.81504280475446489, 
            "parameters": {
                "max_features": "auto", 
                "min_samples_split": 3, 
                "n_estimators": 100, 
                "max_depth": 12, 
                "min_samples_leaf": 1
            }, 
            "time": 7892.0
        }
    ], 
    "startedAt": 1525454968805, 
    "nSplits": 3
}