{
    "usedGridSearch": true, 
    "probaAware": true, 
    "gridSize": 2, 
    "rawImportance": {
        "variables": [
            "event_type_distinct", 
            "log_feature_distinct", 
            "resource_type_distinct", 
            "volume_sum", 
            "dummy:severity_type:severity_type 2", 
            "dummy:severity_type:severity_type 1", 
            "dummy:severity_type:severity_type 4", 
            "dummy:severity_type:severity_type 5", 
            "dummy:severity_type:severity_type 3", 
            "dummy:location:location 821", 
            "dummy:location:location 734", 
            "dummy:location:location 126", 
            "dummy:location:location 1008", 
            "dummy:location:location 1107", 
            "dummy:location:location 810", 
            "dummy:location:location 600", 
            "dummy:location:location 124", 
            "dummy:location:location 704", 
            "dummy:location:location 793", 
            "dummy:location:location 242", 
            "dummy:location:location 1052", 
            "dummy:location:location 1019", 
            "dummy:location:location 653", 
            "dummy:location:location 684", 
            "dummy:location:location 834", 
            "dummy:location:location 122", 
            "dummy:location:location 798", 
            "dummy:location:location 763", 
            "dummy:location:location 471", 
            "dummy:location:location 1100", 
            "dummy:location:location 846", 
            "dummy:location:location 91", 
            "dummy:location:location 102", 
            "dummy:location:location 976", 
            "dummy:location:location 962", 
            "dummy:location:location 613", 
            "dummy:location:location 707", 
            "dummy:location:location 1042", 
            "dummy:location:location 476", 
            "dummy:location:location 244", 
            "dummy:location:location 466", 
            "dummy:location:location 149", 
            "dummy:location:location 794", 
            "dummy:location:location 931", 
            "dummy:location:location 477", 
            "dummy:location:location 995", 
            "dummy:location:location 1086", 
            "dummy:location:location 845", 
            "dummy:location:location 957", 
            "dummy:location:location 744", 
            "dummy:location:location 497", 
            "dummy:location:location 478", 
            "dummy:location:location 496", 
            "dummy:location:location 118", 
            "dummy:location:location 1061", 
            "dummy:location:location 808", 
            "dummy:location:location 95", 
            "dummy:location:location 135", 
            "dummy:location:location 891", 
            "dummy:location:location 484", 
            "dummy:location:location 155", 
            "dummy:location:location 638", 
            "dummy:location:location 895", 
            "dummy:location:location 892", 
            "dummy:location:location 9", 
            "dummy:location:location 373", 
            "dummy:location:location 380", 
            "dummy:location:location 465", 
            "dummy:location:location 1026", 
            "dummy:location:location 157", 
            "dummy:location:location 760", 
            "dummy:location:location 475", 
            "dummy:location:location 505", 
            "dummy:location:location 181", 
            "dummy:location:location 445", 
            "dummy:location:location 599", 
            "dummy:location:location 1", 
            "dummy:location:location 894", 
            "dummy:location:location 485", 
            "dummy:location:location 488", 
            "dummy:location:location 495", 
            "dummy:location:location 469", 
            "dummy:location:location 921", 
            "dummy:location:location 1099", 
            "dummy:location:location 1018", 
            "dummy:location:location 292", 
            "dummy:location:location 823", 
            "dummy:location:location 885", 
            "dummy:location:location 1007", 
            "dummy:location:location 468", 
            "dummy:location:location 814", 
            "dummy:location:location 619", 
            "dummy:location:location 899", 
            "dummy:location:location 756", 
            "dummy:location:location 7", 
            "dummy:location:location 839", 
            "dummy:location:location 984", 
            "dummy:location:location 504", 
            "dummy:location:location 878", 
            "dummy:location:location 691", 
            "dummy:location:location 803", 
            "dummy:location:location 1050", 
            "dummy:location:location 836", 
            "dummy:location:location 500", 
            "dummy:location:location 481", 
            "dummy:location:location 479", 
            "dummy:location:location 506", 
            "dummy:location:location 1024", 
            "dummy:location:location 644", 
            "dummy:location:location 1075", 
            "dummy:location:__Others__"
        ], 
        "importances": [
            0.052146210204497556, 
            0.11495608261450027, 
            0.028325844751307314, 
            0.36930127987967443, 
            0.051464604872139247, 
            0.066111152685769697, 
            0.015957407619583381, 
            0.001437308385212756, 
            0.00024477610959352874, 
            0.0067357752017500883, 
            0.0093285964545023244, 
            0.006337297302993523, 
            0.00571474972485847, 
            0.0078358907258622486, 
            0.010205412332098629, 
            0.01385129201370873, 
            0.0059469792672394847, 
            0.0059237193146641498, 
            0.0074723529776705789, 
            0.0030100979119548625, 
            0.0014268080133547664, 
            0.0041698921240123253, 
            0.001355342864766585, 
            0.0032807570458754159, 
            0.0035474771484074381, 
            0.002793913486700272, 
            0.0045023206736012102, 
            0.0031533312420511496, 
            0.0020164144014789801, 
            0.013726433631352994, 
            0.0034770302242044127, 
            0.00072228826922324555, 
            0.00088623883125501428, 
            0.0034953454888088748, 
            0.0063619930400511558, 
            0.0027671701640049813, 
            0.0016769634079568225, 
            0.0015672826921383221, 
            0.0014707241359518584, 
            0.0013445134146024484, 
            0.0012434669849316138, 
            0.00062300489374745248, 
            0.001331516076275026, 
            0.00064322777248105364, 
            0.00062135613950667704, 
            0.0053910220455747233, 
            0.0053822974191138082, 
            0.0019945471794486995, 
            0.00094750663237107389, 
            0.00083059147414657269, 
            0.00036380895303035274, 
            0.00074517460295817637, 
            0.00090389874219466736, 
            0.00057448736439255719, 
            0.0028719878854155355, 
            0.0025554535406056029, 
            0.00017678277812556789, 
            0.00063345541961027578, 
            0.00097956237213656875, 
            0.00048863310387985408, 
            0.00034215259908369723, 
            0.0017084624568376229, 
            0.0014246112469729377, 
            0.00021270623840303631, 
            0.00086377569719761974, 
            0.0002509783855696494, 
            0.0004544093749243269, 
            0.00050808169421940111, 
            0.00064772260830665016, 
            0.00033104979487587804, 
            0.0016213688423362355, 
            0.00030197531597809775, 
            0.00060216972867291015, 
            0.00026392594003439807, 
            0.00011860195035494368, 
            0.00081393801252060071, 
            0.00034797539965957934, 
            0.00089307193635008704, 
            0.0002369446104198938, 
            0.00029670839503794237, 
            0.00011605472540501855, 
            0.00036561014183449683, 
            0.00071569408831759879, 
            0.00032478375281134694, 
            0.00042605234689952571, 
            9.1680547444613706e-05, 
            0.001147332858656002, 
            0.0010903904479851291, 
            0.0006687223607890737, 
            0.00011637458203497312, 
            0.00031242322226153767, 
            0.00090808414346220769, 
            0.0010407006914843185, 
            0.0007260136527737365, 
            0.00034008261734773474, 
            0.00076991098617297483, 
            0.00081333845198060652, 
            0.00029129160938590009, 
            0.0003976321418660606, 
            0.001349390578058017, 
            0.0016325923361592476, 
            0.00079764983718616706, 
            0.00047249662216230002, 
            0.00019639899389172524, 
            0.00090140232630209834, 
            0.00010692404047144979, 
            0.00025077713265564638, 
            0.0006683123021600471, 
            0.00016847971286140274, 
            0.0011467542985149559, 
            0.094055166193583159
        ]
    }, 
    "modelInputNRows": 5919, 
    "modelInputNCols": 114, 
    "modelInputMemory": 5398128, 
    "gridCells": [
        {
            "scoreTimeStd": 0.11512022700927352, 
            "scoreTime": 0.47700000000000004, 
            "fitTime": 2.997666666666666, 
            "score": 0.79007307952562766, 
            "params": {
                "max_features": "auto", 
                "min_samples_split": 3, 
                "n_estimators": 100, 
                "max_depth": 6, 
                "min_samples_leaf": 1
            }, 
            "fitTimeStd": 0.26035915364912543, 
            "scoreStd": 0.011139994587639849
        }, 
        {
            "scoreTimeStd": 0.10933434958877289, 
            "scoreTime": 0.30399999999999999, 
            "fitTime": 2.3266666666666667, 
            "score": 0.81504280475446489, 
            "params": {
                "max_features": "auto", 
                "min_samples_split": 3, 
                "n_estimators": 100, 
                "max_depth": 12, 
                "min_samples_leaf": 1
            }, 
            "fitTimeStd": 0.64943992964878772, 
            "scoreStd": 0.0094874400364466371
        }
    ], 
    "gridBestScore": 0.81504280475446489, 
    "modelInputIsSparse": false
}