{
  "state": "DONE",
  "preSearchDescription": {
    "gridLength": 2,
    "importantParams": [
      {
        "name": "trees",
        "vals": [
          "100"
        ]
      },
      {
        "name": "depth",
        "vals": [
          "6",
          "12"
        ]
      },
      {
        "name": "min_samples",
        "vals": [
          "1"
        ]
      }
    ]
  },
  "postSearchDescription": {
    "importantParams": [
      {
        "name": "trees",
        "val": "100"
      },
      {
        "name": "depth",
        "val": "12"
      },
      {
        "name": "min_samples",
        "val": "1"
      }
    ]
  },
  "modelId": "m1",
  "progress": {
    "top_level_todo": [],
    "stack": [],
    "top_level_done": [
      {
        "name": "Loading train set",
        "time": 11
      },
      {
        "name": "Loading test set",
        "time": 10
      },
      {
        "name": "Collecting statistics",
        "time": 17
      },
      {
        "name": "Preprocessing train set",
        "time": 36
      },
      {
        "name": "Preprocessing test set",
        "time": 30
      },
      {
        "name": "Grid searching",
        "time": 7127
      },
      {
        "name": "Fitting model",
        "time": 926
      },
      {
        "name": "Saving model",
        "time": 40
      },
      {
        "name": "Scoring model",
        "time": 1307
      }
    ]
  },
  "startTime": 1525454968690,
  "endTime": 1525454978197,
  "preprocessingTime": 106,
  "trainingTime": 9401
}