{
  "inputDatasetSmartName": "test_joined_prepared_scored",
  "script": {
    "steps": [
      {
        "type": "ColumnsSelector",
        "params": {
          "keep": false,
          "appliesTo": "COLUMNS",
          "columns": [
            "location",
            "volume_sum",
            "resource_type_distinct",
            "fault_severity",
            "proba_0",
            "proba_2",
            "proba_1",
            "event_type_distinct",
            "log_feature_distinct",
            "severity_type"
          ]
        },
        "metaType": "PROCESSOR",
        "preview": false,
        "disabled": false,
        "alwaysShowComment": false
      },
      {
        "type": "Unfold",
        "params": {
          "column": "prediction",
          "prefix": "predict_",
          "overflowAction": "ERROR",
          "limit": 100
        },
        "metaType": "PROCESSOR",
        "preview": false,
        "disabled": false,
        "alwaysShowComment": false
      },
      {
        "type": "ColumnsSelector",
        "params": {
          "keep": false,
          "appliesTo": "SINGLE_COLUMN",
          "columns": [
            "prediction"
          ]
        },
        "metaType": "PROCESSOR",
        "preview": false,
        "disabled": false,
        "alwaysShowComment": false
      },
      {
        "type": "FillEmptyWithValue",
        "params": {
          "value": "0",
          "appliesTo": "ALL",
          "columns": [
            "predict_0"
          ]
        },
        "metaType": "PROCESSOR",
        "preview": true,
        "disabled": false,
        "alwaysShowComment": false
      }
    ],
    "maxProcessedMemTableBytes": -1,
    "columnsSelection": {
      "mode": "ALL"
    },
    "coloring": {
      "scheme": "MEANING_AND_STATUS",
      "individualColumns": [],
      "valueColoringMode": "HASH"
    },
    "sorting": [],
    "analysisColumnData": {},
    "explorationSampling": {
      "selection": {
        "maxStoredBytes": 104857600,
        "filter": {
          "distinct": false,
          "enabled": false
        },
        "partitionSelectionMethod": "ALL",
        "latestPartitionsN": 1,
        "ordering": {
          "enabled": false,
          "rules": []
        },
        "samplingMethod": "HEAD_SEQUENTIAL",
        "maxRecords": 10000,
        "targetRatio": 0.02,
        "withinFirstN": -1,
        "maxReadUncompressedBytes": -1
      },
      "autoRefreshSample": false,
      "_refreshTrigger": 0
    },
    "vizSampling": {
      "autoRefreshSample": false,
      "_refreshTrigger": 0
    },
    "exploreUIParams": {
      "autoRefresh": true
    },
    "globalSearchQuery": "",
    "explorationFilters": [],
    "previewMode": "ALL_ROWS"
  },
  "charts": [],
  "name": "Analyze test_joined_prepared_scored",
  "versionTag": {
    "versionNumber": 1,
    "lastModifiedBy": {
      "login": "admin"
    },
    "lastModifiedOn": 1525455705532
  },
  "creationTag": {
    "versionNumber": 0,
    "lastModifiedBy": {
      "login": "admin"
    },
    "lastModifiedOn": 1525455550205
  },
  "tags": [],
  "checklists": {
    "checklists": []
  }
}