{
    "trainingTime": 2868, 
    "state": "DONE", 
    "startTime": 1493415051217, 
    "preprocessingTime": 187, 
    "progress": {
        "top_level_todo": [], 
        "stack": [], 
        "top_level_done": [
            {
                "name": "Loading train set", 
                "time": 25
            }, 
            {
                "name": "Loading test set", 
                "time": 19
            }, 
            {
                "name": "Collecting statistics", 
                "time": 5
            }, 
            {
                "name": "Preprocessing train set", 
                "time": 44
            }, 
            {
                "name": "Preprocessing test set", 
                "time": 23
            }, 
            {
                "name": "Fitting model", 
                "time": 2238
            }, 
            {
                "name": "Saving model", 
                "time": 66
            }, 
            {
                "name": "Scoring model", 
                "time": 562
            }
        ]
    }, 
    "endTime": 1493415054272, 
    "modelId": "NA"
}