{
    "trainingTime": 7203, 
    "state": "DONE", 
    "startTime": 1493405275827, 
    "preprocessingTime": 103, 
    "progress": {
        "top_level_todo": [], 
        "stack": [], 
        "top_level_done": [
            {
                "name": "Loading train set", 
                "time": 20
            }, 
            {
                "name": "Loading test set", 
                "time": 3
            }, 
            {
                "name": "Collecting statistics", 
                "time": 25
            }, 
            {
                "name": "Preprocessing train set", 
                "time": 37
            }, 
            {
                "name": "Preprocessing test set", 
                "time": 10
            }, 
            {
                "name": "Fitting model", 
                "time": 5930
            }, 
            {
                "name": "Saving model", 
                "time": 43
            }, 
            {
                "name": "Scoring model", 
                "time": 1229
            }
        ]
    }, 
    "endTime": 1493405283133, 
    "modelId": "NA"
}