{
  "state": "DONE",
  "preSearchDescription": {
    "gridLength": 1,
    "importantParams": [
      {
        "name": "trees",
        "vals": [
          "100"
        ]
      },
      {
        "name": "depth",
        "vals": [
          "8"
        ]
      },
      {
        "name": "min_samples",
        "vals": [
          "3"
        ]
      }
    ]
  },
  "postSearchDescription": {
    "importantParams": [
      {
        "name": "trees",
        "val": "100"
      },
      {
        "name": "depth",
        "val": "8"
      },
      {
        "name": "min_samples",
        "val": "3"
      }
    ]
  },
  "modelId": "m1",
  "progress": {
    "top_level_todo": [],
    "stack": [],
    "top_level_done": [
      {
        "name": "Loading train set",
        "time": 300
      },
      {
        "name": "Loading test set",
        "time": 90
      },
      {
        "name": "Collecting statistics",
        "time": 141
      },
      {
        "name": "Preprocessing train set",
        "time": 494
      },
      {
        "name": "Preprocessing test set",
        "time": 144
      },
      {
        "name": "Fitting model",
        "time": 22364
      },
      {
        "name": "Saving model",
        "time": 8
      },
      {
        "name": "Scoring model",
        "time": 3935
      }
    ]
  },
  "startTime": 1493379880834,
  "endTime": 1493379908348,
  "preprocessingTime": 1195,
  "trainingTime": 26319
}