{
    "trainingTime": 118, 
    "state": "DONE", 
    "startTime": 1493415054489, 
    "preprocessingTime": 39, 
    "progress": {
        "top_level_todo": [], 
        "stack": [], 
        "top_level_done": [
            {
                "name": "Loading train set", 
                "time": 4
            }, 
            {
                "name": "Loading test set", 
                "time": 3
            }, 
            {
                "name": "Collecting statistics", 
                "time": 3
            }, 
            {
                "name": "Preprocessing train set", 
                "time": 16
            }, 
            {
                "name": "Preprocessing test set", 
                "time": 11
            }, 
            {
                "name": "Fitting model", 
                "time": 20
            }, 
            {
                "name": "Saving model", 
                "time": 2
            }, 
            {
                "name": "Scoring model", 
                "time": 96
            }
        ]
    }, 
    "endTime": 1493415054646, 
    "modelId": "NA"
}