{
  "inputDatasetSmartName": "testupdated_scored",
  "script": {
    "steps": [
      {
        "type": "ColumnsSelector",
        "params": {
          "keep": true,
          "appliesTo": "COLUMNS",
          "columns": [
            "id",
            "proba_0",
            "proba_1",
            "proba_2"
          ]
        },
        "metaType": "PROCESSOR",
        "preview": false,
        "disabled": false,
        "alwaysShowComment": false
      },
      {
        "type": "ColumnRenamer",
        "params": {
          "renamings": [
            {
              "from": "proba_0",
              "to": "predict_0"
            },
            {
              "from": "proba_2",
              "to": "predict_2"
            },
            {
              "from": "proba_1",
              "to": "predict_1"
            }
          ]
        },
        "metaType": "PROCESSOR",
        "preview": false,
        "disabled": false,
        "alwaysShowComment": false
      }
    ],
    "maxProcessedMemTableBytes": -1,
    "columnsSelection": {
      "mode": "ALL"
    },
    "coloring": {
      "scheme": "MEANING_AND_STATUS",
      "individualColumns": [],
      "valueColoringMode": "HASH"
    },
    "sorting": [],
    "analysisColumnData": {},
    "explorationSampling": {
      "selection": {
        "maxStoredBytes": 104857600,
        "filter": {
          "distinct": false,
          "enabled": false
        },
        "partitionSelectionMethod": "ALL",
        "latestPartitionsN": 1,
        "ordering": {
          "enabled": false,
          "rules": []
        },
        "samplingMethod": "HEAD_SEQUENTIAL",
        "maxRecords": 10000,
        "targetRatio": 0.02,
        "withinFirstN": -1,
        "maxReadUncompressedBytes": -1
      },
      "autoRefreshSample": false,
      "_refreshTrigger": 0
    },
    "vizSampling": {
      "autoRefreshSample": false,
      "_refreshTrigger": 0
    },
    "exploreUIParams": {
      "autoRefresh": true
    },
    "globalSearchQuery": "",
    "explorationFilters": [],
    "previewMode": "ALL_ROWS"
  },
  "charts": [],
  "name": "Analyze testupdated_scored",
  "versionTag": {
    "versionNumber": 1,
    "lastModifiedBy": {
      "login": "admin"
    },
    "lastModifiedOn": 1525436897246
  },
  "creationTag": {
    "versionNumber": 0,
    "lastModifiedBy": {
      "login": "admin"
    },
    "lastModifiedOn": 1525436672031
  },
  "tags": [],
  "checklists": {
    "checklists": []
  }
}