{
    "usedGridSearch": true, 
    "probaAware": true, 
    "gridSize": 5, 
    "modelInputNRows": 1303, 
    "modelInputNCols": 16, 
    "modelInputMemory": 166784, 
    "gridCells": [
        {
            "score": 0.7299236543270762, 
            "params": {
                "penalty": "l2", 
                "C": 0.01
            }
        }, 
        {
            "score": 0.7346788927588407, 
            "params": {
                "penalty": "l2", 
                "C": 0.1
            }
        }, 
        {
            "score": 0.7381730430559765, 
            "params": {
                "penalty": "l2", 
                "C": 1.0
            }
        }, 
        {
            "score": 0.7373384293395168, 
            "params": {
                "penalty": "l2", 
                "C": 10.0
            }
        }, 
        {
            "score": 0.7368046723513888, 
            "params": {
                "penalty": "l2", 
                "C": 100.0
            }
        }
    ], 
    "lmCoefficients": {
        "variables": [
            "Distance", 
            "R044_sum", 
            "R119_sum", 
            "R193_sum", 
            "R364_sum", 
            "R417_sum", 
            "R446_sum", 
            "R565_sum", 
            "R575_sum", 
            "R606_sum", 
            "R707_sum", 
            "R783_sum", 
            "Time_min", 
            "Use_min", 
            "count", 
            "measures_count"
        ], 
        "tstat": [
            0.04349405785510034, 
            -0.17850585064961802, 
            -0.10460490041575995, 
            0.29811006265178919, 
            0.12275337293305347, 
            -0.33081319110648699, 
            -0.9847642992709511, 
            -0.15781723774100526, 
            -0.28022644846572903, 
            -0.14551128715456202, 
            0.048870480831492605, 
            -0.16899762009028946, 
            -0.10184857297285455, 
            0.32222795032543883, 
            0.26348734044588523, 
            0.26288928387311794
        ], 
        "interceptCoef": -1.4095860597123744, 
        "pvalue": [
            0.48265722662850963, 
            0.42917692135734165, 
            0.45835281887878265, 
            0.38283365873581365, 
            0.451160789064182, 
            0.37041974356243557, 
            0.16246254724595022, 
            0.43731279542544643, 
            0.38967442287753062, 
            0.44216500393871749, 
            0.48051505110543113, 
            0.4329125451402297, 
            0.4594463739352237, 
            0.37366619254662681, 
            0.39610859557096989, 
            0.39633901295153728
        ], 
        "coefs": [
            0.042242317638678882, 
            -0.17336852929714719, 
            -0.10159441652112411, 
            0.28953058368975837, 
            0.11922058383083498, 
            -0.32129253021965593, 
            -0.95642320768551825, 
            -0.15327532574044933, 
            -0.27216165220279737, 
            -0.14132353510159174, 
            0.047464009481856112, 
            -0.1641339415103063, 
            -0.098917414992608421, 
            0.31295436896356282, 
            0.2559042884884698, 
            0.25532344372579319
        ]
    }, 
    "gridBestScore": 0.7381730430559765, 
    "modelInputIsSparse": false
}