{
  "state": "DONE",
  "preSearchDescription": {
    "gridLength": 5,
    "importantParams": [
      {
        "name": "penalty",
        "vals": [
          "l2"
        ]
      },
      {
        "name": "C",
        "vals": [
          "0.01",
          "0.1",
          "1.0",
          "10.0",
          "100.0"
        ]
      }
    ]
  },
  "postSearchDescription": {
    "importantParams": [
      {
        "name": "C",
        "val": "1.0"
      },
      {
        "name": "penalty",
        "val": "l2"
      }
    ]
  },
  "modelId": "m1",
  "progress": {
    "top_level_todo": [],
    "stack": [],
    "top_level_done": [
      {
        "name": "Loading train set",
        "time": 69
      },
      {
        "name": "Loading test set",
        "time": 28
      },
      {
        "name": "Collecting statistics",
        "time": 78
      },
      {
        "name": "Preprocessing train set",
        "time": 112
      },
      {
        "name": "Preprocessing test set",
        "time": 75
      },
      {
        "name": "Fitting model",
        "time": 481
      },
      {
        "name": "Saving model",
        "time": 3
      },
      {
        "name": "Scoring model",
        "time": 484
      }
    ]
  },
  "startTime": 1493323526656,
  "endTime": 1493323527989,
  "preprocessingTime": 364,
  "trainingTime": 969
}