{
    "gridSize": 2, 
    "nThreads": 4, 
    "metric": "ROC_AUC", 
    "gridPoints": [
        {
            "index": 0, 
            "finishedAt": 1525434615991.0, 
            "score": 0.80804844931355946, 
            "parameters": {
                "max_features": "auto", 
                "min_samples_split": 3, 
                "n_estimators": 100, 
                "max_depth": 6, 
                "min_samples_leaf": 1
            }, 
            "time": 14089.0
        }, 
        {
            "index": 1, 
            "finishedAt": 1525434620290.0, 
            "score": 0.86067987012228653, 
            "parameters": {
                "max_features": "auto", 
                "min_samples_split": 3, 
                "n_estimators": 100, 
                "max_depth": 25, 
                "min_samples_leaf": 1
            }, 
            "time": 14098.0
        }
    ], 
    "startedAt": 1525434610300, 
    "nSplits": 3
}