[
    {
        "parameters": {
            "max_features": "auto", 
            "min_samples_split": 3, 
            "n_estimators": 100, 
            "max_depth": 6, 
            "min_samples_leaf": 1
        }, 
        "score_time": 603, 
        "test_score": 0.8019299647172146, 
        "fit_time": 4133, 
        "num_samples": 1974, 
        "best_iteration": null, 
        "train_score": 0.8425756727132765, 
        "parameter_id": 0, 
        "time": 4736, 
        "done_at": 1525434615991, 
        "grid_point_id": "{\"max_features\": \"auto\", \"min_samples_split\": 3, \"n_estimators\": 100, \"max_depth\": 6, \"min_samples_leaf\": 1}@0"
    }, 
    {
        "parameters": {
            "max_features": "auto", 
            "min_samples_split": 3, 
            "n_estimators": 100, 
            "max_depth": 6, 
            "min_samples_leaf": 1
        }, 
        "score_time": 587, 
        "test_score": 0.8053600133363434, 
        "fit_time": 4092, 
        "num_samples": 1972, 
        "best_iteration": null, 
        "train_score": 0.8287562543972627, 
        "parameter_id": 0, 
        "time": 4679, 
        "done_at": 1525434615802, 
        "grid_point_id": "{\"max_features\": \"auto\", \"min_samples_split\": 3, \"n_estimators\": 100, \"max_depth\": 6, \"min_samples_leaf\": 1}@2"
    }, 
    {
        "parameters": {
            "max_features": "auto", 
            "min_samples_split": 3, 
            "n_estimators": 100, 
            "max_depth": 6, 
            "min_samples_leaf": 1
        }, 
        "score_time": 609, 
        "test_score": 0.8168571083810987, 
        "fit_time": 4065, 
        "num_samples": 1973, 
        "best_iteration": null, 
        "train_score": 0.8300952930768617, 
        "parameter_id": 0, 
        "time": 4674, 
        "done_at": 1525434615778, 
        "grid_point_id": "{\"max_features\": \"auto\", \"min_samples_split\": 3, \"n_estimators\": 100, \"max_depth\": 6, \"min_samples_leaf\": 1}@1"
    }, 
    {
        "parameters": {
            "max_features": "auto", 
            "min_samples_split": 3, 
            "n_estimators": 100, 
            "max_depth": 25, 
            "min_samples_leaf": 1
        }, 
        "score_time": 629, 
        "test_score": 0.8426062660124929, 
        "fit_time": 5763, 
        "num_samples": 1974, 
        "best_iteration": null, 
        "train_score": 0.9796838452095558, 
        "parameter_id": 1, 
        "time": 6392, 
        "done_at": 1525434617428, 
        "grid_point_id": "{\"max_features\": \"auto\", \"min_samples_split\": 3, \"n_estimators\": 100, \"max_depth\": 25, \"min_samples_leaf\": 1}@0"
    }, 
    {
        "parameters": {
            "max_features": "auto", 
            "min_samples_split": 3, 
            "n_estimators": 100, 
            "max_depth": 25, 
            "min_samples_leaf": 1
        }, 
        "score_time": 400, 
        "test_score": 0.8723501166338843, 
        "fit_time": 3633, 
        "num_samples": 1973, 
        "best_iteration": null, 
        "train_score": 0.9780640561758039, 
        "parameter_id": 1, 
        "time": 4033, 
        "done_at": 1525434620290, 
        "grid_point_id": "{\"max_features\": \"auto\", \"min_samples_split\": 3, \"n_estimators\": 100, \"max_depth\": 25, \"min_samples_leaf\": 1}@1"
    }, 
    {
        "parameters": {
            "max_features": "auto", 
            "min_samples_split": 3, 
            "n_estimators": 100, 
            "max_depth": 25, 
            "min_samples_leaf": 1
        }, 
        "score_time": 270, 
        "test_score": 0.8670983031642844, 
        "fit_time": 3403, 
        "num_samples": 1972, 
        "best_iteration": null, 
        "train_score": 0.9759971127314133, 
        "parameter_id": 1, 
        "time": 3673, 
        "done_at": 1525434620030, 
        "grid_point_id": "{\"max_features\": \"auto\", \"min_samples_split\": 3, \"n_estimators\": 100, \"max_depth\": 25, \"min_samples_leaf\": 1}@2"
    }
]