{
  "state": "DONE",
  "preSearchDescription": {
    "gridLength": 2,
    "importantParams": [
      {
        "name": "trees",
        "vals": [
          "100"
        ]
      },
      {
        "name": "depth",
        "vals": [
          "6",
          "25"
        ]
      },
      {
        "name": "min_samples",
        "vals": [
          "1"
        ]
      }
    ]
  },
  "postSearchDescription": {
    "importantParams": [
      {
        "name": "trees",
        "val": "100"
      },
      {
        "name": "depth",
        "val": "25"
      },
      {
        "name": "min_samples",
        "val": "1"
      }
    ]
  },
  "modelId": "m1",
  "progress": {
    "top_level_todo": [],
    "stack": [],
    "top_level_done": [
      {
        "name": "Loading train set",
        "time": 404
      },
      {
        "name": "Loading test set",
        "time": 131
      },
      {
        "name": "Collecting statistics",
        "time": 341
      },
      {
        "name": "Preprocessing train set",
        "time": 658
      },
      {
        "name": "Preprocessing test set",
        "time": 470
      },
      {
        "name": "Grid searching",
        "time": 10129
      },
      {
        "name": "Fitting model",
        "time": 2307
      },
      {
        "name": "Saving model",
        "time": 94
      },
      {
        "name": "Scoring model",
        "time": 3167
      }
    ]
  },
  "startTime": 1525434608260,
  "endTime": 1525434625978,
  "preprocessingTime": 2019,
  "trainingTime": 15699
}