{
  "type": "join",
  "neverRecomputeExistingPartitions": false,
  "optionalDependencies": false,
  "customMeta": {
    "kv": {}
  },
  "redispatchPartitioning": false,
  "maxRunningActivities": 0,
  "inputs": {
    "main": {
      "items": [
        {
          "ref": "test_prepared",
          "deps": []
        },
        {
          "ref": "event_type_prepared_by_id",
          "deps": []
        },
        {
          "ref": "log_feature_prepared_by_id",
          "deps": []
        },
        {
          "ref": "resource_type_prepared_by_id",
          "deps": []
        },
        {
          "ref": "severity_type_prepared",
          "deps": []
        }
      ]
    }
  },
  "outputs": {
    "main": {
      "items": [
        {
          "ref": "test_joined",
          "appendMode": false
        }
      ]
    }
  },
  "versionTag": {
    "versionNumber": 1,
    "lastModifiedBy": {
      "login": "admin"
    },
    "lastModifiedOn": 1525435447147
  },
  "creationTag": {
    "versionNumber": 0,
    "lastModifiedBy": {
      "login": "admin"
    },
    "lastModifiedOn": 1525435444424
  },
  "tags": [],
  "checklists": {
    "checklists": []
  }
}