{
    "usedGridSearch": true, 
    "probaAware": true, 
    "gridSize": 3, 
    "modelInputNRows": 5919, 
    "modelInputNCols": 170, 
    "modelInputMemory": 8049840, 
    "gridCells": [
        {
            "score": 0.5, 
            "params": {
                "penalty": "l1", 
                "alpha": 0.1, 
                "loss": "log"
            }
        }, 
        {
            "score": 0.57883221476533608, 
            "params": {
                "penalty": "l1", 
                "alpha": 0.01, 
                "loss": "log"
            }
        }, 
        {
            "score": 0.71324753463379009, 
            "params": {
                "penalty": "l1", 
                "alpha": 0.001, 
                "loss": "log"
            }
        }
    ], 
    "gridBestScore": 0.71324753463379009, 
    "modelInputIsSparse": false
}