{
    "per_feature": {
        "volume_sum": {
            "stats": {
                "std": 80.94024636921446, 
                "p99": 422.6399999999994, 
                "min": 1.0, 
                "max": 1649.0, 
                "average": 31.93681365095455, 
                "median": 8.0
            }, 
            "missing_impute_with_value": 31.93681365095455
        }, 
        "severity_type": {
            "stats": {
                "mostFrequentValue": "severity_type 2", 
                "leastFrequentValue": "severity_type 3"
            }, 
            "category_possible_counts": [
                2911, 
                2677, 
                308, 
                20, 
                3
            ], 
            "category_possible_values": [
                "severity_type 2", 
                "severity_type 1", 
                "severity_type 4", 
                "severity_type 5", 
                "severity_type 3"
            ]
        }, 
        "log_feature_distinct": {
            "stats": {
                "std": 2.2416698848831915, 
                "p99": 12.0, 
                "min": 1.0, 
                "max": 19.0, 
                "average": 3.225713803007265, 
                "median": 2.0
            }, 
            "missing_impute_with_value": 3.225713803007265
        }, 
        "fault_severity": {
            "stats": {}
        }, 
        "location": {
            "stats": {
                "mostFrequentValue": "location 821", 
                "leastFrequentValue": "location 339"
            }, 
            "category_possible_counts": [
                66, 
                63, 
                60, 
                57, 
                56, 
                55, 
                55, 
                53, 
                48, 
                48, 
                48, 
                47, 
                45, 
                45, 
                45, 
                44, 
                43, 
                42, 
                42, 
                38, 
                38, 
                37, 
                37, 
                36, 
                36, 
                35, 
                33, 
                33, 
                33, 
                33, 
                32, 
                32, 
                30, 
                30, 
                30, 
                29, 
                29, 
                28, 
                27, 
                27, 
                27, 
                25, 
                24, 
                24, 
                24, 
                24, 
                24, 
                23, 
                23, 
                22, 
                22, 
                22, 
                22, 
                22, 
                21, 
                21, 
                21, 
                21, 
                21, 
                21, 
                21, 
                21, 
                21, 
                20, 
                20, 
                20, 
                19, 
                19, 
                19, 
                19, 
                19, 
                19, 
                19, 
                19, 
                19, 
                19, 
                19, 
                19, 
                19, 
                18, 
                18, 
                18, 
                18, 
                18, 
                18, 
                18, 
                17, 
                17, 
                17, 
                17, 
                17, 
                17, 
                17, 
                17, 
                17, 
                16, 
                16, 
                16, 
                16, 
                16, 
                16
            ], 
            "category_possible_values": [
                "location 821", 
                "location 734", 
                "location 126", 
                "location 1008", 
                "location 1107", 
                "location 810", 
                "location 600", 
                "location 124", 
                "location 704", 
                "location 793", 
                "location 242", 
                "location 1052", 
                "location 1019", 
                "location 653", 
                "location 684", 
                "location 834", 
                "location 122", 
                "location 798", 
                "location 763", 
                "location 471", 
                "location 1100", 
                "location 846", 
                "location 91", 
                "location 102", 
                "location 976", 
                "location 962", 
                "location 613", 
                "location 707", 
                "location 1042", 
                "location 476", 
                "location 244", 
                "location 466", 
                "location 149", 
                "location 794", 
                "location 931", 
                "location 477", 
                "location 995", 
                "location 1086", 
                "location 845", 
                "location 957", 
                "location 744", 
                "location 497", 
                "location 478", 
                "location 496", 
                "location 118", 
                "location 1061", 
                "location 808", 
                "location 95", 
                "location 135", 
                "location 891", 
                "location 484", 
                "location 155", 
                "location 638", 
                "location 895", 
                "location 892", 
                "location 9", 
                "location 373", 
                "location 380", 
                "location 465", 
                "location 1026", 
                "location 157", 
                "location 760", 
                "location 475", 
                "location 505", 
                "location 181", 
                "location 445", 
                "location 599", 
                "location 1", 
                "location 894", 
                "location 485", 
                "location 488", 
                "location 495", 
                "location 469", 
                "location 921", 
                "location 1099", 
                "location 1018", 
                "location 292", 
                "location 823", 
                "location 885", 
                "location 1007", 
                "location 468", 
                "location 814", 
                "location 619", 
                "location 899", 
                "location 756", 
                "location 7", 
                "location 839", 
                "location 984", 
                "location 504", 
                "location 878", 
                "location 691", 
                "location 803", 
                "location 1050", 
                "location 836", 
                "location 500", 
                "location 481", 
                "location 479", 
                "location 506", 
                "location 1024", 
                "location 644", 
                "location 1075"
            ]
        }, 
        "resource_type_distinct": {
            "stats": {
                "std": 0.4970308158495022, 
                "p99": 3.0, 
                "min": 1.0, 
                "max": 5.0, 
                "average": 1.2018038331454342, 
                "median": 1.0
            }, 
            "missing_impute_with_value": 1.2018038331454342
        }, 
        "id": {
            "stats": {}
        }, 
        "event_type_distinct": {
            "stats": {
                "std": 0.5883733015646935, 
                "p99": 3.0, 
                "min": 1.0, 
                "max": 6.0, 
                "average": 1.6375690607734807, 
                "median": 2.0
            }, 
            "missing_impute_with_value": 1.6375690607734807
        }
    }, 
    "feature_order": [
        "volume_sum", 
        "severity_type", 
        "log_feature_distinct", 
        "fault_severity", 
        "location", 
        "resource_type_distinct", 
        "id", 
        "event_type_distinct"
    ]
}