{
  "state": "DONE",
  "preSearchDescription": {
    "gridLength": 1,
    "importantParams": []
  },
  "postSearchDescription": {
    "importantParams": [
      {
        "name": "layer_sizes",
        "val": "[10]"
      },
      {
        "name": "activation",
        "val": "relu"
      },
      {
        "name": "alpha",
        "val": "0.001"
      },
      {
        "name": "solver",
        "val": "adam"
      }
    ]
  },
  "modelId": "m1",
  "progress": {
    "top_level_todo": [],
    "stack": [],
    "top_level_done": [
      {
        "name": "Loading train set",
        "time": 324
      },
      {
        "name": "Loading test set",
        "time": 73
      },
      {
        "name": "Collecting statistics",
        "time": 385
      },
      {
        "name": "Preprocessing train set",
        "time": 550
      },
      {
        "name": "Preprocessing test set",
        "time": 497
      },
      {
        "name": "Fitting model",
        "time": 4927
      },
      {
        "name": "Saving model",
        "time": 4
      },
      {
        "name": "Scoring model",
        "time": 217
      }
    ]
  },
  "startTime": 1525434679602,
  "endTime": 1525434686591,
  "preprocessingTime": 1841,
  "trainingTime": 5148
}