{
    "rawImportance": {
        "variables": [
            "event_type 11_sum", 
            "event_type 14_sum", 
            "event_type 15_sum", 
            "feature 179_sum", 
            "feature 203_sum", 
            "feature 209_sum", 
            "feature 227_sum", 
            "feature 273_sum", 
            "feature 306_sum", 
            "feature 54_sum", 
            "resource_type 2_sum", 
            "resource_type 4_sum", 
            "severity_type 1", 
            "severity_type 2", 
            "dummy:location:location 600", 
            "dummy:location:location 962", 
            "dummy:location:location 272", 
            "dummy:location:__Others__"
        ], 
        "importances": [
            0.0012043878169625082, 
            0.0062535521265361079, 
            0.0086085807855736489, 
            0.0026828510666312374, 
            0.42028382562840871, 
            0.022253487537554375, 
            0.013188281903076558, 
            0.063432910226731476, 
            0.031218601142866634, 
            0.081293648032126589, 
            0.011349039044454418, 
            0.012940715974048143, 
            0.17544396455179251, 
            0.010499442502569824, 
            0.010745065041403002, 
            0.010268733053031267, 
            0.020597760753961414, 
            0.097735152812271617
        ]
    }, 
    "probaAware": true, 
    "modelInputNRows": 1195, 
    "modelInputNCols": 326, 
    "modelInputMemory": 3116560, 
    "modelInputIsSparse": false
}