{
  "state": "DONE",
  "preSearchDescription": {
    "gridLength": 1,
    "importantParams": [
      {
        "name": "max_depth",
        "vals": [
          "5"
        ]
      },
      {
        "name": "min_samples",
        "vals": [
          "1"
        ]
      },
      {
        "name": "criterion",
        "vals": [
          "gini"
        ]
      }
    ]
  },
  "postSearchDescription": {
    "importantParams": [
      {
        "name": "criterion",
        "val": "gini"
      },
      {
        "name": "max_depth",
        "val": "5"
      },
      {
        "name": "min_samples",
        "val": "1"
      }
    ]
  },
  "modelId": "m1",
  "progress": {
    "top_level_todo": [],
    "stack": [],
    "top_level_done": [
      {
        "name": "Loading train set",
        "time": 108
      },
      {
        "name": "Loading test set",
        "time": 60
      },
      {
        "name": "Collecting statistics",
        "time": 332
      },
      {
        "name": "Preprocessing train set",
        "time": 825
      },
      {
        "name": "Preprocessing test set",
        "time": 580
      },
      {
        "name": "Fitting model",
        "time": 22
      },
      {
        "name": "Saving model",
        "time": 3
      },
      {
        "name": "Scoring model",
        "time": 94
      }
    ]
  },
  "startTime": 1525435572906,
  "endTime": 1525435574949,
  "preprocessingTime": 1924,
  "trainingTime": 119
}