{
    "resolved": {
        "rf_max_features": 0, 
        "xgboost_alpha": 0.0, 
        "gbt_max_feature_prop": 0.0, 
        "family": "gaussian", 
        "dtc_max_depth": 0, 
        "xgboost_max_depth": 0, 
        "rf_min_samples_leaf": 0, 
        "gbt_min_samples_leaf": 0, 
        "gbt_n_estimators": 0, 
        "rate": 0.0, 
        "n_jobs": 0, 
        "lars_K": 0, 
        "xgboost_silent": false, 
        "vertica_reg_epsilon": 0.0, 
        "n_folds": 0, 
        "mllib_grids": {
            "mllib_gbt": {
                "cache_node_ids": false, 
                "subset_strategy": "auto", 
                "subsampling_rate": 1.0, 
                "max_memory_mb": 256, 
                "impurity": "gini", 
                "max_bins": 32, 
                "enabled": false, 
                "max_depth": [
                    5
                ], 
                "min_instance_per_node": 1, 
                "min_info_gain": 0.0, 
                "step_size": [
                    0.1
                ], 
                "num_trees": [
                    20
                ], 
                "seed": 1337, 
                "checkpoint_interval": 10
            }, 
            "mllib_logit": {
                "max_iter": 30, 
                "enabled": false, 
                "reg_param": [
                    0.1
                ], 
                "enet_param": [
                    0.0
                ]
            }, 
            "mllib_dt": {
                "cache_node_ids": false, 
                "max_bins": 32, 
                "enabled": false, 
                "max_depth": [
                    5
                ], 
                "min_instance_per_node": 1, 
                "min_info_gain": 0.0, 
                "max_memory_mb": 256, 
                "checkpoint_interval": 10
            }, 
            "mllib_naive_bayes": {
                "enabled": false, 
                "lambda": [
                    1.0
                ]
            }, 
            "mllib_linreg": {
                "max_iter": 30, 
                "enabled": false, 
                "reg_param": [
                    0.1
                ], 
                "enet_param": [
                    0.0
                ]
            }, 
            "mllib_rf": {
                "cache_node_ids": false, 
                "subset_strategy": "auto", 
                "subsampling_rate": 1.0, 
                "max_memory_mb": 256, 
                "impurity": "gini", 
                "max_bins": 32, 
                "enabled": false, 
                "max_depth": [
                    5
                ], 
                "min_instance_per_node": 1, 
                "min_info_gain": 0.0, 
                "step_size": [
                    0.1
                ], 
                "num_trees": [
                    20
                ], 
                "seed": 1337, 
                "checkpoint_interval": 10
            }
        }, 
        "lars_max_features": 0, 
        "learn_rate": 0.1, 
        "grid_search": false, 
        "mtries": -1, 
        "knn_leaf_size": 0, 
        "gbt_learning_rate": 0.0, 
        "rf_njobs": 0, 
        "xgboost_seed": 0, 
        "rf_max_tree_depth": 0, 
        "xgboost_gamma": 0.0, 
        "computeLearningCurves": false, 
        "xgboost_min_child_weight": 0.0, 
        "rf_estimators": 0, 
        "tol": 0.0, 
        "xgboost_base_score": 0.0, 
        "beta_epsilon": 0.0001, 
        "l2": 0.0, 
        "xgboost_n_estimators": 0, 
        "coef0": 0.0, 
        "max_depth": 5, 
        "xgboost_missing": 0.0, 
        "knn_k": 0, 
        "C": 0.01, 
        "ntrees": 50, 
        "standardize": 1, 
        "tweedie_variance_power": 0.0, 
        "adaptive_rate": 1, 
        "alpha": 0.0, 
        "gbt_max_features": 0, 
        "xgboost_nthread": 0, 
        "max_iter": 0, 
        "min_rows": 10, 
        "gbt_max_depth": 0, 
        "epsilon": 1e-06, 
        "xgboost_colsample_bytree": 0.0, 
        "metrics": {
            "customEvaluationMetricNeedsProba": false, 
            "evaluationMetric": "ROC_AUC", 
            "customEvaluationMetricGIB": true, 
            "liftPoint": 0.4, 
            "costMatrixWeights": {
                "tpGain": 1.0, 
                "fnGain": 0.0, 
                "tnGain": 0.0, 
                "fpGain": -0.3
            }
        }, 
        "xgboost_max_delta_step": 0.0, 
        "gridLength": 5, 
        "rho": 0.95, 
        "knn_p": 0, 
        "xgboost_subsample": 0.0, 
        "dtc_min_samples_leaf": 0, 
        "xgboost_scale_pos_weight": 0.0, 
        "xgboost_enable_early_stopping": false, 
        "xgboost_impute_missing": false, 
        "xgboost_early_stopping_rounds": 0, 
        "nbins": 20, 
        "logit_multi_class": "ovr", 
        "knn_distance_weighting": false, 
        "xgboost_colsample_bylevel": 0.0, 
        "algorithm": "LOGISTIC_REGRESSION", 
        "l1_ratio": 0.0, 
        "grid_search_params": {
            "nIter": 0, 
            "splitRatio": 0.8, 
            "randomized": true, 
            "shuffleIterations": 1, 
            "mode": "KFOLD", 
            "timeout": 0, 
            "nJobs": -1, 
            "nFolds": 3, 
            "stratified": true
        }, 
        "autoOptimizeThreshold": true, 
        "xgboost_learning_rate": 0.0, 
        "vertica_reg_iterations": 0, 
        "rf_max_feature_prop": 0.0, 
        "input_dropout_ratio": 0.0, 
        "sample_rate": 0.6666, 
        "max_ensemble_nodes_serialized": 0, 
        "l1": 0.0, 
        "forcedClassifierThreshold": 0.0, 
        "xgboost_lambda": 0.0, 
        "lambda": 1e-05, 
        "logit_penalty": "l2", 
        "gamma": 0.0, 
        "rate_annealing": 0.0
    }, 
    "other": {}
}