{
    "gridSize": 5, 
    "nThreads": 4, 
    "metric": "ROC_AUC", 
    "gridPoints": [
        {
            "index": 0, 
            "finishedAt": 1525435565734.0, 
            "score": 0.7762391129603281, 
            "parameters": {
                "penalty": "l2", 
                "C": 0.01
            }, 
            "time": 754.0
        }, 
        {
            "index": 1, 
            "finishedAt": 1525435566119.0, 
            "score": 0.77306717741760478, 
            "parameters": {
                "penalty": "l2", 
                "C": 0.1
            }, 
            "time": 1010.0
        }, 
        {
            "index": 2, 
            "finishedAt": 1525435566984.0, 
            "score": 0.76692614853000884, 
            "parameters": {
                "penalty": "l2", 
                "C": 1.0
            }, 
            "time": 2834.0
        }, 
        {
            "index": 3, 
            "finishedAt": 1525435569123.0, 
            "score": 0.75806890679218919, 
            "parameters": {
                "penalty": "l2", 
                "C": 10.0
            }, 
            "time": 6996.0
        }, 
        {
            "index": 4, 
            "finishedAt": 1525435571165.0, 
            "score": 0.7493423143815966, 
            "parameters": {
                "penalty": "l2", 
                "C": 100.0
            }, 
            "time": 7383.0
        }
    ], 
    "startedAt": 1525435565340, 
    "nSplits": 3
}