[
    {
        "parameters": {
            "penalty": "l2", 
            "C": 0.01
        }, 
        "score_time": 55, 
        "test_score": 0.7778568658255629, 
        "fit_time": 154, 
        "num_samples": 398, 
        "best_iteration": null, 
        "train_score": 0.8621982577782523, 
        "parameter_id": 0, 
        "time": 209, 
        "done_at": 1525435565650, 
        "grid_point_id": "{\"penalty\": \"l2\", \"C\": 0.01}@2"
    }, 
    {
        "parameters": {
            "penalty": "l2", 
            "C": 0.1
        }, 
        "score_time": 37, 
        "test_score": 0.7810029615569531, 
        "fit_time": 308, 
        "num_samples": 398, 
        "best_iteration": null, 
        "train_score": 0.8895150739539925, 
        "parameter_id": 1, 
        "time": 345, 
        "done_at": 1525435566119, 
        "grid_point_id": "{\"penalty\": \"l2\", \"C\": 0.1}@2"
    }, 
    {
        "parameters": {
            "penalty": "l2", 
            "C": 0.01
        }, 
        "score_time": 36, 
        "test_score": 0.7664197353789054, 
        "fit_time": 234, 
        "num_samples": 399, 
        "best_iteration": null, 
        "train_score": 0.8588587028726089, 
        "parameter_id": 0, 
        "time": 270, 
        "done_at": 1525435565717, 
        "grid_point_id": "{\"penalty\": \"l2\", \"C\": 0.01}@0"
    }, 
    {
        "parameters": {
            "penalty": "l2", 
            "C": 0.1
        }, 
        "score_time": 16, 
        "test_score": 0.7735691318902669, 
        "fit_time": 316, 
        "num_samples": 398, 
        "best_iteration": null, 
        "train_score": 0.8959790805896157, 
        "parameter_id": 1, 
        "time": 332, 
        "done_at": 1525435566021, 
        "grid_point_id": "{\"penalty\": \"l2\", \"C\": 0.1}@1"
    }, 
    {
        "parameters": {
            "penalty": "l2", 
            "C": 0.01
        }, 
        "score_time": 52, 
        "test_score": 0.7844654094794845, 
        "fit_time": 223, 
        "num_samples": 398, 
        "best_iteration": null, 
        "train_score": 0.8721568073697521, 
        "parameter_id": 0, 
        "time": 275, 
        "done_at": 1525435565734, 
        "grid_point_id": "{\"penalty\": \"l2\", \"C\": 0.01}@1"
    }, 
    {
        "parameters": {
            "penalty": "l2", 
            "C": 0.1
        }, 
        "score_time": 43, 
        "test_score": 0.764628177613452, 
        "fit_time": 290, 
        "num_samples": 399, 
        "best_iteration": null, 
        "train_score": 0.8854314677490557, 
        "parameter_id": 1, 
        "time": 333, 
        "done_at": 1525435565769, 
        "grid_point_id": "{\"penalty\": \"l2\", \"C\": 0.1}@0"
    }, 
    {
        "parameters": {
            "penalty": "l2", 
            "C": 1.0
        }, 
        "score_time": 29, 
        "test_score": 0.7674281783217527, 
        "fit_time": 1143, 
        "num_samples": 399, 
        "best_iteration": null, 
        "train_score": 0.9111781646687627, 
        "parameter_id": 2, 
        "time": 1172, 
        "done_at": 1525435566984, 
        "grid_point_id": "{\"penalty\": \"l2\", \"C\": 1.0}@0"
    }, 
    {
        "parameters": {
            "penalty": "l2", 
            "C": 1.0
        }, 
        "score_time": 52, 
        "test_score": 0.7731442011928442, 
        "fit_time": 806, 
        "num_samples": 398, 
        "best_iteration": null, 
        "train_score": 0.912186638766213, 
        "parameter_id": 2, 
        "time": 858, 
        "done_at": 1525435566951, 
        "grid_point_id": "{\"penalty\": \"l2\", \"C\": 1.0}@2"
    }, 
    {
        "parameters": {
            "penalty": "l2", 
            "C": 1.0
        }, 
        "score_time": 22, 
        "test_score": 0.7601904428275331, 
        "fit_time": 782, 
        "num_samples": 398, 
        "best_iteration": null, 
        "train_score": 0.9219766663553438, 
        "parameter_id": 2, 
        "time": 804, 
        "done_at": 1525435566616, 
        "grid_point_id": "{\"penalty\": \"l2\", \"C\": 1.0}@1"
    }, 
    {
        "parameters": {
            "penalty": "l2", 
            "C": 10.0
        }, 
        "score_time": 38, 
        "test_score": 0.7596882113828404, 
        "fit_time": 2062, 
        "num_samples": 398, 
        "best_iteration": null, 
        "train_score": 0.9288288999482611, 
        "parameter_id": 3, 
        "time": 2100, 
        "done_at": 1525435569117, 
        "grid_point_id": "{\"penalty\": \"l2\", \"C\": 10.0}@2"
    }, 
    {
        "parameters": {
            "penalty": "l2", 
            "C": 10.0
        }, 
        "score_time": 18, 
        "test_score": 0.7439729247802662, 
        "fit_time": 2371, 
        "num_samples": 398, 
        "best_iteration": null, 
        "train_score": 0.9423990165164163, 
        "parameter_id": 3, 
        "time": 2389, 
        "done_at": 1525435569123, 
        "grid_point_id": "{\"penalty\": \"l2\", \"C\": 10.0}@1"
    }, 
    {
        "parameters": {
            "penalty": "l2", 
            "C": 10.0
        }, 
        "score_time": 75, 
        "test_score": 0.7705810012536919, 
        "fit_time": 2432, 
        "num_samples": 399, 
        "best_iteration": null, 
        "train_score": 0.9316547081368047, 
        "parameter_id": 3, 
        "time": 2507, 
        "done_at": 1525435568728, 
        "grid_point_id": "{\"penalty\": \"l2\", \"C\": 10.0}@0"
    }, 
    {
        "parameters": {
            "penalty": "l2", 
            "C": 100.0
        }, 
        "score_time": 42, 
        "test_score": 0.7621460267879276, 
        "fit_time": 3083, 
        "num_samples": 399, 
        "best_iteration": null, 
        "train_score": 0.9362957318072169, 
        "parameter_id": 4, 
        "time": 3125, 
        "done_at": 1525435570131, 
        "grid_point_id": "{\"penalty\": \"l2\", \"C\": 100.0}@0"
    }, 
    {
        "parameters": {
            "penalty": "l2", 
            "C": 100.0
        }, 
        "score_time": 16, 
        "test_score": 0.7345797669240974, 
        "fit_time": 2391, 
        "num_samples": 398, 
        "best_iteration": null, 
        "train_score": 0.9477927768660466, 
        "parameter_id": 4, 
        "time": 2407, 
        "done_at": 1525435571165, 
        "grid_point_id": "{\"penalty\": \"l2\", \"C\": 100.0}@1"
    }, 
    {
        "parameters": {
            "penalty": "l2", 
            "C": 100.0
        }, 
        "score_time": 18, 
        "test_score": 0.7513382412605474, 
        "fit_time": 1833, 
        "num_samples": 398, 
        "best_iteration": null, 
        "train_score": 0.9330619636167408, 
        "parameter_id": 4, 
        "time": 1851, 
        "done_at": 1525435570998, 
        "grid_point_id": "{\"penalty\": \"l2\", \"C\": 100.0}@2"
    }
]