{
    "usedGridSearch": true, 
    "probaAware": true, 
    "gridSize": 5, 
    "modelInputNRows": 1195, 
    "modelInputNCols": 325, 
    "modelInputMemory": 3107000, 
    "gridCells": [
        {
            "scoreTimeStd": 0.0083399973354645364, 
            "scoreTime": 0.047666666666666663, 
            "fitTime": 0.20366666666666666, 
            "score": 0.77623911296032821, 
            "params": {
                "penalty": "l2", 
                "C": 0.01
            }, 
            "fitTimeStd": 0.035405586502069923, 
            "scoreStd": 0.0074568046822457157
        }, 
        {
            "scoreTimeStd": 0.011575836902790224, 
            "scoreTime": 0.032000000000000001, 
            "fitTime": 0.30466666666666664, 
            "score": 0.77305969544749875, 
            "params": {
                "penalty": "l2", 
                "C": 0.1
            }, 
            "fitTimeStd": 0.010873004286866737, 
            "scoreStd": 0.0066960550109050393
        }, 
        {
            "scoreTimeStd": 0.012814921857827391, 
            "scoreTime": 0.034333333333333334, 
            "fitTime": 0.91033333333333333, 
            "score": 0.7669213652472715, 
            "params": {
                "penalty": "l2", 
                "C": 1.0
            }, 
            "fitTimeStd": 0.16481167704045999, 
            "scoreStd": 0.0052983008613096665
        }, 
        {
            "scoreTimeStd": 0.023612614331233114, 
            "scoreTime": 0.043666666666666666, 
            "fitTime": 2.2883333333333336, 
            "score": 0.75809117296497031, 
            "params": {
                "penalty": "l2", 
                "C": 10.0
            }, 
            "fitTimeStd": 0.16196776085244735, 
            "scoreStd": 0.010923421649636316
        }, 
        {
            "scoreTimeStd": 0.011813363431112903, 
            "scoreTime": 0.025333333333333333, 
            "fitTime": 2.4356666666666666, 
            "score": 0.74936538238148265, 
            "params": {
                "penalty": "l2", 
                "C": 100.0
            }, 
            "fitTimeStd": 0.51128682969759975, 
            "scoreStd": 0.011342231564725306
        }
    ], 
    "gridBestScore": 0.77623911296032821, 
    "modelInputIsSparse": false
}