{
    "rawImportance": {
        "variables": [
            "count", 
            "event_type 11_sum", 
            "event_type 13_sum", 
            "event_type 34_sum", 
            "feature 111_sum", 
            "feature 141_sum", 
            "feature 170_sum", 
            "feature 193_sum", 
            "feature 203_sum", 
            "feature 207_sum", 
            "feature 68_sum", 
            "feature 73_sum", 
            "feature 81_sum", 
            "resource_type 7_sum", 
            "severity_type 1_sum", 
            "severity_type 2_sum", 
            "volume_sum", 
            "dummy:location:location 734", 
            "dummy:location:location 1107", 
            "dummy:location:location 1086", 
            "dummy:location:location 1061"
        ], 
        "importances": [
            0.026796455818329245, 
            0.0017288748054429105, 
            0.031144215536922953, 
            0.01431577854686605, 
            0.0021763494731209575, 
            0.0018761220240784506, 
            0.069800056012439965, 
            0.0050224499390777513, 
            0.39904416484726074, 
            0.004385837774730169, 
            0.0027385408393435636, 
            0.037841806595483807, 
            0.0062366206324369318, 
            0.0075438490983581758, 
            0.16725811864972576, 
            0.0023837516256864366, 
            0.21067254234516561, 
            0.0018988996610370108, 
            0.0012486318039309906, 
            0.0028616213265050513, 
            0.003025312644057409
        ]
    }, 
    "probaAware": true, 
    "modelInputNRows": 5919, 
    "modelInputNCols": 337, 
    "modelInputMemory": 15957624, 
    "modelInputIsSparse": false
}