{
  "state": "DONE",
  "preSearchDescription": {
    "gridLength": 1,
    "importantParams": [
      {
        "name": "max_depth",
        "vals": [
          "5"
        ]
      },
      {
        "name": "min_samples",
        "vals": [
          "1"
        ]
      },
      {
        "name": "criterion",
        "vals": [
          "gini"
        ]
      }
    ]
  },
  "postSearchDescription": {
    "importantParams": [
      {
        "name": "criterion",
        "val": "gini"
      },
      {
        "name": "max_depth",
        "val": "5"
      },
      {
        "name": "min_samples",
        "val": "1"
      }
    ]
  },
  "modelId": "m1",
  "progress": {
    "top_level_todo": [],
    "stack": [],
    "top_level_done": [
      {
        "name": "Loading train set",
        "time": 346
      },
      {
        "name": "Loading test set",
        "time": 84
      },
      {
        "name": "Collecting statistics",
        "time": 391
      },
      {
        "name": "Preprocessing train set",
        "time": 585
      },
      {
        "name": "Preprocessing test set",
        "time": 456
      },
      {
        "name": "Fitting model",
        "time": 162
      },
      {
        "name": "Saving model",
        "time": 3
      },
      {
        "name": "Scoring model",
        "time": 170
      }
    ]
  },
  "startTime": 1525434675750,
  "endTime": 1525434677958,
  "preprocessingTime": 1872,
  "trainingTime": 336
}